caseyear,state,st_case,statename,ve_total,ve_forms,pvh_invl,peds,pernotmvit,permvit,persons,county,countyname,city,cityname,day,dayname,month,monthname,year,day_week,day_weekname,hour,hourname,minute,minutename,nhs,nhsname,rur_urb,rur_urbname,func_sys,func_sysname,rd_owner,rd_ownername,route,routename,tway_id,tway_id2,milept,mileptname,latitude,latitudename,longitud,longitudname,sp_jur,sp_jurname,harm_ev,harm_evname,man_coll,man_collname,reljct1,reljct1name,reljct2,reljct2name,typ_int,typ_intname,wrk_zone,wrk_zonename,road_fnc,road_fncname,rel_road,rel_roadname,lgt_cond,lgt_condname,weather1,weather1name,weather2,weather2name,weather,weathername,sch_bus,sch_busname,rail,railname,not_hour,not_hourname,not_min,not_minname,arr_hour,arr_hourname,arr_min,arr_minname,hosp_hr,hosp_hrname,hosp_mn,hosp_mnname,cf1,cf1name,cf2,cf2name,cf3,cf3name,fatals,drunk_dr
2018,40,400071,Oklahoma,4,4,0,0,0,9,9,81,LINCOLN (81),0,NOT APPLICABLE,10,10,3,March,2018,7,Saturday,21,9:00pm-9:59pm,54,54,1,This section IS ON the NHS,1,Rural,1,Interstate,1,State Highway Agency,1,Interstate,I-44,,0,None,35.68530000,35.68530000,-97.033900000,-97.033900000,0,No Special Jurisdiction,12,Motor Vehicle In-Transport,2,Front-to-Front,0,No,1,Non-Junction,1,Not an Intersection,0,None,,,1,On Roadway,2,Dark - Not Lighted,1,Clear,0,No Additional Atmospheric Conditions,1,Clear,0,No,0000000,Not Applicable,22,10:00pm-10:59pm,4,4,22,10:00pm-10:59pm,29,29,22,10:00pm-10:59pm,57,57,0,None,0,None,0,None,1,1
2018,40,400072,Oklahoma,2,2,0,0,0,3,3,131,ROGERS (131),870,CATOOSA,15,15,2,February,2018,5,Thursday,18,6:00pm-6:59pm,0,0,0,This section IS NOT on the NHS,2,Urban,3,Principal Arterial - Other,1,State Highway Agency,3,State Highway,SR-66,,0,None,36.17131111,36.17131111,-95.751419440,-95.751419440,0,No Special Jurisdiction,12,Motor Vehicle In-Transport,6,Angle,0,No,7,Crossover-Related,1,Not an Intersection,0,None,,,1,On Roadway,1,Daylight,1,Clear,0,No Additional Atmospheric Conditions,1,Clear,0,No,0000000,Not Applicable,18,6:00pm-6:59pm,0,0,18,6:00pm-6:59pm,14,14,18,6:00pm-6:59pm,50,50,0,None,0,None,0,None,1,0
2018,40,400073,Oklahoma,3,3,0,0,0,5,5,37,CREEK (37),0,NOT APPLICABLE,21,21,2,February,2018,4,Wednesday,15,3:00pm-3:59pm,29,29,0,This section IS NOT on the NHS,1,Rural,5,Major Collector,1,State Highway Agency,3,State Highway,SR-16,,20,20,35.82800000,35.82800000,-96.350200000,-96.350200000,0,No Special Jurisdiction,12,Motor Vehicle In-Transport,6,Angle,0,No,1,Non-Junction,1,Not an Intersection,0,None,,,1,On Roadway,1,Daylight,98,Not Reported,0,No Additional Atmospheric Conditions,98,Not Reported,0,No,0000000,Not Applicable,15,3:00pm-3:59pm,21,21,15,3:00pm-3:59pm,34,34,16,4:00pm-4:59pm,24,24,0,None,0,None,0,None,1,0
2018,40,400074,Oklahoma,1,1,0,0,0,1,1,65,JACKSON (65),0,NOT APPLICABLE,24,24,1,January,2018,4,Wednesday,99,Unknown Hours,99,Unknown Minutes,1,This section IS ON the NHS,1,Rural,3,Principal Arterial - Other,1,State Highway Agency,2,U.S. Highway,US-62,,98,98,34.63770000,34.63770000,-99.503700000,-99.503700000,0,No Special Jurisdiction,38,Fence,0,Not a Collision with Motor Vehicle In-Transport,0,No,1,Non-Junction,1,Not an Intersection,0,None,,,5,Outside Trafficway,2,Dark - Not Lighted,1,Clear,0,No Additional Atmospheric Conditions,1,Clear,0,No,0000000,Not Applicable,88,Not Applicable (Not Notified),88,Not Applicable (Not Notified),88,Not Applicable,88,Not Applicable,88,Not Applicable (Not Transported),88,Not Applicable (Not Transported),0,None,0,None,0,None,1,0
2018,40,400075,Oklahoma,1,1,0,0,0,2,2,9,BECKHAM (9),0,NOT APPLICABLE,8,8,2,February,2018,5,Thursday,3,3:00am-3:59am,30,30,1,This section IS ON the NHS,1,Rural,1,Interstate,1,State Highway Agency,1,Interstate,I-40,,0,None,35.33340000,35.33340000,-99.599100000,-99.599100000,0,No Special Jurisdiction,34,Ditch,0,Not a Collision with Motor Vehicle In-Transport,0,No,1,Non-Junction,1,Not an Intersection,0,None,,,4,On Roadside,2,Dark - Not Lighted,1,Clear,0,No Additional Atmospheric Conditions,1,Clear,0,No,0000000,Not Applicable,6,6:00am-6:59am,41,41,7,7:00am-7:59am,10,10,8,8:00am-8:59am,23,23,0,None,0,None,0,None,1,0
2018,40,400076,Oklahoma,2,2,0,0,0,2,2,69,JOHNSTON (69),0,NOT APPLICABLE,2,2,3,March,2018,6,Friday,11,11:00am-11:59am,46,46,0,This section IS NOT on the NHS,1,Rural,5,Major Collector,1,State Highway Agency,3,State Highway,SR-78,CR-CONDON GROVE,122,122,34.23850000,34.23850000,-96.583600000,-96.583600000,0,No Special Jurisdiction,12,Motor Vehicle In-Transport,6,Angle,0,No,2,Intersection,2,Four-Way Intersection,0,None,,,1,On Roadway,1,Daylight,1,Clear,0,No Additional Atmospheric Conditions,1,Clear,0,No,0000000,Not Applicable,11,11:00am-11:59am,46,46,11,11:00am-11:59am,55,55,13,1:00pm-1:59pm,30,30,0,None,0,None,0,None,1,0
2018,40,400077,Oklahoma,2,2,0,0,0,11,11,111,OKMULGEE (111),0,NOT APPLICABLE,2,2,3,March,2018,6,Friday,13,1:00pm-1:59pm,52,52,1,This section IS ON the NHS,1,Rural,3,Principal Arterial - Other,1,State Highway Agency,2,U.S. Highway,US-75,SR-16,0,None,35.74070000,35.74070000,-96.004400000,-96.004400000,0,No Special Jurisdiction,12,Motor Vehicle In-Transport,6,Angle,1,Yes,3,Intersection-Related,3,T-Intersection,0,None,,,1,On Roadway,1,Daylight,1,Clear,0,No Additional Atmospheric Conditions,1,Clear,0,No,0000000,Not Applicable,13,1:00pm-1:59pm,55,55,14,2:00pm-2:59pm,10,10,14,2:00pm-2:59pm,47,47,0,None,0,None,0,None,1,0
2018,40,400078,Oklahoma,1,1,0,1,1,2,2,109,OKLAHOMA (109),3550,OKLAHOMA CITY,3,3,3,March,2018,7,Saturday,20,8:00pm-8:59pm,8,8,0,This section IS NOT on the NHS,2,Urban,3,Principal Arterial - Other,4,City or Municipal Highway Agency,6,Local Street - Municipality,N MACARTHUR BLVD,,0,None,35.46630000,35.46630000,-97.618900000,-97.618900000,0,No Special Jurisdiction,8,Pedestrian,0,Not a Collision with Motor Vehicle In-Transport,0,No,1,Non-Junction,1,Not an Intersection,0,None,,,1,On Roadway,2,Dark - Not Lighted,10,Cloudy,0,No Additional Atmospheric Conditions,10,Cloudy,0,No,0000000,Not Applicable,20,8:00pm-8:59pm,9,9,20,8:00pm-8:59pm,13,13,88,Not Applicable (Not Transported),88,Not Applicable (Not Transported),0,None,0,None,0,None,1,0
2018,40,400079,Oklahoma,2,2,0,2,2,2,2,107,OKFUSKEE (107),0,NOT APPLICABLE,9,9,3,March,2018,6,Friday,18,6:00pm-6:59pm,58,58,0,This section IS NOT on the NHS,1,Rural,5,Major Collector,1,State Highway Agency,3,State Highway,SR-84,,58,58,35.33697778,35.33697778,-96.085944440,-96.085944440,0,No Special Jurisdiction,12,Motor Vehicle In-Transport,1,Front-to-Rear,0,No,1,Non-Junction,1,Not an Intersection,0,None,,,1,On Roadway,2,Dark - Not Lighted,10,Cloudy,0,No Additional Atmospheric Conditions,10,Cloudy,0,No,0000000,Not Applicable,18,6:00pm-6:59pm,58,58,19,7:00pm-7:59pm,17,17,20,8:00pm-8:59pm,19,19,23,Indication of a Stalled/Disabled Vehicle,0,None,0,None,2,0
2018,40,400080,Oklahoma,1,1,0,0,0,1,1,115,OTTAWA (115),0,NOT APPLICABLE,11,11,3,March,2018,1,Sunday,3,3:00am-3:59am,43,43,0,This section IS NOT on the NHS,1,Rural,4,Minor Arterial,1,State Highway Agency,2,U.S. Highway,US-59,,22,22,36.85910000,36.85910000,-94.944700000,-94.944700000,0,No Special Jurisdiction,34,Ditch,0,Not a Collision with Motor Vehicle In-Transport,0,No,1,Non-Junction,1,Not an Intersection,0,None,,,4,On Roadside,2,Dark - Not Lighted,1,Clear,0,No Additional Atmospheric Conditions,1,Clear,0,No,0000000,Not Applicable,88,Not Applicable (Not Notified),88,Not Applicable (Not Notified),88,Not Applicable,88,Not Applicable,88,Not Applicable (Not Transported),88,Not Applicable (Not Transported),0,None,0,None,0,None,1,1
2018,40,400081,Oklahoma,6,6,0,0,0,7,7,109,OKLAHOMA (109),1480,EDMOND,24,24,1,January,2018,4,Wednesday,16,4:00pm-4:59pm,35,35,0,This section IS NOT on the NHS,2,Urban,4,Minor Arterial,1,State Highway Agency,2,U.S. Highway,US-77,CEDAR MOUNTAIN AVE,0,None,35.65266667,35.65266667,-97.411480560,-97.411480560,0,No Special Jurisdiction,12,Motor Vehicle In-Transport,2,Front-to-Front,0,No,3,Intersection-Related,4,Y-Intersection,0,None,,,1,On Roadway,1,Daylight,1,Clear,0,No Additional Atmospheric Conditions,1,Clear,0,No,0000000,Not Applicable,16,4:00pm-4:59pm,38,38,17,5:00pm-5:59pm,5,5,17,5:00pm-5:59pm,23,23,14,"Motor Vehicle struck by falling cargo,or something that came loose from or something that was set in motion by a vehicle",0,None,0,None,1,0
2018,40,400082,Oklahoma,2,1,1,0,0,1,1,109,OKLAHOMA (109),1300,DEL CITY,6,6,1,January,2018,7,Saturday,13,1:00pm-1:59pm,39,39,0,This section IS NOT on the NHS,2,Urban,7,Local,4,City or Municipal Highway Agency,6,Local Street - Municipality,MICHAEL PLACE,,0,None,35.46275000,35.46275000,-97.427913890,-97.427913890,0,No Special Jurisdiction,14,Parked Motor Vehicle,0,Not a Collision with Motor Vehicle In-Transport,0,No,1,Non-Junction,1,Not an Intersection,0,None,,,7,In Parking Lane/Zone,1,Daylight,1,Clear,0,No Additional Atmospheric Conditions,1,Clear,0,No,0000000,Not Applicable,13,1:00pm-1:59pm,41,41,13,1:00pm-1:59pm,44,44,88,Not Applicable (Not Transported),88,Not Applicable (Not Transported),0,None,0,None,0,None,1,0
2018,40,400083,Oklahoma,1,1,0,0,0,1,1,109,OKLAHOMA (109),3550,OKLAHOMA CITY,17,17,3,March,2018,7,Saturday,20,8:00pm-8:59pm,35,35,0,This section IS NOT on the NHS,2,Urban,7,Local,4,City or Municipal Highway Agency,6,Local Street - Municipality,SE 36TH ST,S LINDSAY AVE,0,None,35.42807222,35.42807222,-97.499100000,-97.499100000,0,No Special Jurisdiction,31,"Post, Pole or Other Supports",0,Not a Collision with Motor Vehicle In-Transport,0,No,3,Intersection-Related,2,Four-Way Intersection,0,None,,,3,On Median,2,Dark - Not Lighted,10,Cloudy,0,No Additional Atmospheric Conditions,10,Cloudy,0,No,0000000,Not Applicable,20,8:00pm-8:59pm,36,36,20,8:00pm-8:59pm,41,41,20,8:00pm-8:59pm,55,55,0,None,0,None,0,None,1,1
2018,40,400084,Oklahoma,2,2,0,0,0,2,2,89,MCCURTAIN (89),0,NOT APPLICABLE,12,12,3,March,2018,2,Monday,6,6:00am-6:59am,9,9,1,This section IS ON the NHS,1,Rural,3,Principal Arterial - Other,1,State Highway Agency,2,U.S. Highway,US-259,CR-OLD 21 RD,156,156,33.85200000,33.85200000,-94.826600000,-94.826600000,0,No Special Jurisdiction,12,Motor Vehicle In-Transport,6,Angle,0,No,2,Intersection,2,Four-Way Intersection,0,None,,,1,On Roadway,2,Dark - Not Lighted,10,Cloudy,0,No Additional Atmospheric Conditions,10,Cloudy,0,No,0000000,Not Applicable,88,Not Applicable (Not Notified),88,Not Applicable (Not Notified),88,Not Applicable,88,Not Applicable,88,Not Applicable (Not Transported),88,Not Applicable (Not Transported),0,None,0,None,0,None,1,1
2018,40,400085,Oklahoma,3,3,0,0,0,3,3,131,ROGERS (131),990,CLAREMORE,8,8,1,January,2018,2,Monday,21,9:00pm-9:59pm,44,44,0,This section IS NOT on the NHS,2,Urban,3,Principal Arterial - Other,1,State Highway Agency,3,State Highway,SR-66,,0,None,36.30680278,36.30680278,-95.620625000,-95.620625000,0,No Special Jurisdiction,12,Motor Vehicle In-Transport,6,Angle,0,No,1,Non-Junction,1,Not an Intersection,0,None,,,1,On Roadway,3,Dark - Lighted,1,Clear,0,No Additional Atmospheric Conditions,1,Clear,0,No,0000000,Not Applicable,21,9:00pm-9:59pm,47,47,21,9:00pm-9:59pm,59,59,22,10:00pm-10:59pm,43,43,0,None,0,None,0,None,1,1
2018,40,400086,Oklahoma,2,2,0,0,0,2,2,143,TULSA (143),0,NOT APPLICABLE,30,30,1,January,2018,3,Tuesday,17,5:00pm-5:59pm,21,21,0,This section IS NOT on the NHS,1,Rural,5,Major Collector,1,State Highway Agency,3,State Highway,SR-11,E 136 ST N,50,50,36.35110000,36.35110000,-95.991400000,-95.991400000,0,No Special Jurisdiction,12,Motor Vehicle In-Transport,6,Angle,0,No,2,Intersection,2,Four-Way Intersection,0,None,,,1,On Roadway,1,Daylight,1,Clear,0,No Additional Atmospheric Conditions,1,Clear,0,No,0000000,Not Applicable,17,5:00pm-5:59pm,20,20,17,5:00pm-5:59pm,24,24,88,Not Applicable (Not Transported),88,Not Applicable (Not Transported),0,None,0,None,0,None,1,0
2018,40,400087,Oklahoma,1,1,0,0,0,2,2,143,TULSA (143),0,NOT APPLICABLE,15,15,2,February,2018,5,Thursday,7,7:00am-7:59am,37,37,0,This section IS NOT on the NHS,1,Rural,4,Minor Arterial,1,State Highway Agency,3,State Highway,SR-51,154TH W AVE,75,75,36.13370000,36.13370000,-96.164800000,-96.164800000,0,No Special Jurisdiction,1,Rollover/Overturn,0,Not a Collision with Motor Vehicle In-Transport,0,No,3,Intersection-Related,2,Four-Way Intersection,0,None,,,4,On Roadside,1,Daylight,10,Cloudy,0,No Additional Atmospheric Conditions,10,Cloudy,0,No,0000000,Not Applicable,7,7:00am-7:59am,36,36,7,7:00am-7:59am,51,51,8,8:00am-8:59am,25,25,0,None,0,None,0,None,1,0
2018,40,400088,Oklahoma,2,2,0,0,0,3,3,101,MUSKOGEE (101),0,NOT APPLICABLE,19,19,2,February,2018,2,Monday,19,7:00pm-7:59pm,54,54,0,This section IS NOT on the NHS,1,Rural,5,Major Collector,1,State Highway Agency,2,U.S. Highway,US-62,W 23RD ST SOUTH,113,113,35.72590000,35.72590000,-95.642200000,-95.642200000,0,No Special Jurisdiction,12,Motor Vehicle In-Transport,6,Angle,0,No,1,Non-Junction,1,Not an Intersection,0,None,,,1,On Roadway,2,Dark - Not Lighted,2,Rain,0,No Additional Atmospheric Conditions,2,Rain,0,No,0000000,Not Applicable,19,7:00pm-7:59pm,49,49,20,8:00pm-8:59pm,2,2,20,8:00pm-8:59pm,59,59,0,None,0,None,0,None,1,0
2018,40,400089,Oklahoma,1,1,0,0,0,1,1,91,MCINTOSH (91),0,NOT APPLICABLE,21,21,2,February,2018,4,Wednesday,16,4:00pm-4:59pm,39,39,0,This section IS NOT on the NHS,1,Rural,5,Major Collector,4,City or Municipal Highway Agency,4,County Road,CR-STIDHAM,,0,None,35.35450000,35.35450000,-95.698600000,-95.698600000,0,No Special Jurisdiction,52,Guardrail End,0,Not a Collision with Motor Vehicle In-Transport,0,No,1,Non-Junction,1,Not an Intersection,0,None,,,4,On Roadside,1,Daylight,2,Rain,0,No Additional Atmospheric Conditions,2,Rain,0,No,0000000,Not Applicable,16,4:00pm-4:59pm,37,37,16,4:00pm-4:59pm,53,53,88,Not Applicable (Not Transported),88,Not Applicable (Not Transported),0,None,0,None,0,None,1,1
2018,40,400090,Oklahoma,5,5,0,0,0,7,7,27,CLEVELAND (27),3550,OKLAHOMA CITY,6,6,3,March,2018,3,Tuesday,12,12:00pm-12:59pm,22,22,1,This section IS ON the NHS,2,Urban,1,Interstate,1,State Highway Agency,1,Interstate,I-44,,0,None,35.30355000,35.30355000,-97.598886110,-97.598886110,0,No Special Jurisdiction,12,Motor Vehicle In-Transport,1,Front-to-Rear,0,No,1,Non-Junction,1,Not an Intersection,0,None,,,1,On Roadway,1,Daylight,1,Clear,0,No Additional Atmospheric Conditions,1,Clear,0,No,0000000,Not Applicable,12,12:00pm-12:59pm,21,21,12,12:00pm-12:59pm,33,33,13,1:00pm-1:59pm,43,43,28,Backup Due to Regular Congestion,0,None,0,None,1,0
2018,40,400091,Oklahoma,2,2,0,0,0,2,2,109,OKLAHOMA (109),3550,OKLAHOMA CITY,7,7,3,March,2018,4,Wednesday,8,8:00am-8:59am,29,29,0,This section IS NOT on the NHS,2,Urban,4,Minor Arterial,4,City or Municipal Highway Agency,6,Local Street - Municipality,E WILSHIRE BLVD,N WESTMINSTER,0,None,35.55120556,35.55120556,-97.335930560,-97.335930560,0,No Special Jurisdiction,12,Motor Vehicle In-Transport,6,Angle,0,No,2,Intersection,2,Four-Way Intersection,0,None,,,1,On Roadway,1,Daylight,1,Clear,0,No Additional Atmospheric Conditions,1,Clear,0,No,0000000,Not Applicable,8,8:00am-8:59am,29,29,8,8:00am-8:59am,50,50,88,Not Applicable (Not Transported),88,Not Applicable (Not Transported),0,None,0,None,0,None,1,0
2018,40,400092,Oklahoma,3,3,0,0,0,6,6,51,GRADY (51),0,NOT APPLICABLE,7,7,3,March,2018,4,Wednesday,15,3:00pm-3:59pm,11,11,1,This section IS ON the NHS,1,Rural,3,Principal Arterial - Other,1,State Highway Agency,2,U.S. Highway,US-81,CR-1200,152,152,35.27620000,35.27620000,-97.953700000,-97.953700000,0,No Special Jurisdiction,12,Motor Vehicle In-Transport,1,Front-to-Rear,0,No,3,Intersection-Related,2,Four-Way Intersection,0,None,,,1,On Roadway,1,Daylight,1,Clear,0,No Additional Atmospheric Conditions,1,Clear,0,No,0000000,Not Applicable,15,3:00pm-3:59pm,12,12,15,3:00pm-3:59pm,22,22,16,4:00pm-4:59pm,27,27,0,None,0,None,0,None,1,0
2018,40,400093,Oklahoma,1,1,0,0,0,2,2,75,KIOWA (75),0,NOT APPLICABLE,9,9,3,March,2018,6,Friday,19,7:00pm-7:59pm,14,14,0,This section IS NOT on the NHS,1,Rural,5,Major Collector,1,State Highway Agency,3,State Highway,SR-19,,77,77,34.83540000,34.83540000,-99.088800000,-99.088800000,0,No Special Jurisdiction,1,Rollover/Overturn,0,Not a Collision with Motor Vehicle In-Transport,0,No,1,Non-Junction,1,Not an Intersection,0,None,,,4,On Roadside,5,Dusk,1,Clear,0,No Additional Atmospheric Conditions,1,Clear,0,No,0000000,Not Applicable,88,Not Applicable (Not Notified),88,Not Applicable (Not Notified),88,Not Applicable,88,Not Applicable,88,Not Applicable (Not Transported),88,Not Applicable (Not Transported),0,None,0,None,0,None,1,0
2018,40,400094,Oklahoma,2,2,0,0,0,2,2,143,TULSA (143),4780,TULSA,15,15,3,March,2018,5,Thursday,13,1:00pm-1:59pm,28,28,1,This section IS ON the NHS,2,Urban,2,Principal Arterial - Other Freeways and Expressways,1,State Highway Agency,2,U.S. Highway,US-169,,0,None,36.07930000,36.07930000,-95.859400000,-95.859400000,0,No Special Jurisdiction,1,Rollover/Overturn,0,Not a Collision with Motor Vehicle In-Transport,0,No,1,Non-Junction,1,Not an Intersection,1,Construction,,,1,On Roadway,1,Daylight,1,Clear,0,No Additional Atmospheric Conditions,1,Clear,0,No,0000000,Not Applicable,13,1:00pm-1:59pm,28,28,13,1:00pm-1:59pm,30,30,13,1:00pm-1:59pm,51,51,26,Backup Due to Prior Non-Recurring Incident,14,"Motor Vehicle struck by falling cargo,or something that came loose from or something that was set in motion by a vehicle",0,None,1,0
2018,40,400095,Oklahoma,2,2,0,0,0,3,3,7,BEAVER (7),0,NOT APPLICABLE,16,16,3,March,2018,6,Friday,17,5:00pm-5:59pm,38,38,0,This section IS NOT on the NHS,1,Rural,7,Local,2,County Highway Agency,4,County Road,CR-NS118,CR-EW3,0,None,36.96480000,36.96480000,-100.891700000,-100.891700000,0,No Special Jurisdiction,12,Motor Vehicle In-Transport,6,Angle,0,No,2,Intersection,2,Four-Way Intersection,0,None,,,1,On Roadway,1,Daylight,1,Clear,0,No Additional Atmospheric Conditions,1,Clear,0,No,0000000,Not Applicable,99,Unknown,99,Unknown,99,Unknown EMS Scene Arrival Hour,99,Unknown EMS Scene Arrival Minutes,88,Not Applicable (Not Transported),88,Not Applicable (Not Transported),0,None,0,None,0,None,2,0
2018,40,400096,Oklahoma,1,1,0,0,0,1,1,75,KIOWA (75),0,NOT APPLICABLE,16,16,3,March,2018,6,Friday,20,8:00pm-8:59pm,41,41,0,This section IS NOT on the NHS,1,Rural,5,Major Collector,2,County Highway Agency,4,County Road,CR-2180,,0,None,34.87050000,34.87050000,-99.096100000,-99.096100000,0,No Special Jurisdiction,35,Embankment,0,Not a Collision with Motor Vehicle In-Transport,0,No,1,Non-Junction,1,Not an Intersection,0,None,,,4,On Roadside,2,Dark - Not Lighted,1,Clear,0,No Additional Atmospheric Conditions,1,Clear,0,No,0000000,Not Applicable,88,Not Applicable (Not Notified),88,Not Applicable (Not Notified),88,Not Applicable,88,Not Applicable,88,Not Applicable (Not Transported),88,Not Applicable (Not Transported),0,None,0,None,0,None,1,0
2018,40,400097,Oklahoma,2,2,0,0,0,2,2,119,PAYNE (119),0,NOT APPLICABLE,17,17,3,March,2018,7,Saturday,16,4:00pm-4:59pm,57,57,0,This section IS NOT on the NHS,1,Rural,4,Minor Arterial,1,State Highway Agency,3,State Highway,SR-51,,37,37,36.11630000,36.11630000,-96.983800000,-96.983800000,0,No Special Jurisdiction,12,Motor Vehicle In-Transport,6,Angle,0,No,8,Driveway Access Related,1,Not an Intersection,0,None,,,1,On Roadway,1,Daylight,1,Clear,0,No Additional Atmospheric Conditions,1,Clear,0,No,0000000,Not Applicable,16,4:00pm-4:59pm,54,54,17,5:00pm-5:59pm,0,0,88,Not Applicable (Not Transported),88,Not Applicable (Not Transported),0,None,0,None,0,None,1,0
2018,40,400098,Oklahoma,1,1,0,0,0,1,1,89,MCCURTAIN (89),0,NOT APPLICABLE,17,17,3,March,2018,7,Saturday,18,6:00pm-6:59pm,25,25,0,This section IS NOT on the NHS,1,Rural,3,Principal Arterial - Other,1,State Highway Agency,3,State Highway,SR-3,,122,122,34.11690000,34.11690000,-94.968200000,-94.968200000,0,No Special Jurisdiction,1,Rollover/Overturn,0,Not a Collision with Motor Vehicle In-Transport,0,No,1,Non-Junction,1,Not an Intersection,0,None,,,4,On Roadside,1,Daylight,1,Clear,0,No Additional Atmospheric Conditions,1,Clear,0,No,0000000,Not Applicable,99,Unknown,99,Unknown,99,Unknown EMS Scene Arrival Hour,99,Unknown EMS Scene Arrival Minutes,88,Not Applicable (Not Transported),88,Not Applicable (Not Transported),0,None,0,None,0,None,1,0
2018,40,400099,Oklahoma,2,2,0,0,0,2,2,133,SEMINOLE (133),0,NOT APPLICABLE,20,20,3,March,2018,3,Tuesday,8,8:00am-8:59am,22,22,0,This section IS NOT on the NHS,1,Rural,5,Major Collector,1,State Highway Agency,3,State Highway,SR-3E,,37,37,35.28520000,35.28520000,-96.731900000,-96.731900000,0,No Special Jurisdiction,12,Motor Vehicle In-Transport,2,Front-to-Front,0,No,1,Non-Junction,1,Not an Intersection,0,None,,,1,On Roadway,1,Daylight,10,Cloudy,0,No Additional Atmospheric Conditions,10,Cloudy,0,No,0000000,Not Applicable,8,8:00am-8:59am,26,26,8,8:00am-8:59am,44,44,9,9:00am-9:59am,21,21,0,None,0,None,0,None,1,0
2018,40,400100,Oklahoma,1,1,0,0,0,1,1,15,CADDO (15),1230,CYRIL,20,20,3,March,2018,3,Tuesday,22,10:00pm-10:59pm,35,35,0,This section IS NOT on the NHS,1,Rural,7,Local,4,City or Municipal Highway Agency,6,Local Street - Municipality,WINDLE AVE,1ST ST,0,None,34.89860000,34.89860000,-98.199800000,-98.199800000,0,No Special Jurisdiction,32,Culvert,0,Not a Collision with Motor Vehicle In-Transport,0,No,3,Intersection-Related,3,T-Intersection,0,None,,,4,On Roadside,2,Dark - Not Lighted,1,Clear,0,No Additional Atmospheric Conditions,1,Clear,0,No,0000000,Not Applicable,88,Not Applicable (Not Notified),88,Not Applicable (Not Notified),88,Not Applicable,88,Not Applicable,88,Not Applicable (Not Transported),88,Not Applicable (Not Transported),0,None,0,None,0,None,1,1
2018,40,400101,Oklahoma,1,1,0,0,0,1,1,143,TULSA (143),0,NOT APPLICABLE,6,6,3,March,2018,3,Tuesday,20,8:00pm-8:59pm,8,8,0,This section IS NOT on the NHS,1,Rural,5,Major Collector,2,County Highway Agency,4,County Road,CR-E 211TH ST S,,0,None,35.85670000,35.85670000,-95.961800000,-95.961800000,0,No Special Jurisdiction,35,Embankment,0,Not a Collision with Motor Vehicle In-Transport,0,No,1,Non-Junction,1,Not an Intersection,0,None,,,4,On Roadside,2,Dark - Not Lighted,1,Clear,0,No Additional Atmospheric Conditions,1,Clear,0,No,0000000,Not Applicable,20,8:00pm-8:59pm,37,37,20,8:00pm-8:59pm,38,38,88,Not Applicable (Not Transported),88,Not Applicable (Not Transported),0,None,0,None,0,None,1,1
2018,40,400102,Oklahoma,3,3,0,0,0,9,9,13,BRYAN (13),0,NOT APPLICABLE,17,17,3,March,2018,7,Saturday,16,4:00pm-4:59pm,13,13,1,This section IS ON the NHS,1,Rural,3,Principal Arterial - Other,1,State Highway Agency,2,U.S. Highway,US-70,,21,21,34.00008889,34.00008889,-96.596388890,-96.596388890,0,No Special Jurisdiction,12,Motor Vehicle In-Transport,6,Angle,0,No,1,Non-Junction,1,Not an Intersection,0,None,,,1,On Roadway,1,Daylight,10,Cloudy,0,No Additional Atmospheric Conditions,10,Cloudy,0,No,0000000,Not Applicable,16,4:00pm-4:59pm,10,10,16,4:00pm-4:59pm,20,20,17,5:00pm-5:59pm,24,24,0,None,0,None,0,None,1,0
2018,40,400103,Oklahoma,1,1,0,0,0,1,1,17,CANADIAN (17),3550,OKLAHOMA CITY,18,18,3,March,2018,1,Sunday,3,3:00am-3:59am,28,28,0,This section IS NOT on the NHS,1,Rural,7,Local,4,City or Municipal Highway Agency,6,Local Street - Municipality,SW 119TH ST,COUNTY LINE RD,0,None,35.34814167,35.34814167,-97.671425000,-97.671425000,0,No Special Jurisdiction,42,Tree (Standing Only),0,Not a Collision with Motor Vehicle In-Transport,0,No,3,Intersection-Related,3,T-Intersection,0,None,,,5,Outside Trafficway,2,Dark - Not Lighted,1,Clear,0,No Additional Atmospheric Conditions,1,Clear,0,No,0000000,Not Applicable,88,Not Applicable (Not Notified),88,Not Applicable (Not Notified),88,Not Applicable,88,Not Applicable,88,Not Applicable (Not Transported),88,Not Applicable (Not Transported),0,None,0,None,0,None,1,1
2018,40,400104,Oklahoma,2,2,0,0,0,2,2,51,GRADY (51),960,CHICKASHA,18,18,3,March,2018,1,Sunday,20,8:00pm-8:59pm,5,5,1,This section IS ON the NHS,2,Urban,3,Principal Arterial - Other,1,State Highway Agency,2,U.S. Highway,US-81,CR-1390,0,None,35.00040000,35.00040000,-97.935100000,-97.935100000,0,No Special Jurisdiction,12,Motor Vehicle In-Transport,1,Front-to-Rear,0,No,3,Intersection-Related,2,Four-Way Intersection,0,None,,,1,On Roadway,5,Dusk,1,Clear,0,No Additional Atmospheric Conditions,1,Clear,0,No,0000000,Not Applicable,20,8:00pm-8:59pm,10,10,20,8:00pm-8:59pm,12,12,88,Not Applicable (Not Transported),88,Not Applicable (Not Transported),0,None,0,None,0,None,1,1