caseyear,state,st_case,statename,ve_total,ve_forms,pvh_invl,peds,pernotmvit,permvit,persons,county,countyname,city,cityname,day,dayname,month,monthname,year,day_week,day_weekname,hour,hourname,minute,minutename,nhs,nhsname,rur_urb,rur_urbname,func_sys,func_sysname,rd_owner,rd_ownername,route,routename,tway_id,tway_id2,milept,mileptname,latitude,latitudename,longitud,longitudname,sp_jur,sp_jurname,harm_ev,harm_evname,man_coll,man_collname,reljct1,reljct1name,reljct2,reljct2name,typ_int,typ_intname,wrk_zone,wrk_zonename,road_fnc,road_fncname,rel_road,rel_roadname,lgt_cond,lgt_condname,weather1,weather1name,weather2,weather2name,weather,weathername,sch_bus,sch_busname,rail,railname,not_hour,not_hourname,not_min,not_minname,arr_hour,arr_hourname,arr_min,arr_minname,hosp_hr,hosp_hrname,hosp_mn,hosp_mnname,cf1,cf1name,cf2,cf2name,cf3,cf3name,fatals,drunk_dr
2018,40,400246,Oklahoma,1,1,0,0,0,2,2,17,CANADIAN (17),0,NOT APPLICABLE,27,27,6,June,2018,4,Wednesday,9,9:00am-9:59am,48,48,1,This section IS ON the NHS,1,Rural,1,Interstate,1,State Highway Agency,1,Interstate,I-40,,0,None,35.52850000,35.52850000,-98.100600000,-98.100600000,0,No Special Jurisdiction,1,Rollover/Overturn,0,Not a Collision with Motor Vehicle In-Transport,0,No,1,Non-Junction,1,Not an Intersection,0,None,,,3,On Median,1,Daylight,1,Clear,0,No Additional Atmospheric Conditions,1,Clear,0,No,0000000,Not Applicable,9,9:00am-9:59am,48,48,10,10:00am-10:59am,1,1,10,10:00am-10:59am,52,52,0,None,0,None,0,None,1,0
2018,40,400247,Oklahoma,2,2,0,0,0,2,2,125,POTTAWATOMIE (125),0,NOT APPLICABLE,30,30,6,June,2018,7,Saturday,9,9:00am-9:59am,12,12,0,This section IS NOT on the NHS,1,Rural,4,Minor Arterial,1,State Highway Agency,2,U.S. Highway,US-177,I-40 OFF-RAMP,60,60,35.38450000,35.38450000,-97.000500000,-97.000500000,0,No Special Jurisdiction,12,Motor Vehicle In-Transport,6,Angle,1,Yes,5,Entrance/Exit Ramp Related,1,Not an Intersection,0,None,,,1,On Roadway,1,Daylight,10,Cloudy,0,No Additional Atmospheric Conditions,10,Cloudy,0,No,0000000,Not Applicable,9,9:00am-9:59am,10,10,9,9:00am-9:59am,15,15,9,9:00am-9:59am,37,37,0,None,0,None,0,None,1,0
2018,40,400248,Oklahoma,2,2,0,0,0,2,2,47,GARFIELD (47),1550,ENID,29,29,5,May,2018,3,Tuesday,18,6:00pm-6:59pm,31,31,0,This section IS NOT on the NHS,2,Urban,3,Principal Arterial - Other,1,State Highway Agency,2,U.S. Highway,US-64,,0,None,36.39550556,36.39550556,-97.836697220,-97.836697220,0,No Special Jurisdiction,12,Motor Vehicle In-Transport,6,Angle,0,No,8,Driveway Access Related,1,Not an Intersection,0,None,,,1,On Roadway,1,Daylight,10,Cloudy,0,No Additional Atmospheric Conditions,10,Cloudy,0,No,0000000,Not Applicable,18,6:00pm-6:59pm,30,30,18,6:00pm-6:59pm,35,35,88,Not Applicable (Not Transported),88,Not Applicable (Not Transported),0,None,0,None,0,None,1,0
2018,40,400249,Oklahoma,1,1,0,1,1,2,2,47,GARFIELD (47),1550,ENID,10,10,6,June,2018,1,Sunday,0,0:00am-0:59am,13,13,0,This section IS NOT on the NHS,2,Urban,4,Minor Arterial,4,City or Municipal Highway Agency,6,Local Street - Municipality,E RANDOLPH,,0,None,36.39798333,36.39798333,-97.831266670,-97.831266670,0,No Special Jurisdiction,9,Pedalcyclist,0,Not a Collision with Motor Vehicle In-Transport,0,No,1,Non-Junction,1,Not an Intersection,0,None,,,1,On Roadway,2,Dark - Not Lighted,1,Clear,0,No Additional Atmospheric Conditions,1,Clear,0,No,0000000,Not Applicable,0,0:00am-0:59am,36,36,1,1:00am-1:59am,18,18,2,2:00am-2:59am,8,8,0,None,0,None,0,None,1,1
2018,40,400250,Oklahoma,2,2,0,0,0,7,7,135,SEQUOYAH (135),0,NOT APPLICABLE,3,3,7,July,2018,3,Tuesday,12,12:00pm-12:59pm,48,48,0,This section IS NOT on the NHS,1,Rural,5,Major Collector,1,State Highway Agency,2,U.S. Highway,US-64,,102,102,35.46360000,35.46360000,-94.920200000,-94.920200000,0,No Special Jurisdiction,12,Motor Vehicle In-Transport,2,Front-to-Front,0,No,1,Non-Junction,1,Not an Intersection,0,None,,,4,On Roadside,1,Daylight,1,Clear,0,No Additional Atmospheric Conditions,1,Clear,0,No,0000000,Not Applicable,12,12:00pm-12:59pm,50,50,13,1:00pm-1:59pm,13,13,14,2:00pm-2:59pm,12,12,0,None,0,None,0,None,1,0
2018,40,400251,Oklahoma,1,1,0,0,0,2,2,35,CRAIG (35),0,NOT APPLICABLE,10,10,6,June,2018,1,Sunday,19,7:00pm-7:59pm,19,19,1,This section IS ON the NHS,1,Rural,1,Interstate,1,State Highway Agency,1,Interstate,I-44,,0,None,36.66820000,36.66820000,-95.073200000,-95.073200000,0,No Special Jurisdiction,1,Rollover/Overturn,0,Not a Collision with Motor Vehicle In-Transport,0,No,1,Non-Junction,1,Not an Intersection,4,"Work Zone, Type Unknown",,,4,On Roadside,1,Daylight,1,Clear,0,No Additional Atmospheric Conditions,1,Clear,0,No,0000000,Not Applicable,19,7:00pm-7:59pm,24,24,19,7:00pm-7:59pm,34,34,88,Not Applicable (Not Transported),88,Not Applicable (Not Transported),0,None,0,None,0,None,1,0
2018,40,400252,Oklahoma,1,1,0,0,0,1,1,95,MARSHALL (95),2610,KINGSTON,16,16,6,June,2018,7,Saturday,14,2:00pm-2:59pm,45,45,1,This section IS ON the NHS,1,Rural,3,Principal Arterial - Other,1,State Highway Agency,2,U.S. Highway,US-70,,0,None,33.99824722,33.99824722,-96.675300000,-96.675300000,0,No Special Jurisdiction,1,Rollover/Overturn,0,Not a Collision with Motor Vehicle In-Transport,0,No,1,Non-Junction,1,Not an Intersection,0,None,,,4,On Roadside,1,Daylight,1,Clear,0,No Additional Atmospheric Conditions,1,Clear,0,No,0000000,Not Applicable,99,Unknown,98,Unknown if Notified,99,Unknown EMS Scene Arrival Hour,98,Unknown if Arrived,88,Not Applicable (Not Transported),88,Not Applicable (Not Transported),0,None,0,None,0,None,1,0
2018,40,400253,Oklahoma,2,2,0,0,0,2,2,109,OKLAHOMA (109),3550,OKLAHOMA CITY,21,21,6,June,2018,5,Thursday,11,11:00am-11:59am,17,17,1,This section IS ON the NHS,2,Urban,1,Interstate,1,State Highway Agency,1,Interstate,I-35,,0,None,35.44230000,35.44230000,-97.486000000,-97.486000000,0,No Special Jurisdiction,12,Motor Vehicle In-Transport,7,Sideswipe - Same Direction,0,No,1,Non-Junction,1,Not an Intersection,4,"Work Zone, Type Unknown",,,1,On Roadway,1,Daylight,1,Clear,0,No Additional Atmospheric Conditions,1,Clear,0,No,0000000,Not Applicable,11,11:00am-11:59am,18,18,11,11:00am-11:59am,19,19,11,11:00am-11:59am,42,42,0,None,0,None,0,None,1,0
2018,40,400254,Oklahoma,1,1,0,0,0,4,4,91,MCINTOSH (91),920,CHECOTAH,19,19,6,June,2018,3,Tuesday,23,11:00pm-11:59pm,40,40,0,This section IS NOT on the NHS,1,Rural,7,Local,4,City or Municipal Highway Agency,6,Local Street - Municipality,PAUL CARR,,0,None,35.47173611,35.47173611,-95.537125000,-95.537125000,0,No Special Jurisdiction,30,Utility Pole/Light Support,0,Not a Collision with Motor Vehicle In-Transport,0,No,1,Non-Junction,1,Not an Intersection,0,None,,,4,On Roadside,3,Dark - Lighted,1,Clear,0,No Additional Atmospheric Conditions,1,Clear,0,No,0000000,Not Applicable,21,9:00pm-9:59pm,39,39,21,9:00pm-9:59pm,49,49,22,10:00pm-10:59pm,27,27,0,None,0,None,0,None,1,1
2018,40,400255,Oklahoma,2,2,0,0,0,4,4,103,NOBLE (103),0,NOT APPLICABLE,17,17,6,June,2018,1,Sunday,20,8:00pm-8:59pm,0,0,0,This section IS NOT on the NHS,1,Rural,4,Minor Arterial,1,State Highway Agency,2,U.S. Highway,US-64,,28,28,36.28970000,36.28970000,-97.235600000,-97.235600000,0,No Special Jurisdiction,12,Motor Vehicle In-Transport,6,Angle,0,No,8,Driveway Access Related,1,Not an Intersection,0,None,,,1,On Roadway,5,Dusk,1,Clear,0,No Additional Atmospheric Conditions,1,Clear,0,No,0000000,Not Applicable,19,7:00pm-7:59pm,59,59,20,8:00pm-8:59pm,5,5,20,8:00pm-8:59pm,19,19,0,None,0,None,0,None,1,0
2018,40,400256,Oklahoma,1,1,0,0,0,1,1,109,OKLAHOMA (109),3550,OKLAHOMA CITY,28,28,6,June,2018,5,Thursday,15,3:00pm-3:59pm,16,16,1,This section IS ON the NHS,2,Urban,1,Interstate,1,State Highway Agency,1,Interstate,I-40,,0,None,35.46020000,35.46020000,-97.651700000,-97.651700000,0,No Special Jurisdiction,1,Rollover/Overturn,0,Not a Collision with Motor Vehicle In-Transport,0,No,1,Non-Junction,1,Not an Intersection,0,None,,,4,On Roadside,1,Daylight,98,Not Reported,0,No Additional Atmospheric Conditions,98,Not Reported,0,No,0000000,Not Applicable,15,3:00pm-3:59pm,20,20,15,3:00pm-3:59pm,23,23,88,Not Applicable (Not Transported),88,Not Applicable (Not Transported),0,None,0,None,0,None,1,0
2018,40,400257,Oklahoma,3,3,0,0,0,3,3,83,LOGAN (83),9997,Other,30,30,6,June,2018,7,Saturday,14,2:00pm-2:59pm,18,18,0,This section IS NOT on the NHS,1,Rural,5,Major Collector,1,State Highway Agency,3,State Highway,SR-74,WATERLOO RD,0,None,35.72578611,35.72578611,-97.584683330,-97.584683330,0,No Special Jurisdiction,12,Motor Vehicle In-Transport,6,Angle,0,No,2,Intersection,2,Four-Way Intersection,0,None,,,1,On Roadway,1,Daylight,1,Clear,0,No Additional Atmospheric Conditions,1,Clear,0,No,0000000,Not Applicable,14,2:00pm-2:59pm,23,23,14,2:00pm-2:59pm,34,34,15,3:00pm-3:59pm,33,33,0,None,0,None,0,None,1,0
2018,40,400258,Oklahoma,1,1,0,0,0,1,1,17,CANADIAN (17),5290,YUKON,5,5,7,July,2018,5,Thursday,0,0:00am-0:59am,27,27,0,This section IS NOT on the NHS,1,Rural,5,Major Collector,1,State Highway Agency,3,State Highway,SR-4,,0,None,35.53279444,35.53279444,-97.742369440,-97.742369440,0,No Special Jurisdiction,35,Embankment,0,Not a Collision with Motor Vehicle In-Transport,0,No,1,Non-Junction,1,Not an Intersection,0,None,,,4,On Roadside,2,Dark - Not Lighted,10,Cloudy,0,No Additional Atmospheric Conditions,10,Cloudy,0,No,0000000,Not Applicable,88,Not Applicable (Not Notified),88,Not Applicable (Not Notified),88,Not Applicable,88,Not Applicable,88,Not Applicable (Not Transported),88,Not Applicable (Not Transported),0,None,0,None,0,None,1,0
2018,40,400259,Oklahoma,5,5,0,1,1,4,4,125,POTTAWATOMIE (125),367,BETHEL ACRES,27,27,2,February,2018,3,Tuesday,5,5:00am-5:59am,32,32,0,This section IS NOT on the NHS,1,Rural,5,Major Collector,1,State Highway Agency,3,State Highway,SR-102,,0,None,35.28420000,35.28420000,-97.053900000,-97.053900000,0,No Special Jurisdiction,8,Pedestrian,0,Not a Collision with Motor Vehicle In-Transport,0,No,1,Non-Junction,1,Not an Intersection,0,None,,,1,On Roadway,2,Dark - Not Lighted,10,Cloudy,0,No Additional Atmospheric Conditions,10,Cloudy,0,No,0000000,Not Applicable,5,5:00am-5:59am,24,24,5,5:00am-5:59am,40,40,88,Not Applicable (Not Transported),88,Not Applicable (Not Transported),23,Indication of a Stalled/Disabled Vehicle,0,None,0,None,1,0
2018,40,400260,Oklahoma,2,2,0,0,0,3,3,131,ROGERS (131),0,NOT APPLICABLE,13,13,6,June,2018,4,Wednesday,6,6:00am-6:59am,16,16,0,This section IS NOT on the NHS,1,Rural,4,Minor Arterial,1,State Highway Agency,3,State Highway,SR-20,,53,53,36.31500000,36.31500000,-95.719200000,-95.719200000,0,No Special Jurisdiction,12,Motor Vehicle In-Transport,6,Angle,0,No,1,Non-Junction,1,Not an Intersection,0,None,,,1,On Roadway,4,Dawn,1,Clear,0,No Additional Atmospheric Conditions,1,Clear,0,No,0000000,Not Applicable,99,Unknown,99,Unknown,99,Unknown EMS Scene Arrival Hour,99,Unknown EMS Scene Arrival Minutes,88,Not Applicable (Not Transported),88,Not Applicable (Not Transported),0,None,0,None,0,None,1,0
2018,40,400261,Oklahoma,2,2,0,0,0,4,4,83,LOGAN (83),2000,GUTHRIE,28,28,6,June,2018,5,Thursday,15,3:00pm-3:59pm,0,0,0,This section IS NOT on the NHS,2,Urban,3,Principal Arterial - Other,1,State Highway Agency,3,State Highway,SR-33,CR-BROADWAY,0,None,35.87170000,35.87170000,-97.477600000,-97.477600000,0,No Special Jurisdiction,12,Motor Vehicle In-Transport,6,Angle,0,No,2,Intersection,2,Four-Way Intersection,0,None,,,1,On Roadway,1,Daylight,1,Clear,0,No Additional Atmospheric Conditions,1,Clear,0,No,0000000,Not Applicable,15,3:00pm-3:59pm,0,0,15,3:00pm-3:59pm,6,6,16,4:00pm-4:59pm,0,0,0,None,0,None,0,None,2,0
2018,40,400262,Oklahoma,1,1,0,1,1,1,1,27,CLEVELAND (27),3220,MOORE,29,29,6,June,2018,6,Friday,15,3:00pm-3:59pm,26,26,0,This section IS NOT on the NHS,2,Urban,3,Principal Arterial - Other,4,City or Municipal Highway Agency,6,Local Street - Municipality,SW 19TH ST,FRITTS BLVD,0,None,35.31980278,35.31980278,-97.498888890,-97.498888890,0,No Special Jurisdiction,8,Pedestrian,0,Not a Collision with Motor Vehicle In-Transport,0,No,3,Intersection-Related,2,Four-Way Intersection,0,None,,,1,On Roadway,1,Daylight,1,Clear,0,No Additional Atmospheric Conditions,1,Clear,0,No,0000000,Not Applicable,15,3:00pm-3:59pm,28,28,15,3:00pm-3:59pm,35,35,88,Not Applicable (Not Transported),88,Not Applicable (Not Transported),0,None,0,None,0,None,1,0
2018,40,400263,Oklahoma,1,1,0,0,0,1,1,97,MAYES (97),0,NOT APPLICABLE,3,3,7,July,2018,3,Tuesday,18,6:00pm-6:59pm,27,27,0,This section IS NOT on the NHS,1,Rural,5,Major Collector,2,County Highway Agency,4,County Road,CR-KENWOOD RD,,0,None,36.30560000,36.30560000,-95.044800000,-95.044800000,0,No Special Jurisdiction,1,Rollover/Overturn,0,Not a Collision with Motor Vehicle In-Transport,0,No,1,Non-Junction,1,Not an Intersection,0,None,,,4,On Roadside,1,Daylight,10,Cloudy,0,No Additional Atmospheric Conditions,10,Cloudy,0,No,0000000,Not Applicable,18,6:00pm-6:59pm,30,30,19,7:00pm-7:59pm,1,1,19,7:00pm-7:59pm,47,47,0,None,0,None,0,None,1,1
2018,40,400264,Oklahoma,1,1,0,1,1,1,1,125,POTTAWATOMIE (125),0,NOT APPLICABLE,19,19,6,June,2018,3,Tuesday,22,10:00pm-10:59pm,0,0,1,This section IS ON the NHS,2,Urban,1,Interstate,1,State Highway Agency,1,Interstate,I-40,,0,None,35.38370000,35.38370000,-96.937200000,-96.937200000,0,No Special Jurisdiction,8,Pedestrian,0,Not a Collision with Motor Vehicle In-Transport,0,No,1,Non-Junction,1,Not an Intersection,0,None,,,2,On Shoulder,2,Dark - Not Lighted,1,Clear,0,No Additional Atmospheric Conditions,1,Clear,0,No,0000000,Not Applicable,21,9:00pm-9:59pm,56,56,22,10:00pm-10:59pm,4,4,22,10:00pm-10:59pm,17,17,0,None,0,None,0,None,1,0
2018,40,400265,Oklahoma,2,2,0,0,0,27,27,125,POTTAWATOMIE (125),4650,TECUMSEH,30,30,6,June,2018,7,Saturday,5,5:00am-5:59am,5,5,0,This section IS NOT on the NHS,2,Urban,3,Principal Arterial - Other,1,State Highway Agency,2,U.S. Highway,US-177,,0,None,35.24568056,35.24568056,-96.922255560,-96.922255560,0,No Special Jurisdiction,12,Motor Vehicle In-Transport,2,Front-to-Front,0,No,1,Non-Junction,1,Not an Intersection,0,None,,,1,On Roadway,2,Dark - Not Lighted,1,Clear,0,No Additional Atmospheric Conditions,1,Clear,0,No,0000000,Not Applicable,5,5:00am-5:59am,11,11,5,5:00am-5:59am,16,16,5,5:00am-5:59am,55,55,0,None,0,None,0,None,1,0
2018,40,400266,Oklahoma,2,2,0,0,0,2,2,21,CHEROKEE (21),0,NOT APPLICABLE,5,5,7,July,2018,5,Thursday,12,12:00pm-12:59pm,12,12,0,This section IS NOT on the NHS,1,Rural,4,Minor Arterial,1,State Highway Agency,2,U.S. Highway,US-62,,44,44,35.81950000,35.81950000,-95.054900000,-95.054900000,0,No Special Jurisdiction,12,Motor Vehicle In-Transport,6,Angle,0,No,1,Non-Junction,1,Not an Intersection,0,None,,,1,On Roadway,1,Daylight,1,Clear,0,No Additional Atmospheric Conditions,1,Clear,0,No,0000000,Not Applicable,12,12:00pm-12:59pm,10,10,12,12:00pm-12:59pm,18,18,12,12:00pm-12:59pm,50,50,0,None,0,None,0,None,1,0
2018,40,400267,Oklahoma,7,1,6,0,0,1,1,143,TULSA (143),4780,TULSA,6,6,7,July,2018,6,Friday,22,10:00pm-10:59pm,10,10,0,This section IS NOT on the NHS,2,Urban,4,Minor Arterial,4,City or Municipal Highway Agency,6,Local Street - Municipality,E 11TH ST,,0,None,36.14810000,36.14810000,-95.896700000,-95.896700000,0,No Special Jurisdiction,19,Building,0,Not a Collision with Motor Vehicle In-Transport,0,No,1,Non-Junction,1,Not an Intersection,0,None,,,4,On Roadside,3,Dark - Lighted,1,Clear,0,No Additional Atmospheric Conditions,1,Clear,0,No,0000000,Not Applicable,22,10:00pm-10:59pm,15,15,22,10:00pm-10:59pm,20,20,88,Not Applicable (Not Transported),88,Not Applicable (Not Transported),0,None,0,None,0,None,1,1
2018,40,400268,Oklahoma,1,1,0,1,1,2,2,143,TULSA (143),4780,TULSA,7,7,7,July,2018,7,Saturday,2,2:00am-2:59am,0,0,0,This section IS NOT on the NHS,2,Urban,4,Minor Arterial,4,City or Municipal Highway Agency,6,Local Street - Municipality,SOUTHWEST BLVD,,0,None,36.13290000,36.13290000,-96.007000000,-96.007000000,0,No Special Jurisdiction,9,Pedalcyclist,0,Not a Collision with Motor Vehicle In-Transport,0,No,1,Non-Junction,1,Not an Intersection,0,None,,,1,On Roadway,2,Dark - Not Lighted,1,Clear,0,No Additional Atmospheric Conditions,1,Clear,0,No,0000000,Not Applicable,2,2:00am-2:59am,0,0,2,2:00am-2:59am,5,5,2,2:00am-2:59am,19,19,0,None,0,None,0,None,1,1
2018,40,400269,Oklahoma,1,1,0,1,1,1,1,101,MUSKOGEE (101),3310,MUSKOGEE,4,4,6,June,2018,2,Monday,13,1:00pm-1:59pm,3,3,0,This section IS NOT on the NHS,2,Urban,4,Minor Arterial,4,City or Municipal Highway Agency,6,Local Street - Municipality,EASTSIDE BLVD,,0,None,35.75093611,35.75093611,-95.355952780,-95.355952780,0,No Special Jurisdiction,15,Non-Motorist on Personal Conveyance,0,Not a Collision with Motor Vehicle In-Transport,0,No,1,Non-Junction,1,Not an Intersection,0,None,,,1,On Roadway,1,Daylight,1,Clear,0,No Additional Atmospheric Conditions,1,Clear,0,No,0000000,Not Applicable,13,1:00pm-1:59pm,2,2,13,1:00pm-1:59pm,10,10,13,1:00pm-1:59pm,47,47,0,None,0,None,0,None,1,0
2018,40,400270,Oklahoma,2,2,0,0,0,2,2,131,ROGERS (131),0,NOT APPLICABLE,7,7,6,June,2018,5,Thursday,22,10:00pm-10:59pm,29,29,0,This section IS NOT on the NHS,1,Rural,5,Major Collector,1,State Highway Agency,3,State Highway,SR-88,,87,87,36.41800000,36.41800000,-95.669100000,-95.669100000,0,No Special Jurisdiction,1,Rollover/Overturn,0,Not a Collision with Motor Vehicle In-Transport,0,No,1,Non-Junction,1,Not an Intersection,0,None,,,1,On Roadway,2,Dark - Not Lighted,1,Clear,0,No Additional Atmospheric Conditions,1,Clear,0,No,0000000,Not Applicable,88,Not Applicable (Not Notified),88,Not Applicable (Not Notified),88,Not Applicable,88,Not Applicable,88,Not Applicable (Not Transported),88,Not Applicable (Not Transported),0,None,0,None,0,None,1,1
2018,40,400271,Oklahoma,1,1,0,0,0,2,2,81,LINCOLN (81),0,NOT APPLICABLE,17,17,6,June,2018,1,Sunday,20,8:00pm-8:59pm,17,17,0,This section IS NOT on the NHS,1,Rural,4,Minor Arterial,1,State Highway Agency,2,U.S. Highway,US-177,,0,None,35.71780000,35.71780000,-97.017500000,-97.017500000,0,No Special Jurisdiction,1,Rollover/Overturn,0,Not a Collision with Motor Vehicle In-Transport,0,No,1,Non-Junction,1,Not an Intersection,0,None,,,4,On Roadside,5,Dusk,1,Clear,0,No Additional Atmospheric Conditions,1,Clear,0,No,0000000,Not Applicable,20,8:00pm-8:59pm,27,27,21,9:00pm-9:59pm,11,11,21,9:00pm-9:59pm,43,43,0,None,0,None,0,None,1,0
2018,40,400272,Oklahoma,2,2,0,0,0,2,2,119,PAYNE (119),0,NOT APPLICABLE,18,18,6,June,2018,2,Monday,13,1:00pm-1:59pm,25,25,0,This section IS NOT on the NHS,1,Rural,5,Major Collector,1,State Highway Agency,3,State Highway,SR-108,CR-MCELROY RD,10,10,36.13130000,36.13130000,-96.926000000,-96.926000000,0,No Special Jurisdiction,12,Motor Vehicle In-Transport,6,Angle,0,No,2,Intersection,2,Four-Way Intersection,0,None,,,1,On Roadway,1,Daylight,1,Clear,0,No Additional Atmospheric Conditions,1,Clear,0,No,0000000,Not Applicable,88,Not Applicable (Not Notified),88,Not Applicable (Not Notified),88,Not Applicable,88,Not Applicable,88,Not Applicable (Not Transported),88,Not Applicable (Not Transported),0,None,0,None,0,None,1,0
2018,40,400273,Oklahoma,1,1,0,0,0,1,1,73,KINGFISHER (73),0,NOT APPLICABLE,22,22,6,June,2018,6,Friday,2,2:00am-2:59am,3,3,0,This section IS NOT on the NHS,1,Rural,4,Minor Arterial,1,State Highway Agency,3,State Highway,SR-33,,79,79,35.85640000,35.85640000,-97.792800000,-97.792800000,0,No Special Jurisdiction,35,Embankment,0,Not a Collision with Motor Vehicle In-Transport,0,No,1,Non-Junction,1,Not an Intersection,0,None,,,4,On Roadside,2,Dark - Not Lighted,10,Cloudy,0,No Additional Atmospheric Conditions,10,Cloudy,0,No,0000000,Not Applicable,2,2:00am-2:59am,10,10,2,2:00am-2:59am,19,19,88,Not Applicable (Not Transported),88,Not Applicable (Not Transported),0,None,0,None,0,None,1,1
2018,40,400274,Oklahoma,3,3,0,0,0,3,3,51,GRADY (51),0,NOT APPLICABLE,25,25,6,June,2018,2,Monday,15,3:00pm-3:59pm,33,33,0,This section IS NOT on the NHS,1,Rural,4,Minor Arterial,1,State Highway Agency,3,State Highway,SR-4,,24,24,35.25090000,35.25090000,-97.725200000,-97.725200000,0,No Special Jurisdiction,12,Motor Vehicle In-Transport,6,Angle,0,No,1,Non-Junction,1,Not an Intersection,0,None,,,1,On Roadway,1,Daylight,1,Clear,0,No Additional Atmospheric Conditions,1,Clear,0,No,0000000,Not Applicable,15,3:00pm-3:59pm,33,33,15,3:00pm-3:59pm,43,43,88,Not Applicable (Not Transported),88,Not Applicable (Not Transported),0,None,0,None,0,None,1,0
2018,40,400275,Oklahoma,1,1,0,0,0,1,1,109,OKLAHOMA (109),3550,OKLAHOMA CITY,7,7,7,July,2018,7,Saturday,10,10:00am-10:59am,26,26,1,This section IS ON the NHS,2,Urban,1,Interstate,1,State Highway Agency,1,Interstate,I-40 OFF-RAMP,,0,None,35.46090000,35.46090000,-97.634500000,-97.634500000,0,No Special Jurisdiction,33,Curb,0,Not a Collision with Motor Vehicle In-Transport,1,Yes,5,Entrance/Exit Ramp Related,1,Not an Intersection,0,None,,,4,On Roadside,1,Daylight,1,Clear,0,No Additional Atmospheric Conditions,1,Clear,0,No,0000000,Not Applicable,10,10:00am-10:59am,25,25,10,10:00am-10:59am,32,32,10,10:00am-10:59am,51,51,0,None,0,None,0,None,1,0
2018,40,400276,Oklahoma,2,2,0,0,0,3,3,103,NOBLE (103),0,NOT APPLICABLE,14,14,5,May,2018,2,Monday,11,11:00am-11:59am,18,18,0,This section IS NOT on the NHS,1,Rural,7,Local,2,County Highway Agency,4,County Road,CR-80,U-64,0,None,36.39960000,36.39960000,-97.336600000,-97.336600000,0,No Special Jurisdiction,12,Motor Vehicle In-Transport,6,Angle,0,No,3,Intersection-Related,3,T-Intersection,4,"Work Zone, Type Unknown",,,1,On Roadway,1,Daylight,10,Cloudy,0,No Additional Atmospheric Conditions,10,Cloudy,0,No,0000000,Not Applicable,11,11:00am-11:59am,52,52,12,12:00pm-12:59pm,23,23,13,1:00pm-1:59pm,12,12,28,Backup Due to Regular Congestion,0,None,0,None,2,0
2018,40,400277,Oklahoma,2,2,0,0,0,3,3,109,OKLAHOMA (109),3550,OKLAHOMA CITY,8,8,7,July,2018,1,Sunday,6,6:00am-6:59am,59,59,0,This section IS NOT on the NHS,2,Urban,4,Minor Arterial,4,City or Municipal Highway Agency,6,Local Street - Municipality,N ROCKWELL AVE,,0,None,35.60193333,35.60193333,-97.638505560,-97.638505560,0,No Special Jurisdiction,33,Curb,0,Not a Collision with Motor Vehicle In-Transport,0,No,1,Non-Junction,1,Not an Intersection,0,None,,,4,On Roadside,1,Daylight,10,Cloudy,0,No Additional Atmospheric Conditions,10,Cloudy,0,No,0000000,Not Applicable,7,7:00am-7:59am,1,1,7,7:00am-7:59am,13,13,7,7:00am-7:59am,47,47,0,None,0,None,0,None,1,1
2018,40,400278,Oklahoma,1,1,0,1,1,2,2,143,TULSA (143),1870,GLENPOOL,15,15,6,June,2018,6,Friday,5,5:00am-5:59am,22,22,1,This section IS ON the NHS,2,Urban,3,Principal Arterial - Other,1,State Highway Agency,2,U.S. Highway,US-75,,0,None,35.90838333,35.90838333,-96.015622220,-96.015622220,0,No Special Jurisdiction,8,Pedestrian,0,Not a Collision with Motor Vehicle In-Transport,0,No,1,Non-Junction,1,Not an Intersection,0,None,,,1,On Roadway,2,Dark - Not Lighted,1,Clear,0,No Additional Atmospheric Conditions,1,Clear,0,No,0000000,Not Applicable,5,5:00am-5:59am,26,26,5,5:00am-5:59am,33,33,88,Not Applicable (Not Transported),88,Not Applicable (Not Transported),0,None,0,None,0,None,1,0
2018,40,400279,Oklahoma,2,2,0,0,0,2,2,13,BRYAN (13),0,NOT APPLICABLE,21,21,6,June,2018,5,Thursday,13,1:00pm-1:59pm,50,50,1,This section IS ON the NHS,1,Rural,3,Principal Arterial - Other,1,State Highway Agency,2,U.S. Highway,US-70,,7,7,34.00100000,34.00100000,-96.621200000,-96.621200000,0,No Special Jurisdiction,12,Motor Vehicle In-Transport,6,Angle,0,No,1,Non-Junction,1,Not an Intersection,0,None,,,1,On Roadway,1,Daylight,1,Clear,0,No Additional Atmospheric Conditions,1,Clear,0,No,0000000,Not Applicable,13,1:00pm-1:59pm,53,53,14,2:00pm-2:59pm,12,12,88,Not Applicable (Not Transported),88,Not Applicable (Not Transported),0,None,0,None,0,None,2,1
2018,40,400280,Oklahoma,1,1,0,0,0,2,2,103,NOBLE (103),0,NOT APPLICABLE,14,14,7,July,2018,7,Saturday,2,2:00am-2:59am,35,35,0,This section IS NOT on the NHS,1,Rural,4,Minor Arterial,1,State Highway Agency,2,U.S. Highway,US-177,,72,72,36.39470000,36.39470000,-97.067800000,-97.067800000,0,No Special Jurisdiction,24,Guardrail Face,0,Not a Collision with Motor Vehicle In-Transport,0,No,1,Non-Junction,1,Not an Intersection,0,None,,,4,On Roadside,2,Dark - Not Lighted,2,Rain,0,No Additional Atmospheric Conditions,2,Rain,0,No,0000000,Not Applicable,2,2:00am-2:59am,39,39,2,2:00am-2:59am,57,57,3,3:00am-3:59am,47,47,0,None,0,None,0,None,1,0