caseyear,state,st_case,statename,ve_total,ve_forms,pvh_invl,peds,pernotmvit,permvit,persons,county,countyname,city,cityname,day,dayname,month,monthname,year,day_week,day_weekname,hour,hourname,minute,minutename,nhs,nhsname,rur_urb,rur_urbname,func_sys,func_sysname,rd_owner,rd_ownername,route,routename,tway_id,tway_id2,milept,mileptname,latitude,latitudename,longitud,longitudname,sp_jur,sp_jurname,harm_ev,harm_evname,man_coll,man_collname,reljct1,reljct1name,reljct2,reljct2name,typ_int,typ_intname,wrk_zone,wrk_zonename,road_fnc,road_fncname,rel_road,rel_roadname,lgt_cond,lgt_condname,weather1,weather1name,weather2,weather2name,weather,weathername,sch_bus,sch_busname,rail,railname,not_hour,not_hourname,not_min,not_minname,arr_hour,arr_hourname,arr_min,arr_minname,hosp_hr,hosp_hrname,hosp_mn,hosp_mnname,cf1,cf1name,cf2,cf2name,cf3,cf3name,fatals,drunk_dr
2018,40,400281,Oklahoma,1,1,0,0,0,1,1,145,WAGONER (145),590,BROKEN ARROW,30,30,6,June,2018,7,Saturday,16,4:00pm-4:59pm,10,10,1,This section IS ON the NHS,2,Urban,2,Principal Arterial - Other Freeways and Expressways,3,Town or Township Highway Agency,3,State Highway,SR-364 OFF-RAMP,,0,None,36.06420000,36.06420000,-95.738700000,-95.738700000,0,No Special Jurisdiction,34,Ditch,0,Not a Collision with Motor Vehicle In-Transport,1,Yes,5,Entrance/Exit Ramp Related,1,Not an Intersection,0,None,,,8,Gore,1,Daylight,10,Cloudy,0,No Additional Atmospheric Conditions,10,Cloudy,0,No,0000000,Not Applicable,16,4:00pm-4:59pm,20,20,16,4:00pm-4:59pm,25,25,88,Not Applicable (Not Transported),88,Not Applicable (Not Transported),0,None,0,None,0,None,1,0
2018,40,400282,Oklahoma,2,2,0,0,0,4,4,145,WAGONER (145),0,NOT APPLICABLE,4,4,7,July,2018,4,Wednesday,7,7:00am-7:59am,50,50,1,This section IS ON the NHS,2,Urban,3,Principal Arterial - Other,1,State Highway Agency,3,State Highway,SR-351,,0,None,36.01370000,36.01370000,-95.668700000,-95.668700000,0,No Special Jurisdiction,12,Motor Vehicle In-Transport,1,Front-to-Rear,0,No,1,Non-Junction,1,Not an Intersection,0,None,,,1,On Roadway,1,Daylight,98,Not Reported,0,No Additional Atmospheric Conditions,98,Not Reported,0,No,0000000,Not Applicable,88,Not Applicable (Not Notified),88,Not Applicable (Not Notified),88,Not Applicable,88,Not Applicable,88,Not Applicable (Not Transported),88,Not Applicable (Not Transported),0,None,0,None,0,None,2,0
2018,40,400283,Oklahoma,2,2,0,0,0,3,3,15,CADDO (15),0,NOT APPLICABLE,9,9,7,July,2018,2,Monday,8,8:00am-8:59am,24,24,0,This section IS NOT on the NHS,1,Rural,5,Major Collector,1,State Highway Agency,3,State Highway,SR-19,CR-2670,70,70,34.89840000,34.89840000,-98.233300000,-98.233300000,0,No Special Jurisdiction,12,Motor Vehicle In-Transport,6,Angle,0,No,2,Intersection,2,Four-Way Intersection,0,None,,,1,On Roadway,1,Daylight,1,Clear,0,No Additional Atmospheric Conditions,1,Clear,0,No,0000000,Not Applicable,8,8:00am-8:59am,33,33,8,8:00am-8:59am,51,51,9,9:00am-9:59am,29,29,0,None,0,None,0,None,1,0
2018,40,400284,Oklahoma,2,2,0,0,0,2,2,5,ATOKA (5),0,NOT APPLICABLE,4,4,6,June,2018,2,Monday,7,7:00am-7:59am,15,15,1,This section IS ON the NHS,1,Rural,3,Principal Arterial - Other,1,State Highway Agency,3,State Highway,SR-3,CR-BUFFAO CREEK RD,53,53,34.33650000,34.33650000,-96.058200000,-96.058200000,0,No Special Jurisdiction,12,Motor Vehicle In-Transport,6,Angle,0,No,2,Intersection,2,Four-Way Intersection,0,None,,,1,On Roadway,1,Daylight,1,Clear,0,No Additional Atmospheric Conditions,1,Clear,0,No,0000000,Not Applicable,7,7:00am-7:59am,15,15,7,7:00am-7:59am,51,51,8,8:00am-8:59am,45,45,0,None,0,None,0,None,1,0
2018,40,400285,Oklahoma,1,1,0,0,0,1,1,83,LOGAN (83),2000,GUTHRIE,7,7,6,June,2018,5,Thursday,20,8:00pm-8:59pm,57,57,0,This section IS NOT on the NHS,2,Urban,7,Local,4,City or Municipal Highway Agency,6,Local Street - Municipality,DIVISION,COLLEGE,0,None,35.88530000,35.88530000,-97.425300000,-97.425300000,0,No Special Jurisdiction,59,Traffic Sign Support,0,Not a Collision with Motor Vehicle In-Transport,0,No,1,Non-Junction,1,Not an Intersection,0,None,,,4,On Roadside,5,Dusk,1,Clear,0,No Additional Atmospheric Conditions,1,Clear,0,No,0000000,Not Applicable,20,8:00pm-8:59pm,55,55,21,9:00pm-9:59pm,0,0,88,Not Applicable (Not Transported),88,Not Applicable (Not Transported),0,None,0,None,0,None,1,0
2018,40,400286,Oklahoma,2,1,1,0,0,3,3,131,ROGERS (131),870,CATOOSA,23,23,6,June,2018,7,Saturday,3,3:00am-3:59am,12,12,1,This section IS ON the NHS,2,Urban,1,Interstate,1,State Highway Agency,1,Interstate,I-44,,0,None,36.16270000,36.16270000,-95.812200000,-95.812200000,0,No Special Jurisdiction,14,Parked Motor Vehicle,0,Not a Collision with Motor Vehicle In-Transport,0,No,1,Non-Junction,1,Not an Intersection,0,None,,,2,On Shoulder,3,Dark - Lighted,10,Cloudy,0,No Additional Atmospheric Conditions,10,Cloudy,0,No,0000000,Not Applicable,3,3:00am-3:59am,18,18,3,3:00am-3:59am,29,29,4,4:00am-4:59am,0,0,0,None,0,None,0,None,1,1
2018,40,400287,Oklahoma,1,1,0,1,1,1,1,47,GARFIELD (47),1550,ENID,23,23,6,June,2018,7,Saturday,21,9:00pm-9:59pm,50,50,0,This section IS NOT on the NHS,2,Urban,4,Minor Arterial,4,City or Municipal Highway Agency,6,Local Street - Municipality,N GARLAND,,0,None,36.40016667,36.40016667,-97.943736110,-97.943736110,0,No Special Jurisdiction,9,Pedalcyclist,0,Not a Collision with Motor Vehicle In-Transport,0,No,1,Non-Junction,1,Not an Intersection,0,None,,,1,On Roadway,2,Dark - Not Lighted,1,Clear,0,No Additional Atmospheric Conditions,1,Clear,0,No,0000000,Not Applicable,21,9:00pm-9:59pm,56,56,22,10:00pm-10:59pm,31,31,23,11:00pm-11:59pm,20,20,0,None,0,None,0,None,1,0
2018,40,400288,Oklahoma,1,1,0,0,0,1,1,37,CREEK (37),0,NOT APPLICABLE,25,25,6,June,2018,2,Monday,1,1:00am-1:59am,41,41,0,This section IS NOT on the NHS,1,Rural,4,Minor Arterial,1,State Highway Agency,3,State Highway,SR-33,,29,29,35.98840000,35.98840000,-96.570600000,-96.570600000,0,No Special Jurisdiction,11,Live Animal,0,Not a Collision with Motor Vehicle In-Transport,0,No,1,Non-Junction,1,Not an Intersection,0,None,,,1,On Roadway,2,Dark - Not Lighted,10,Cloudy,0,No Additional Atmospheric Conditions,10,Cloudy,0,No,0000000,Not Applicable,1,1:00am-1:59am,29,29,1,1:00am-1:59am,41,41,88,Not Applicable (Not Transported),88,Not Applicable (Not Transported),0,None,0,None,0,None,1,0
2018,40,400289,Oklahoma,1,1,0,0,0,1,1,143,TULSA (143),4780,TULSA,30,30,6,June,2018,7,Saturday,15,3:00pm-3:59pm,17,17,1,This section IS ON the NHS,2,Urban,2,Principal Arterial - Other Freeways and Expressways,1,State Highway Agency,3,State Highway,SR-364,,0,None,36.02240000,36.02240000,-95.944300000,-95.944300000,0,No Special Jurisdiction,31,"Post, Pole or Other Supports",0,Not a Collision with Motor Vehicle In-Transport,0,No,1,Non-Junction,1,Not an Intersection,0,None,,,4,On Roadside,1,Daylight,10,Cloudy,0,No Additional Atmospheric Conditions,10,Cloudy,0,No,0000000,Not Applicable,15,3:00pm-3:59pm,17,17,15,3:00pm-3:59pm,22,22,15,3:00pm-3:59pm,48,48,0,None,0,None,0,None,1,0
2018,40,400290,Oklahoma,2,1,1,1,1,1,1,109,OKLAHOMA (109),3550,OKLAHOMA CITY,15,15,7,July,2018,1,Sunday,2,2:00am-2:59am,5,5,0,This section IS NOT on the NHS,2,Urban,4,Minor Arterial,4,City or Municipal Highway Agency,6,Local Street - Municipality,N WESTERN AVE,NW 42ND ST,0,None,35.51470278,35.51470278,-97.529838890,-97.529838890,0,No Special Jurisdiction,8,Pedestrian,0,Not a Collision with Motor Vehicle In-Transport,0,No,3,Intersection-Related,2,Four-Way Intersection,0,None,,,1,On Roadway,3,Dark - Lighted,10,Cloudy,0,No Additional Atmospheric Conditions,10,Cloudy,0,No,0000000,Not Applicable,2,2:00am-2:59am,5,5,2,2:00am-2:59am,9,9,2,2:00am-2:59am,25,25,0,None,0,None,0,None,1,1
2018,40,400291,Oklahoma,1,1,0,0,0,1,1,15,CADDO (15),0,NOT APPLICABLE,1,1,7,July,2018,1,Sunday,21,9:00pm-9:59pm,14,14,0,This section IS NOT on the NHS,1,Rural,5,Major Collector,2,County Highway Agency,4,County Road,CR-2600,CR-1340,0,None,35.07260000,35.07260000,-98.356800000,-98.356800000,0,No Special Jurisdiction,32,Culvert,0,Not a Collision with Motor Vehicle In-Transport,0,No,3,Intersection-Related,3,T-Intersection,0,None,,,4,On Roadside,2,Dark - Not Lighted,1,Clear,0,No Additional Atmospheric Conditions,1,Clear,0,No,0000000,Not Applicable,21,9:00pm-9:59pm,8,8,21,9:00pm-9:59pm,17,17,22,10:00pm-10:59pm,2,2,0,None,0,None,0,None,1,1
2018,40,400292,Oklahoma,1,1,0,0,0,1,1,97,MAYES (97),0,NOT APPLICABLE,2,2,7,July,2018,2,Monday,10,10:00am-10:59am,0,0,0,This section IS NOT on the NHS,1,Rural,5,Major Collector,1,State Highway Agency,2,U.S. Highway,US-412A,,143,143,36.21970000,36.21970000,-95.041300000,-95.041300000,0,No Special Jurisdiction,1,Rollover/Overturn,0,Not a Collision with Motor Vehicle In-Transport,0,No,1,Non-Junction,1,Not an Intersection,0,None,,,4,On Roadside,1,Daylight,1,Clear,0,No Additional Atmospheric Conditions,1,Clear,0,No,0000000,Not Applicable,10,10:00am-10:59am,7,7,10,10:00am-10:59am,32,32,11,11:00am-11:59am,9,9,0,None,0,None,0,None,1,0
2018,40,400293,Oklahoma,2,2,0,0,0,3,3,37,CREEK (37),0,NOT APPLICABLE,8,8,7,July,2018,1,Sunday,19,7:00pm-7:59pm,8,8,0,This section IS NOT on the NHS,1,Rural,4,Minor Arterial,1,State Highway Agency,3,State Highway,SR-51,,101,101,36.11920000,36.11920000,-96.402700000,-96.402700000,0,No Special Jurisdiction,12,Motor Vehicle In-Transport,2,Front-to-Front,0,No,1,Non-Junction,1,Not an Intersection,0,None,,,1,On Roadway,1,Daylight,1,Clear,0,No Additional Atmospheric Conditions,1,Clear,0,No,0000000,Not Applicable,19,7:00pm-7:59pm,5,5,19,7:00pm-7:59pm,27,27,20,8:00pm-8:59pm,16,16,0,None,0,None,0,None,2,0
2018,40,400294,Oklahoma,1,1,0,1,1,1,1,109,OKLAHOMA (109),3550,OKLAHOMA CITY,13,13,7,July,2018,6,Friday,4,4:00am-4:59am,15,15,1,This section IS ON the NHS,2,Urban,1,Interstate,1,State Highway Agency,1,Interstate,I-240,,0,None,35.39132778,35.39132778,-97.549650000,-97.549650000,0,No Special Jurisdiction,8,Pedestrian,0,Not a Collision with Motor Vehicle In-Transport,0,No,1,Non-Junction,1,Not an Intersection,0,None,,,1,On Roadway,3,Dark - Lighted,1,Clear,0,No Additional Atmospheric Conditions,1,Clear,0,No,0000000,Not Applicable,4,4:00am-4:59am,35,35,4,4:00am-4:59am,43,43,88,Not Applicable (Not Transported),88,Not Applicable (Not Transported),0,None,0,None,0,None,1,0
2018,40,400295,Oklahoma,1,1,0,0,0,3,3,109,OKLAHOMA (109),3550,OKLAHOMA CITY,14,14,7,July,2018,7,Saturday,2,2:00am-2:59am,24,24,1,This section IS ON the NHS,2,Urban,1,Interstate,1,State Highway Agency,1,Interstate,I-35,,0,None,35.64390000,35.64390000,-97.424500000,-97.424500000,0,No Special Jurisdiction,1,Rollover/Overturn,0,Not a Collision with Motor Vehicle In-Transport,0,No,1,Non-Junction,1,Not an Intersection,0,None,,,4,On Roadside,3,Dark - Lighted,1,Clear,0,No Additional Atmospheric Conditions,1,Clear,0,No,0000000,Not Applicable,88,Not Applicable (Not Notified),88,Not Applicable (Not Notified),88,Not Applicable,88,Not Applicable,88,Not Applicable (Not Transported),88,Not Applicable (Not Transported),0,None,0,None,0,None,1,0
2018,40,400296,Oklahoma,2,2,0,0,0,2,2,27,CLEVELAND (27),0,NOT APPLICABLE,18,18,7,July,2018,4,Wednesday,19,7:00pm-7:59pm,39,39,0,This section IS NOT on the NHS,1,Rural,5,Major Collector,1,State Highway Agency,2,U.S. Highway,US-77,,0,None,35.04460000,35.04460000,-97.334900000,-97.334900000,0,No Special Jurisdiction,12,Motor Vehicle In-Transport,2,Front-to-Front,0,No,1,Non-Junction,1,Not an Intersection,0,None,,,1,On Roadway,1,Daylight,1,Clear,0,No Additional Atmospheric Conditions,1,Clear,0,No,0000000,Not Applicable,19,7:00pm-7:59pm,45,45,19,7:00pm-7:59pm,47,47,20,8:00pm-8:59pm,38,38,0,None,0,None,0,None,1,0
2018,40,400297,Oklahoma,2,2,0,0,0,2,2,81,LINCOLN (81),4999,WARWICK,19,19,6,June,2018,3,Tuesday,14,2:00pm-2:59pm,51,51,0,This section IS NOT on the NHS,1,Rural,5,Major Collector,1,State Highway Agency,3,State Highway,SR-66,,0,None,35.68960000,35.68960000,-96.996400000,-96.996400000,0,No Special Jurisdiction,12,Motor Vehicle In-Transport,2,Front-to-Front,0,No,1,Non-Junction,1,Not an Intersection,0,None,,,1,On Roadway,1,Daylight,1,Clear,0,No Additional Atmospheric Conditions,1,Clear,0,No,0000000,Not Applicable,15,3:00pm-3:59pm,37,37,15,3:00pm-3:59pm,44,44,15,3:00pm-3:59pm,55,55,0,None,0,None,0,None,1,0
2018,40,400298,Oklahoma,2,2,0,0,0,2,2,19,CARTER (19),210,ARDMORE,3,3,7,July,2018,3,Tuesday,10,10:00am-10:59am,14,14,0,This section IS NOT on the NHS,2,Urban,4,Minor Arterial,1,State Highway Agency,3,State Highway,SR-142,I-35 OFF-RAMP,0,None,34.20195278,34.20195278,-97.165152780,-97.165152780,0,No Special Jurisdiction,12,Motor Vehicle In-Transport,6,Angle,1,Yes,5,Entrance/Exit Ramp Related,1,Not an Intersection,0,None,,,1,On Roadway,1,Daylight,1,Clear,0,No Additional Atmospheric Conditions,1,Clear,0,No,0000000,Not Applicable,10,10:00am-10:59am,15,15,10,10:00am-10:59am,20,20,10,10:00am-10:59am,36,36,0,None,0,None,0,None,1,0
2018,40,400299,Oklahoma,2,2,0,0,0,2,2,15,CADDO (15),0,NOT APPLICABLE,6,6,7,July,2018,6,Friday,19,7:00pm-7:59pm,4,4,1,This section IS ON the NHS,1,Rural,1,Interstate,1,State Highway Agency,1,Interstate,I-40,,0,None,35.52920000,35.52920000,-98.411600000,-98.411600000,0,No Special Jurisdiction,57,Cable Barrier,0,Not a Collision with Motor Vehicle In-Transport,0,No,1,Non-Junction,1,Not an Intersection,0,None,,,3,On Median,1,Daylight,1,Clear,0,No Additional Atmospheric Conditions,1,Clear,0,No,0000000,Not Applicable,99,Unknown,99,Unknown,99,Unknown EMS Scene Arrival Hour,99,Unknown EMS Scene Arrival Minutes,99,Unknown,99,Unknown EMS Hospital Arrival Time,0,None,0,None,0,None,1,0
2018,40,400300,Oklahoma,2,2,0,0,0,2,2,111,OKMULGEE (111),0,NOT APPLICABLE,8,8,7,July,2018,1,Sunday,1,1:00am-1:59am,10,10,1,This section IS ON the NHS,1,Rural,3,Principal Arterial - Other,1,State Highway Agency,2,U.S. Highway,US-75,,101,101,35.74410000,35.74410000,-96.007500000,-96.007500000,0,No Special Jurisdiction,12,Motor Vehicle In-Transport,2,Front-to-Front,0,No,1,Non-Junction,1,Not an Intersection,0,None,,,1,On Roadway,2,Dark - Not Lighted,1,Clear,0,No Additional Atmospheric Conditions,1,Clear,0,No,0000000,Not Applicable,1,1:00am-1:59am,13,13,1,1:00am-1:59am,30,30,88,Not Applicable (Not Transported),88,Not Applicable (Not Transported),0,None,0,None,0,None,1,1
2018,40,400301,Oklahoma,1,1,0,0,0,1,1,47,GARFIELD (47),0,NOT APPLICABLE,11,11,7,July,2018,4,Wednesday,14,2:00pm-2:59pm,0,0,0,This section IS NOT on the NHS,1,Rural,5,Major Collector,1,State Highway Agency,3,State Highway,SR-164,,57,57,36.28340000,36.28340000,-97.491300000,-97.491300000,0,No Special Jurisdiction,34,Ditch,0,Not a Collision with Motor Vehicle In-Transport,0,No,1,Non-Junction,1,Not an Intersection,0,None,,,4,On Roadside,1,Daylight,1,Clear,0,No Additional Atmospheric Conditions,1,Clear,0,No,0000000,Not Applicable,14,2:00pm-2:59pm,42,42,14,2:00pm-2:59pm,46,46,15,3:00pm-3:59pm,3,3,0,None,0,None,0,None,1,0
2018,40,400302,Oklahoma,1,1,0,0,0,2,2,109,OKLAHOMA (109),3550,OKLAHOMA CITY,18,18,7,July,2018,4,Wednesday,10,10:00am-10:59am,35,35,1,This section IS ON the NHS,2,Urban,1,Interstate,1,State Highway Agency,1,Interstate,I-240,,0,None,35.39130000,35.39130000,-97.451500000,-97.451500000,0,No Special Jurisdiction,1,Rollover/Overturn,0,Not a Collision with Motor Vehicle In-Transport,0,No,1,Non-Junction,1,Not an Intersection,0,None,,,4,On Roadside,1,Daylight,2,Rain,0,No Additional Atmospheric Conditions,2,Rain,0,No,0000000,Not Applicable,10,10:00am-10:59am,35,35,10,10:00am-10:59am,43,43,11,11:00am-11:59am,15,15,0,None,0,None,0,None,1,0
2018,40,400303,Oklahoma,2,2,0,0,0,2,2,51,GRADY (51),3416,NINNEKAH,12,12,6,June,2018,3,Tuesday,99,Unknown Hours,99,Unknown Minutes,1,This section IS ON the NHS,1,Rural,3,Principal Arterial - Other,1,State Highway Agency,2,U.S. Highway,US-277,,0,None,34.95617778,34.95617778,-97.985308330,-97.985308330,0,No Special Jurisdiction,12,Motor Vehicle In-Transport,2,Front-to-Front,0,No,1,Non-Junction,1,Not an Intersection,0,None,,,1,On Roadway,1,Daylight,10,Cloudy,0,No Additional Atmospheric Conditions,10,Cloudy,0,No,0000000,Not Applicable,17,5:00pm-5:59pm,47,47,18,6:00pm-6:59pm,8,8,18,6:00pm-6:59pm,36,36,0,None,0,None,0,None,1,0
2018,40,400304,Oklahoma,1,1,0,0,0,1,1,101,MUSKOGEE (101),3570,OKTAHA,6,6,6,June,2018,4,Wednesday,20,8:00pm-8:59pm,55,55,0,This section IS NOT on the NHS,1,Rural,7,Local,2,County Highway Agency,4,County Road,CR-E0990,,0,None,35.58090000,35.58090000,-95.478700000,-95.478700000,0,No Special Jurisdiction,10,Railway Vehicle,0,Not a Collision with Motor Vehicle In-Transport,0,No,6,Railway Grade Crossing,1,Not an Intersection,0,None,,,1,On Roadway,5,Dusk,1,Clear,0,No Additional Atmospheric Conditions,1,Clear,0,No,413630L,413630L,20,8:00pm-8:59pm,49,49,20,8:00pm-8:59pm,54,54,88,Not Applicable (Not Transported),88,Not Applicable (Not Transported),0,None,0,None,0,None,1,1
2018,40,400305,Oklahoma,2,2,0,0,0,2,2,83,LOGAN (83),0,NOT APPLICABLE,28,28,6,June,2018,5,Thursday,5,5:00am-5:59am,17,17,0,This section IS NOT on the NHS,1,Rural,5,Major Collector,1,State Highway Agency,3,State Highway,SR-74,,0,None,35.92540000,35.92540000,-97.595100000,-97.595100000,0,No Special Jurisdiction,12,Motor Vehicle In-Transport,6,Angle,0,No,1,Non-Junction,1,Not an Intersection,0,None,,,1,On Roadway,1,Daylight,1,Clear,0,No Additional Atmospheric Conditions,1,Clear,0,No,0000000,Not Applicable,5,5:00am-5:59am,22,22,5,5:00am-5:59am,30,30,6,6:00am-6:59am,2,2,0,None,0,None,0,None,1,0
2018,40,400306,Oklahoma,5,5,0,0,0,6,6,15,CADDO (15),2230,HINTON,6,6,7,July,2018,6,Friday,9,9:00am-9:59am,36,36,1,This section IS ON the NHS,1,Rural,1,Interstate,1,State Highway Agency,1,Interstate,I-40,,0,None,35.52940000,35.52940000,-98.350500000,-98.350500000,0,No Special Jurisdiction,72,"Cargo/Equipment Loss, Shift, or Damage [harmful]",0,Not a Collision with Motor Vehicle In-Transport,0,No,1,Non-Junction,1,Not an Intersection,0,None,,,1,On Roadway,1,Daylight,1,Clear,0,No Additional Atmospheric Conditions,1,Clear,0,No,0000000,Not Applicable,9,9:00am-9:59am,41,41,9,9:00am-9:59am,51,51,11,11:00am-11:59am,0,0,14,"Motor Vehicle struck by falling cargo,or something that came loose from or something that was set in motion by a vehicle",0,None,0,None,1,0
2018,40,400307,Oklahoma,2,2,0,0,0,3,3,37,CREEK (37),0,NOT APPLICABLE,18,18,7,July,2018,4,Wednesday,0,0:00am-0:59am,41,41,1,This section IS ON the NHS,1,Rural,1,Interstate,1,State Highway Agency,1,Interstate,I-44,,0,None,35.77210000,35.77210000,-96.615700000,-96.615700000,0,No Special Jurisdiction,12,Motor Vehicle In-Transport,6,Angle,0,No,1,Non-Junction,1,Not an Intersection,0,None,,,1,On Roadway,3,Dark - Lighted,10,Cloudy,0,No Additional Atmospheric Conditions,10,Cloudy,0,No,0000000,Not Applicable,0,0:00am-0:59am,42,42,1,1:00am-1:59am,8,8,2,2:00am-2:59am,21,21,0,None,0,None,0,None,1,1
2018,40,400308,Oklahoma,3,3,0,0,0,3,3,143,TULSA (143),4780,TULSA,24,24,7,July,2018,3,Tuesday,13,1:00pm-1:59pm,52,52,0,This section IS NOT on the NHS,2,Urban,4,Minor Arterial,4,City or Municipal Highway Agency,6,Local Street - Municipality,S HARVARD AVE,,0,None,36.06900000,36.06900000,-95.940000000,-95.940000000,0,No Special Jurisdiction,12,Motor Vehicle In-Transport,2,Front-to-Front,0,No,1,Non-Junction,1,Not an Intersection,0,None,,,1,On Roadway,1,Daylight,10,Cloudy,0,No Additional Atmospheric Conditions,10,Cloudy,0,No,0000000,Not Applicable,13,1:00pm-1:59pm,50,50,14,2:00pm-2:59pm,5,5,14,2:00pm-2:59pm,15,15,0,None,0,None,0,None,1,0
2018,40,400309,Oklahoma,1,1,0,0,0,3,3,69,JOHNSTON (69),0,NOT APPLICABLE,25,25,7,July,2018,4,Wednesday,14,2:00pm-2:59pm,23,23,0,This section IS NOT on the NHS,1,Rural,7,Local,2,County Highway Agency,4,County Road,CR-STINSON RD,,0,None,34.46284444,34.46284444,-96.853308330,-96.853308330,0,No Special Jurisdiction,1,Rollover/Overturn,0,Not a Collision with Motor Vehicle In-Transport,0,No,1,Non-Junction,1,Not an Intersection,0,None,,,4,On Roadside,1,Daylight,1,Clear,0,No Additional Atmospheric Conditions,1,Clear,0,No,0000000,Not Applicable,14,2:00pm-2:59pm,34,34,15,3:00pm-3:59pm,19,19,16,4:00pm-4:59pm,16,16,0,None,0,None,0,None,1,1
2018,40,400310,Oklahoma,1,1,0,0,0,1,1,21,CHEROKEE (21),0,NOT APPLICABLE,25,25,7,July,2018,4,Wednesday,21,9:00pm-9:59pm,58,58,0,This section IS NOT on the NHS,1,Rural,7,Local,2,County Highway Agency,4,County Road,CR-811,CR-890,0,None,35.84110000,35.84110000,-95.020400000,-95.020400000,0,No Special Jurisdiction,1,Rollover/Overturn,0,Not a Collision with Motor Vehicle In-Transport,0,No,3,Intersection-Related,3,T-Intersection,0,None,,,4,On Roadside,2,Dark - Not Lighted,1,Clear,0,No Additional Atmospheric Conditions,1,Clear,0,No,0000000,Not Applicable,99,Unknown,99,Unknown,99,Unknown EMS Scene Arrival Hour,99,Unknown EMS Scene Arrival Minutes,99,Unknown,99,Unknown EMS Hospital Arrival Time,0,None,0,None,0,None,1,1
2018,40,400311,Oklahoma,2,2,0,0,0,3,3,95,MARSHALL (95),0,NOT APPLICABLE,26,26,6,June,2018,3,Tuesday,20,8:00pm-8:59pm,20,20,0,This section IS NOT on the NHS,1,Rural,5,Major Collector,1,State Highway Agency,3,State Highway,SR-1,US-177,0,None,34.17000000,34.17000000,-96.834000000,-96.834000000,0,No Special Jurisdiction,12,Motor Vehicle In-Transport,6,Angle,0,No,2,Intersection,3,T-Intersection,0,None,,,1,On Roadway,1,Daylight,1,Clear,0,No Additional Atmospheric Conditions,1,Clear,0,No,0000000,Not Applicable,19,7:00pm-7:59pm,56,56,20,8:00pm-8:59pm,2,2,20,8:00pm-8:59pm,51,51,0,None,0,None,0,None,1,0
2018,40,400312,Oklahoma,1,1,0,1,1,1,1,111,OKMULGEE (111),3560,OKMULGEE,19,19,1,January,2018,6,Friday,4,4:00am-4:59am,58,58,0,This section IS NOT on the NHS,2,Urban,4,Minor Arterial,4,City or Municipal Highway Agency,6,Local Street - Municipality,20TH ST,,0,None,35.61002500,35.61002500,-95.984208330,-95.984208330,0,No Special Jurisdiction,9,Pedalcyclist,0,Not a Collision with Motor Vehicle In-Transport,0,No,1,Non-Junction,1,Not an Intersection,0,None,,,1,On Roadway,2,Dark - Not Lighted,1,Clear,0,No Additional Atmospheric Conditions,1,Clear,0,No,0000000,Not Applicable,88,Not Applicable (Not Notified),88,Not Applicable (Not Notified),88,Not Applicable,88,Not Applicable,88,Not Applicable (Not Transported),88,Not Applicable (Not Transported),0,None,0,None,0,None,1,0
2018,40,400313,Oklahoma,1,1,0,0,0,2,2,121,PITTSBURG (121),9997,Other,5,5,7,July,2018,5,Thursday,14,2:00pm-2:59pm,0,0,0,This section IS NOT on the NHS,1,Rural,4,Minor Arterial,1,State Highway Agency,2,U.S. Highway,US-270,,0,None,34.94190000,34.94190000,-95.948000000,-95.948000000,0,No Special Jurisdiction,7,Other Non-Collision,0,Not a Collision with Motor Vehicle In-Transport,0,No,1,Non-Junction,1,Not an Intersection,0,None,,,1,On Roadway,1,Daylight,10,Cloudy,0,No Additional Atmospheric Conditions,10,Cloudy,0,No,0000000,Not Applicable,15,3:00pm-3:59pm,34,34,15,3:00pm-3:59pm,49,49,16,4:00pm-4:59pm,35,35,0,None,0,None,0,None,1,0
2018,40,400314,Oklahoma,1,1,0,0,0,1,1,123,PONTOTOC (123),0,NOT APPLICABLE,20,20,7,July,2018,6,Friday,5,5:00am-5:59am,57,57,0,This section IS NOT on the NHS,1,Rural,5,Major Collector,2,County Highway Agency,4,County Road,CR-1600,,0,None,34.69450000,34.69450000,-96.636700000,-96.636700000,0,No Special Jurisdiction,1,Rollover/Overturn,0,Not a Collision with Motor Vehicle In-Transport,0,No,1,Non-Junction,1,Not an Intersection,0,None,,,4,On Roadside,2,Dark - Not Lighted,1,Clear,0,No Additional Atmospheric Conditions,1,Clear,0,No,0000000,Not Applicable,99,Unknown,99,Unknown,99,Unknown EMS Scene Arrival Hour,97,Officially Cancelled,99,Unknown,97,Officially Canceled,0,None,0,None,0,None,1,1
2018,40,400315,Oklahoma,1,1,0,0,0,1,1,123,PONTOTOC (123),0,NOT APPLICABLE,23,23,7,July,2018,2,Monday,4,4:00am-4:59am,17,17,1,This section IS ON the NHS,1,Rural,3,Principal Arterial - Other,1,State Highway Agency,3,State Highway,SR-1,,16,16,34.63450000,34.63450000,-96.818400000,-96.818400000,0,No Special Jurisdiction,38,Fence,0,Not a Collision with Motor Vehicle In-Transport,0,No,1,Non-Junction,1,Not an Intersection,0,None,,,4,On Roadside,2,Dark - Not Lighted,1,Clear,0,No Additional Atmospheric Conditions,1,Clear,0,No,0000000,Not Applicable,4,4:00am-4:59am,19,19,4,4:00am-4:59am,36,36,88,Not Applicable (Not Transported),88,Not Applicable (Not Transported),0,None,0,None,0,None,1,0
2018,40,400316,Oklahoma,1,1,0,0,0,1,1,119,PAYNE (119),0,NOT APPLICABLE,23,23,7,July,2018,2,Monday,19,7:00pm-7:59pm,2,2,1,This section IS ON the NHS,1,Rural,1,Interstate,1,State Highway Agency,1,Interstate,I-35,,0,None,36.07620000,36.07620000,-97.345000000,-97.345000000,0,No Special Jurisdiction,57,Cable Barrier,0,Not a Collision with Motor Vehicle In-Transport,0,No,1,Non-Junction,1,Not an Intersection,0,None,,,3,On Median,1,Daylight,1,Clear,0,No Additional Atmospheric Conditions,1,Clear,0,No,0000000,Not Applicable,88,Not Applicable (Not Notified),88,Not Applicable (Not Notified),88,Not Applicable,88,Not Applicable,88,Not Applicable (Not Transported),88,Not Applicable (Not Transported),0,None,0,None,0,None,1,1