caseyear,state,st_case,statename,ve_total,ve_forms,pvh_invl,peds,pernotmvit,permvit,persons,county,countyname,city,cityname,day,dayname,month,monthname,year,day_week,day_weekname,hour,hourname,minute,minutename,nhs,nhsname,rur_urb,rur_urbname,func_sys,func_sysname,rd_owner,rd_ownername,route,routename,tway_id,tway_id2,milept,mileptname,latitude,latitudename,longitud,longitudname,sp_jur,sp_jurname,harm_ev,harm_evname,man_coll,man_collname,reljct1,reljct1name,reljct2,reljct2name,typ_int,typ_intname,wrk_zone,wrk_zonename,road_fnc,road_fncname,rel_road,rel_roadname,lgt_cond,lgt_condname,weather1,weather1name,weather2,weather2name,weather,weathername,sch_bus,sch_busname,rail,railname,not_hour,not_hourname,not_min,not_minname,arr_hour,arr_hourname,arr_min,arr_minname,hosp_hr,hosp_hrname,hosp_mn,hosp_mnname,cf1,cf1name,cf2,cf2name,cf3,cf3name,fatals,drunk_dr
2018,40,400351,Oklahoma,1,1,0,0,0,4,4,9,BECKHAM (9),0,NOT APPLICABLE,22,22,7,July,2018,1,Sunday,15,3:00pm-3:59pm,40,40,1,This section IS ON the NHS,1,Rural,1,Interstate,1,State Highway Agency,1,Interstate,I-40,,0,None,35.22650000,35.22650000,-99.842700000,-99.842700000,0,No Special Jurisdiction,1,Rollover/Overturn,0,Not a Collision with Motor Vehicle In-Transport,0,No,1,Non-Junction,1,Not an Intersection,0,None,,,4,On Roadside,1,Daylight,10,Cloudy,0,No Additional Atmospheric Conditions,10,Cloudy,0,No,0000000,Not Applicable,15,3:00pm-3:59pm,44,44,15,3:00pm-3:59pm,47,47,16,4:00pm-4:59pm,20,20,0,None,0,None,0,None,1,0
2018,40,400352,Oklahoma,1,1,0,0,0,2,2,85,LOVE (85),0,NOT APPLICABLE,17,17,8,August,2018,6,Friday,22,10:00pm-10:59pm,18,18,1,This section IS ON the NHS,1,Rural,1,Interstate,1,State Highway Agency,1,Interstate,I-35,,0,None,34.02720000,34.02720000,-97.147200000,-97.147200000,0,No Special Jurisdiction,25,Concrete Traffic Barrier,0,Not a Collision with Motor Vehicle In-Transport,0,No,1,Non-Junction,1,Not an Intersection,0,None,,,3,On Median,2,Dark - Not Lighted,1,Clear,0,No Additional Atmospheric Conditions,1,Clear,0,No,0000000,Not Applicable,22,10:00pm-10:59pm,34,34,22,10:00pm-10:59pm,47,47,23,11:00pm-11:59pm,35,35,0,None,0,None,0,None,1,0
2018,40,400353,Oklahoma,1,1,0,0,0,1,1,131,ROGERS (131),0,NOT APPLICABLE,19,19,7,July,2018,5,Thursday,6,6:00am-6:59am,39,39,0,This section IS NOT on the NHS,1,Rural,5,Major Collector,2,County Highway Agency,4,County Road,CR-NS413,,0,None,36.37480000,36.37480000,-95.656400000,-95.656400000,0,No Special Jurisdiction,21,Bridge Pier or Support,0,Not a Collision with Motor Vehicle In-Transport,0,No,1,Non-Junction,1,Not an Intersection,0,None,,,4,On Roadside,1,Daylight,1,Clear,0,No Additional Atmospheric Conditions,1,Clear,0,No,0000000,Not Applicable,88,Not Applicable (Not Notified),88,Not Applicable (Not Notified),88,Not Applicable,88,Not Applicable,88,Not Applicable (Not Transported),88,Not Applicable (Not Transported),0,None,0,None,0,None,1,0
2018,40,400354,Oklahoma,2,2,0,0,0,3,3,131,ROGERS (131),1730,FOYIL,22,22,7,July,2018,1,Sunday,15,3:00pm-3:59pm,49,49,0,This section IS NOT on the NHS,1,Rural,5,Major Collector,1,State Highway Agency,3,State Highway,SR-66,SR-28A,0,None,36.43800000,36.43800000,-95.517600000,-95.517600000,0,No Special Jurisdiction,12,Motor Vehicle In-Transport,6,Angle,0,No,2,Intersection,3,T-Intersection,0,None,,,1,On Roadway,1,Daylight,10,Cloudy,0,No Additional Atmospheric Conditions,10,Cloudy,0,No,0000000,Not Applicable,15,3:00pm-3:59pm,51,51,16,4:00pm-4:59pm,8,8,17,5:00pm-5:59pm,10,10,0,None,0,None,0,None,1,0
2018,40,400355,Oklahoma,1,1,0,1,1,1,1,101,MUSKOGEE (101),0,NOT APPLICABLE,1,1,8,August,2018,4,Wednesday,15,3:00pm-3:59pm,11,11,0,This section IS NOT on the NHS,1,Rural,5,Major Collector,1,State Highway Agency,2,U.S. Highway,US-266,,13,13,35.46420000,35.46420000,-95.320900000,-95.320900000,0,No Special Jurisdiction,49,Ridden Animal or Animal Drawn Conveyance,0,Not a Collision with Motor Vehicle In-Transport,0,No,1,Non-Junction,1,Not an Intersection,0,None,,,1,On Roadway,1,Daylight,1,Clear,0,No Additional Atmospheric Conditions,1,Clear,0,No,0000000,Not Applicable,15,3:00pm-3:59pm,11,11,15,3:00pm-3:59pm,26,26,88,Not Applicable (Not Transported),88,Not Applicable (Not Transported),0,None,0,None,0,None,1,0
2018,40,400356,Oklahoma,1,1,0,1,1,1,1,143,TULSA (143),4780,TULSA,25,25,8,August,2018,7,Saturday,20,8:00pm-8:59pm,53,53,0,This section IS NOT on the NHS,2,Urban,4,Minor Arterial,4,City or Municipal Highway Agency,6,Local Street - Municipality,N SHERIDAN RD,,0,None,36.16510000,36.16510000,-95.904500000,-95.904500000,0,No Special Jurisdiction,9,Pedalcyclist,0,Not a Collision with Motor Vehicle In-Transport,0,No,1,Non-Junction,1,Not an Intersection,0,None,,,1,On Roadway,2,Dark - Not Lighted,10,Cloudy,0,No Additional Atmospheric Conditions,10,Cloudy,0,No,0000000,Not Applicable,20,8:00pm-8:59pm,53,53,20,8:00pm-8:59pm,59,59,88,Not Applicable (Not Transported),88,Not Applicable (Not Transported),0,None,0,None,0,None,1,0
2018,40,400357,Oklahoma,1,1,0,0,0,1,1,109,OKLAHOMA (109),3550,OKLAHOMA CITY,3,3,7,July,2018,3,Tuesday,11,11:00am-11:59am,50,50,0,This section IS NOT on the NHS,2,Urban,4,Minor Arterial,1,State Highway Agency,3,State Highway,SR-74,,0,None,35.60962222,35.60962222,-97.585280560,-97.585280560,0,No Special Jurisdiction,21,Bridge Pier or Support,0,Not a Collision with Motor Vehicle In-Transport,0,No,1,Non-Junction,1,Not an Intersection,0,None,,,4,On Roadside,1,Daylight,1,Clear,0,No Additional Atmospheric Conditions,1,Clear,0,No,0000000,Not Applicable,11,11:00am-11:59am,54,54,12,12:00pm-12:59pm,6,6,12,12:00pm-12:59pm,37,37,0,None,0,None,0,None,1,0
2018,40,400358,Oklahoma,1,1,0,0,0,3,3,89,MCCURTAIN (89),0,NOT APPLICABLE,19,19,8,August,2018,1,Sunday,22,10:00pm-10:59pm,17,17,0,This section IS NOT on the NHS,1,Rural,7,Local,2,County Highway Agency,4,County Road,CR-OL BROKEN BOW RD,,0,None,33.98235833,33.98235833,-94.813458330,-94.813458330,0,No Special Jurisdiction,42,Tree (Standing Only),0,Not a Collision with Motor Vehicle In-Transport,0,No,1,Non-Junction,1,Not an Intersection,0,None,,,4,On Roadside,2,Dark - Not Lighted,2,Rain,0,No Additional Atmospheric Conditions,2,Rain,0,No,0000000,Not Applicable,22,10:00pm-10:59pm,19,19,23,11:00pm-11:59pm,5,5,0,0:00am-0:59am,9,9,0,None,0,None,0,None,1,1
2018,40,400359,Oklahoma,4,4,0,0,0,4,4,109,OKLAHOMA (109),3170,MIDWEST CITY,2,2,7,July,2018,2,Monday,7,7:00am-7:59am,43,43,0,This section IS NOT on the NHS,2,Urban,3,Principal Arterial - Other,1,State Highway Agency,2,U.S. Highway,US-62,,0,None,35.49317500,35.49317500,-97.401316670,-97.401316670,0,No Special Jurisdiction,12,Motor Vehicle In-Transport,2,Front-to-Front,0,No,8,Driveway Access Related,1,Not an Intersection,0,None,,,1,On Roadway,1,Daylight,1,Clear,0,No Additional Atmospheric Conditions,1,Clear,0,No,0000000,Not Applicable,7,7:00am-7:59am,47,47,7,7:00am-7:59am,51,51,8,8:00am-8:59am,32,32,0,None,0,None,0,None,1,0
2018,40,400360,Oklahoma,1,1,0,0,0,1,1,23,CHOCTAW (23),0,NOT APPLICABLE,11,11,8,August,2018,7,Saturday,10,10:00am-10:59am,55,55,0,This section IS NOT on the NHS,1,Rural,4,Minor Arterial,1,State Highway Agency,2,U.S. Highway,US-271 OFF-RAMP,US-70,90,90,33.99410000,33.99410000,-95.523300000,-95.523300000,0,No Special Jurisdiction,1,Rollover/Overturn,0,Not a Collision with Motor Vehicle In-Transport,1,Yes,5,Entrance/Exit Ramp Related,1,Not an Intersection,0,None,,,4,On Roadside,1,Daylight,10,Cloudy,0,No Additional Atmospheric Conditions,10,Cloudy,0,No,0000000,Not Applicable,10,10:00am-10:59am,55,55,11,11:00am-11:59am,1,1,11,11:00am-11:59am,40,40,0,None,0,None,0,None,1,1
2018,40,400361,Oklahoma,2,2,0,0,0,2,2,63,HUGHES (63),0,NOT APPLICABLE,28,28,8,August,2018,3,Tuesday,18,6:00pm-6:59pm,56,56,0,This section IS NOT on the NHS,1,Rural,3,Principal Arterial - Other,1,State Highway Agency,2,U.S. Highway,US-270,CR-N374,8,8,35.08680000,35.08680000,-96.353300000,-96.353300000,0,No Special Jurisdiction,12,Motor Vehicle In-Transport,1,Front-to-Rear,0,No,3,Intersection-Related,2,Four-Way Intersection,0,None,,,1,On Roadway,1,Daylight,1,Clear,0,No Additional Atmospheric Conditions,1,Clear,0,No,0000000,Not Applicable,18,6:00pm-6:59pm,45,45,18,6:00pm-6:59pm,54,54,99,Unknown,99,Unknown EMS Hospital Arrival Time,0,None,0,None,0,None,1,0
2018,40,400362,Oklahoma,1,1,0,0,0,2,2,115,OTTAWA (115),0,NOT APPLICABLE,8,8,7,July,2018,1,Sunday,4,4:00am-4:59am,34,34,0,This section IS NOT on the NHS,1,Rural,5,Major Collector,2,County Highway Agency,4,County Road,CR-E50,,0,None,36.94370000,36.94370000,-94.763800000,-94.763800000,0,No Special Jurisdiction,11,Live Animal,0,Not a Collision with Motor Vehicle In-Transport,0,No,1,Non-Junction,1,Not an Intersection,0,None,,,1,On Roadway,2,Dark - Not Lighted,1,Clear,0,No Additional Atmospheric Conditions,1,Clear,0,No,0000000,Not Applicable,4,4:00am-4:59am,31,31,4,4:00am-4:59am,40,40,5,5:00am-5:59am,23,23,0,None,0,None,0,None,1,0
2018,40,400363,Oklahoma,2,2,0,1,1,1,1,17,CANADIAN (17),3550,OKLAHOMA CITY,5,5,8,August,2018,1,Sunday,0,0:00am-0:59am,47,47,0,This section IS NOT on the NHS,1,Rural,5,Major Collector,1,State Highway Agency,3,State Highway,SR-152,,0,None,35.39170000,35.39170000,-97.830600000,-97.830600000,0,No Special Jurisdiction,12,Motor Vehicle In-Transport,1,Front-to-Rear,0,No,1,Non-Junction,1,Not an Intersection,0,None,,,1,On Roadway,2,Dark - Not Lighted,10,Cloudy,0,No Additional Atmospheric Conditions,10,Cloudy,0,No,0000000,Not Applicable,0,0:00am-0:59am,50,50,1,1:00am-1:59am,11,11,1,1:00am-1:59am,45,45,0,None,0,None,0,None,1,1
2018,40,400364,Oklahoma,1,1,0,1,1,1,1,109,OKLAHOMA (109),1480,EDMOND,14,14,8,August,2018,3,Tuesday,5,5:00am-5:59am,32,32,1,This section IS ON the NHS,2,Urban,1,Interstate,1,State Highway Agency,1,Interstate,I-35,,0,None,35.65730000,35.65730000,-97.423600000,-97.423600000,0,No Special Jurisdiction,8,Pedestrian,0,Not a Collision with Motor Vehicle In-Transport,0,No,1,Non-Junction,1,Not an Intersection,0,None,,,1,On Roadway,2,Dark - Not Lighted,1,Clear,0,No Additional Atmospheric Conditions,1,Clear,0,No,0000000,Not Applicable,5,5:00am-5:59am,31,31,5,5:00am-5:59am,41,41,88,Not Applicable (Not Transported),88,Not Applicable (Not Transported),0,None,0,None,0,None,1,0
2018,40,400365,Oklahoma,1,1,0,0,0,1,1,143,TULSA (143),4780,TULSA,20,20,8,August,2018,2,Monday,8,8:00am-8:59am,50,50,0,This section IS NOT on the NHS,2,Urban,4,Minor Arterial,4,City or Municipal Highway Agency,6,Local Street - Municipality,E PINE ST,,0,None,36.17710000,36.17710000,-95.821200000,-95.821200000,0,No Special Jurisdiction,1,Rollover/Overturn,0,Not a Collision with Motor Vehicle In-Transport,0,No,1,Non-Junction,1,Not an Intersection,0,None,,,1,On Roadway,1,Daylight,1,Clear,0,No Additional Atmospheric Conditions,1,Clear,0,No,0000000,Not Applicable,8,8:00am-8:59am,52,52,9,9:00am-9:59am,1,1,9,9:00am-9:59am,26,26,0,None,0,None,0,None,1,0
2018,40,400366,Oklahoma,2,2,0,0,0,3,3,123,PONTOTOC (123),0,NOT APPLICABLE,22,22,8,August,2018,4,Wednesday,10,10:00am-10:59am,19,19,0,This section IS NOT on the NHS,1,Rural,4,Minor Arterial,1,State Highway Agency,3,State Highway,SR-3W,,58,58,34.89300000,34.89300000,-96.896900000,-96.896900000,0,No Special Jurisdiction,12,Motor Vehicle In-Transport,1,Front-to-Rear,0,No,8,Driveway Access Related,1,Not an Intersection,0,None,,,1,On Roadway,1,Daylight,1,Clear,0,No Additional Atmospheric Conditions,1,Clear,0,No,0000000,Not Applicable,10,10:00am-10:59am,18,18,10,10:00am-10:59am,34,34,11,11:00am-11:59am,13,13,0,None,0,None,0,None,1,0
2018,40,400367,Oklahoma,1,1,0,0,0,2,2,91,MCINTOSH (91),0,NOT APPLICABLE,2,2,9,September,2018,1,Sunday,12,12:00pm-12:59pm,30,30,0,This section IS NOT on the NHS,1,Rural,5,Major Collector,2,County Highway Agency,4,County Road,CR-NS425,,0,None,35.33380000,35.33380000,-95.451100000,-95.451100000,0,No Special Jurisdiction,35,Embankment,0,Not a Collision with Motor Vehicle In-Transport,0,No,1,Non-Junction,1,Not an Intersection,0,None,,,4,On Roadside,1,Daylight,1,Clear,0,No Additional Atmospheric Conditions,1,Clear,0,No,0000000,Not Applicable,12,12:00pm-12:59pm,31,31,12,12:00pm-12:59pm,57,57,13,1:00pm-1:59pm,37,37,0,None,0,None,0,None,1,0
2018,40,400368,Oklahoma,2,2,0,0,0,2,2,143,TULSA (143),4780,TULSA,28,28,7,July,2018,7,Saturday,17,5:00pm-5:59pm,50,50,0,This section IS NOT on the NHS,2,Urban,3,Principal Arterial - Other,4,City or Municipal Highway Agency,6,Local Street - Municipality,E 41ST ST S,S SHERIDAN RD,0,None,36.10360000,36.10360000,-95.905100000,-95.905100000,0,No Special Jurisdiction,12,Motor Vehicle In-Transport,2,Front-to-Front,0,No,2,Intersection,2,Four-Way Intersection,0,None,,,1,On Roadway,1,Daylight,1,Clear,0,No Additional Atmospheric Conditions,1,Clear,0,No,0000000,Not Applicable,17,5:00pm-5:59pm,55,55,17,5:00pm-5:59pm,59,59,18,6:00pm-6:59pm,15,15,0,None,0,None,0,None,1,0
2018,40,400369,Oklahoma,2,2,0,0,0,2,2,133,SEMINOLE (133),0,NOT APPLICABLE,30,30,8,August,2018,5,Thursday,13,1:00pm-1:59pm,34,34,0,This section IS NOT on the NHS,1,Rural,5,Major Collector,1,State Highway Agency,3,State Highway,SR-56,,125,125,35.40920000,35.40920000,-96.443000000,-96.443000000,0,No Special Jurisdiction,12,Motor Vehicle In-Transport,6,Angle,0,No,1,Non-Junction,1,Not an Intersection,0,None,,,1,On Roadway,1,Daylight,1,Clear,0,No Additional Atmospheric Conditions,1,Clear,0,No,0000000,Not Applicable,13,1:00pm-1:59pm,34,34,13,1:00pm-1:59pm,43,43,88,Not Applicable (Not Transported),88,Not Applicable (Not Transported),0,None,0,None,0,None,1,0
2018,40,400370,Oklahoma,3,3,0,0,0,4,4,109,OKLAHOMA (109),3550,OKLAHOMA CITY,31,31,8,August,2018,6,Friday,13,1:00pm-1:59pm,31,31,1,This section IS ON the NHS,2,Urban,3,Principal Arterial - Other,1,State Highway Agency,1,Interstate,I-235,,0,None,35.57720000,35.57720000,-97.514000000,-97.514000000,0,No Special Jurisdiction,12,Motor Vehicle In-Transport,1,Front-to-Rear,0,No,1,Non-Junction,1,Not an Intersection,0,None,,,1,On Roadway,1,Daylight,10,Cloudy,0,No Additional Atmospheric Conditions,10,Cloudy,0,No,0000000,Not Applicable,12,12:00pm-12:59pm,51,51,12,12:00pm-12:59pm,59,59,13,1:00pm-1:59pm,9,9,0,None,0,None,0,None,1,0
2018,40,400371,Oklahoma,2,2,0,0,0,3,3,143,TULSA (143),0,NOT APPLICABLE,16,16,8,August,2018,5,Thursday,14,2:00pm-2:59pm,23,23,1,This section IS ON the NHS,1,Rural,3,Principal Arterial - Other,1,State Highway Agency,2,U.S. Highway,US-75,E 126ST ST N,134,134,36.33670000,36.33670000,-95.924000000,-95.924000000,0,No Special Jurisdiction,12,Motor Vehicle In-Transport,6,Angle,0,No,2,Intersection,2,Four-Way Intersection,0,None,,,1,On Roadway,1,Daylight,10,Cloudy,0,No Additional Atmospheric Conditions,10,Cloudy,0,No,0000000,Not Applicable,99,Unknown,99,Unknown,99,Unknown EMS Scene Arrival Hour,99,Unknown EMS Scene Arrival Minutes,99,Unknown,99,Unknown EMS Hospital Arrival Time,0,None,0,None,0,None,1,0
2018,40,400372,Oklahoma,1,1,0,0,0,1,1,89,MCCURTAIN (89),0,NOT APPLICABLE,19,19,8,August,2018,1,Sunday,22,10:00pm-10:59pm,9,9,0,This section IS NOT on the NHS,1,Rural,7,Local,2,County Highway Agency,4,County Road,CR-MICA VALLEY RD,,0,None,33.77400000,33.77400000,-94.780900000,-94.780900000,0,No Special Jurisdiction,44,"Pavement Surface Irregularity (Ruts, Potholes, Grates, etc.)",0,Not a Collision with Motor Vehicle In-Transport,0,No,1,Non-Junction,1,Not an Intersection,0,None,,,1,On Roadway,2,Dark - Not Lighted,10,Cloudy,0,No Additional Atmospheric Conditions,10,Cloudy,0,No,0000000,Not Applicable,99,Unknown,99,Unknown,99,Unknown EMS Scene Arrival Hour,99,Unknown EMS Scene Arrival Minutes,88,Not Applicable (Not Transported),88,Not Applicable (Not Transported),0,None,0,None,0,None,1,0
2018,40,400373,Oklahoma,2,2,0,0,0,2,2,75,KIOWA (75),0,NOT APPLICABLE,20,20,8,August,2018,2,Monday,13,1:00pm-1:59pm,30,30,0,This section IS NOT on the NHS,1,Rural,4,Minor Arterial,1,State Highway Agency,3,State Highway,SR-9,,75,75,34.99890000,34.99890000,-99.208400000,-99.208400000,0,No Special Jurisdiction,12,Motor Vehicle In-Transport,2,Front-to-Front,0,No,1,Non-Junction,1,Not an Intersection,0,None,,,1,On Roadway,1,Daylight,1,Clear,0,No Additional Atmospheric Conditions,1,Clear,0,No,0000000,Not Applicable,12,12:00pm-12:59pm,35,35,12,12:00pm-12:59pm,41,41,12,12:00pm-12:59pm,58,58,0,None,0,None,0,None,1,0
2018,40,400374,Oklahoma,2,2,0,0,0,2,2,109,OKLAHOMA (109),3550,OKLAHOMA CITY,25,25,8,August,2018,7,Saturday,21,9:00pm-9:59pm,44,44,0,This section IS NOT on the NHS,2,Urban,3,Principal Arterial - Other,4,City or Municipal Highway Agency,6,Local Street - Municipality,SE 44TH ST,S WOFFORD,0,None,35.42076111,35.42076111,-97.438522220,-97.438522220,0,No Special Jurisdiction,12,Motor Vehicle In-Transport,6,Angle,0,No,8,Driveway Access Related,1,Not an Intersection,0,None,,,1,On Roadway,3,Dark - Lighted,10,Cloudy,0,No Additional Atmospheric Conditions,10,Cloudy,0,No,0000000,Not Applicable,21,9:00pm-9:59pm,47,47,21,9:00pm-9:59pm,56,56,22,10:00pm-10:59pm,26,26,0,None,0,None,0,None,1,0
2018,40,400375,Oklahoma,2,2,0,0,0,3,3,99,MURRAY (99),0,NOT APPLICABLE,26,26,8,August,2018,1,Sunday,19,7:00pm-7:59pm,6,6,0,This section IS NOT on the NHS,1,Rural,4,Minor Arterial,1,State Highway Agency,2,U.S. Highway,US-177,CR-DOZER RD,67,67,34.60780000,34.60780000,-96.967600000,-96.967600000,0,No Special Jurisdiction,12,Motor Vehicle In-Transport,6,Angle,0,No,2,Intersection,2,Four-Way Intersection,0,None,,,1,On Roadway,1,Daylight,1,Clear,0,No Additional Atmospheric Conditions,1,Clear,0,No,0000000,Not Applicable,19,7:00pm-7:59pm,6,6,19,7:00pm-7:59pm,14,14,19,7:00pm-7:59pm,37,37,0,None,0,None,0,None,2,1
2018,40,400376,Oklahoma,2,2,0,0,0,2,2,109,OKLAHOMA (109),3550,OKLAHOMA CITY,28,28,8,August,2018,3,Tuesday,1,1:00am-1:59am,55,55,1,This section IS ON the NHS,2,Urban,1,Interstate,1,State Highway Agency,1,Interstate,I-235,,0,None,35.51817500,35.51817500,-97.517144440,-97.517144440,0,No Special Jurisdiction,12,Motor Vehicle In-Transport,1,Front-to-Rear,0,No,1,Non-Junction,1,Not an Intersection,1,Construction,,,1,On Roadway,2,Dark - Not Lighted,10,Cloudy,0,No Additional Atmospheric Conditions,10,Cloudy,0,No,0000000,Not Applicable,1,1:00am-1:59am,53,53,1,1:00am-1:59am,59,59,2,2:00am-2:59am,26,26,20,Police Pursuit Involved,3,Other Maintenance or Construction-Created Condition,0,None,1,0
2018,40,400377,Oklahoma,1,1,0,2,2,2,2,145,WAGONER (145),0,NOT APPLICABLE,30,30,8,August,2018,5,Thursday,20,8:00pm-8:59pm,45,45,0,This section IS NOT on the NHS,1,Rural,7,Local,2,County Highway Agency,4,County Road,CR-S 320TH RD,,0,None,35.96740000,35.96740000,-95.314800000,-95.314800000,0,No Special Jurisdiction,8,Pedestrian,0,Not a Collision with Motor Vehicle In-Transport,0,No,1,Non-Junction,1,Not an Intersection,0,None,,,1,On Roadway,2,Dark - Not Lighted,1,Clear,0,No Additional Atmospheric Conditions,1,Clear,0,No,0000000,Not Applicable,20,8:00pm-8:59pm,34,34,20,8:00pm-8:59pm,56,56,21,9:00pm-9:59pm,33,33,0,None,0,None,0,None,1,0
2018,40,400378,Oklahoma,1,1,0,0,0,1,1,73,KINGFISHER (73),0,NOT APPLICABLE,3,3,9,September,2018,2,Monday,2,2:00am-2:59am,15,15,0,This section IS NOT on the NHS,1,Rural,4,Minor Arterial,1,State Highway Agency,3,State Highway,SR-33,,143,143,35.84230000,35.84230000,-97.681200000,-97.681200000,0,No Special Jurisdiction,35,Embankment,0,Not a Collision with Motor Vehicle In-Transport,0,No,1,Non-Junction,1,Not an Intersection,0,None,,,4,On Roadside,2,Dark - Not Lighted,10,Cloudy,0,No Additional Atmospheric Conditions,10,Cloudy,0,No,0000000,Not Applicable,99,Unknown,99,Unknown,99,Unknown EMS Scene Arrival Hour,99,Unknown EMS Scene Arrival Minutes,99,Unknown,99,Unknown EMS Hospital Arrival Time,0,None,0,None,0,None,1,0
2018,40,400379,Oklahoma,1,1,0,0,0,1,1,125,POTTAWATOMIE (125),0,NOT APPLICABLE,4,4,9,September,2018,3,Tuesday,6,6:00am-6:59am,48,48,0,This section IS NOT on the NHS,1,Rural,4,Minor Arterial,1,State Highway Agency,2,U.S. Highway,US-177,,142,142,35.17200000,35.17200000,-96.932200000,-96.932200000,0,No Special Jurisdiction,52,Guardrail End,0,Not a Collision with Motor Vehicle In-Transport,0,No,1,Non-Junction,1,Not an Intersection,0,None,,,4,On Roadside,4,Dawn,2,Rain,0,No Additional Atmospheric Conditions,2,Rain,0,No,0000000,Not Applicable,88,Not Applicable (Not Notified),88,Not Applicable (Not Notified),88,Not Applicable,88,Not Applicable,88,Not Applicable (Not Transported),88,Not Applicable (Not Transported),0,None,0,None,0,None,1,0
2018,40,400380,Oklahoma,6,6,0,0,0,9,9,109,OKLAHOMA (109),0,NOT APPLICABLE,8,8,5,May,2018,3,Tuesday,16,4:00pm-4:59pm,25,25,1,This section IS ON the NHS,1,Rural,1,Interstate,1,State Highway Agency,1,Interstate,I-44,,0,None,35.64160000,35.64160000,-97.207100000,-97.207100000,0,No Special Jurisdiction,12,Motor Vehicle In-Transport,1,Front-to-Rear,0,No,1,Non-Junction,1,Not an Intersection,1,Construction,,,1,On Roadway,1,Daylight,10,Cloudy,0,No Additional Atmospheric Conditions,10,Cloudy,0,No,0000000,Not Applicable,16,4:00pm-4:59pm,30,30,17,5:00pm-5:59pm,5,5,17,5:00pm-5:59pm,33,33,26,Backup Due to Prior Non-Recurring Incident,14,"Motor Vehicle struck by falling cargo,or something that came loose from or something that was set in motion by a vehicle",0,None,2,0
2018,40,400381,Oklahoma,1,1,0,0,0,1,1,131,ROGERS (131),0,NOT APPLICABLE,2,2,7,July,2018,2,Monday,6,6:00am-6:59am,19,19,0,This section IS NOT on the NHS,1,Rural,5,Major Collector,2,County Highway Agency,4,County Road,CR-E ADMIRAL PL,,0,None,36.16240000,36.16240000,-95.665700000,-95.665700000,0,No Special Jurisdiction,32,Culvert,0,Not a Collision with Motor Vehicle In-Transport,0,No,1,Non-Junction,1,Not an Intersection,0,None,,,4,On Roadside,4,Dawn,1,Clear,0,No Additional Atmospheric Conditions,1,Clear,0,No,0000000,Not Applicable,6,6:00am-6:59am,17,17,6,6:00am-6:59am,33,33,7,7:00am-7:59am,45,45,0,None,0,None,0,None,1,0
2018,40,400382,Oklahoma,2,2,0,0,0,3,3,13,BRYAN (13),1050,COLBERT,15,15,8,August,2018,4,Wednesday,1,1:00am-1:59am,5,5,1,This section IS ON the NHS,1,Rural,3,Principal Arterial - Other,1,State Highway Agency,2,U.S. Highway,US-69,,0,None,33.88130000,33.88130000,-96.495600000,-96.495600000,0,No Special Jurisdiction,12,Motor Vehicle In-Transport,1,Front-to-Rear,0,No,1,Non-Junction,1,Not an Intersection,0,None,,,1,On Roadway,2,Dark - Not Lighted,1,Clear,0,No Additional Atmospheric Conditions,1,Clear,0,No,0000000,Not Applicable,1,1:00am-1:59am,6,6,1,1:00am-1:59am,13,13,88,Not Applicable (Not Transported),88,Not Applicable (Not Transported),0,None,0,None,0,None,1,1
2018,40,400383,Oklahoma,1,1,0,0,0,1,1,143,TULSA (143),4780,TULSA,1,1,9,September,2018,7,Saturday,14,2:00pm-2:59pm,39,39,1,This section IS ON the NHS,2,Urban,2,Principal Arterial - Other Freeways and Expressways,1,State Highway Agency,2,U.S. Highway,US-64 OFF-RAMP,I-44,0,None,36.11350000,36.11350000,-95.898800000,-95.898800000,0,No Special Jurisdiction,1,Rollover/Overturn,0,Not a Collision with Motor Vehicle In-Transport,1,Yes,5,Entrance/Exit Ramp Related,1,Not an Intersection,0,None,,,8,Gore,1,Daylight,1,Clear,0,No Additional Atmospheric Conditions,1,Clear,0,No,0000000,Not Applicable,14,2:00pm-2:59pm,39,39,14,2:00pm-2:59pm,40,40,88,Not Applicable (Not Transported),88,Not Applicable (Not Transported),0,None,0,None,0,None,1,1
2018,40,400384,Oklahoma,1,1,0,1,1,1,1,121,PITTSBURG (121),2930,MCALESTER,2,2,8,August,2018,5,Thursday,21,9:00pm-9:59pm,20,20,0,This section IS NOT on the NHS,2,Urban,7,Local,4,City or Municipal Highway Agency,6,Local Street - Municipality,E WYANDOTTE,S 5TH ST,0,None,34.92762222,34.92762222,-95.764161110,-95.764161110,0,No Special Jurisdiction,8,Pedestrian,0,Not a Collision with Motor Vehicle In-Transport,0,No,3,Intersection-Related,2,Four-Way Intersection,0,None,,,1,On Roadway,2,Dark - Not Lighted,1,Clear,0,No Additional Atmospheric Conditions,1,Clear,0,No,0000000,Not Applicable,21,9:00pm-9:59pm,22,22,21,9:00pm-9:59pm,25,25,88,Not Applicable (Not Transported),88,Not Applicable (Not Transported),0,None,0,None,0,None,1,0
2018,40,400385,Oklahoma,2,2,0,1,1,2,2,17,CANADIAN (17),3320,MUSTANG,31,31,8,August,2018,6,Friday,22,10:00pm-10:59pm,22,22,0,This section IS NOT on the NHS,2,Urban,3,Principal Arterial - Other,1,State Highway Agency,3,State Highway,SR-152,S SYMES LN,0,None,35.39166111,35.39166111,-97.697091670,-97.697091670,0,No Special Jurisdiction,8,Pedestrian,0,Not a Collision with Motor Vehicle In-Transport,0,No,3,Intersection-Related,3,T-Intersection,0,None,,,1,On Roadway,2,Dark - Not Lighted,1,Clear,0,No Additional Atmospheric Conditions,1,Clear,0,No,0000000,Not Applicable,22,10:00pm-10:59pm,24,24,22,10:00pm-10:59pm,28,28,22,10:00pm-10:59pm,50,50,0,None,0,None,0,None,1,0