caseyear,state,st_case,statename,ve_total,ve_forms,pvh_invl,peds,pernotmvit,permvit,persons,county,countyname,city,cityname,day,dayname,month,monthname,year,day_week,day_weekname,hour,hourname,minute,minutename,nhs,nhsname,rur_urb,rur_urbname,func_sys,func_sysname,rd_owner,rd_ownername,route,routename,tway_id,tway_id2,milept,mileptname,latitude,latitudename,longitud,longitudname,sp_jur,sp_jurname,harm_ev,harm_evname,man_coll,man_collname,reljct1,reljct1name,reljct2,reljct2name,typ_int,typ_intname,wrk_zone,wrk_zonename,road_fnc,road_fncname,rel_road,rel_roadname,lgt_cond,lgt_condname,weather1,weather1name,weather2,weather2name,weather,weathername,sch_bus,sch_busname,rail,railname,not_hour,not_hourname,not_min,not_minname,arr_hour,arr_hourname,arr_min,arr_minname,hosp_hr,hosp_hrname,hosp_mn,hosp_mnname,cf1,cf1name,cf2,cf2name,cf3,cf3name,fatals,drunk_dr
2018,40,400422,Oklahoma,2,2,0,0,0,2,2,87,MCCLAIN (87),3870,PURCELL,19,19,9,September,2018,4,Wednesday,1,1:00am-1:59am,5,5,1,This section IS ON the NHS,2,Urban,1,Interstate,1,State Highway Agency,1,Interstate,I-35,,0,None,35.02129444,35.02129444,-97.375705560,-97.375705560,0,No Special Jurisdiction,12,Motor Vehicle In-Transport,7,Sideswipe - Same Direction,0,No,1,Non-Junction,1,Not an Intersection,0,None,,,1,On Roadway,2,Dark - Not Lighted,1,Clear,0,No Additional Atmospheric Conditions,1,Clear,0,No,0000000,Not Applicable,1,1:00am-1:59am,8,8,1,1:00am-1:59am,15,15,88,Not Applicable (Not Transported),88,Not Applicable (Not Transported),0,None,0,None,0,None,1,1
2018,40,400423,Oklahoma,2,2,0,0,0,5,5,109,OKLAHOMA (109),2080,HARRAH,20,20,9,September,2018,5,Thursday,18,6:00pm-6:59pm,50,50,0,This section IS NOT on the NHS,1,Rural,5,Major Collector,2,County Highway Agency,4,County Road,CR-E BRITTON RD,CR-N PEEBLY RD,0,None,35.56537222,35.56537222,-97.211747220,-97.211747220,0,No Special Jurisdiction,12,Motor Vehicle In-Transport,6,Angle,0,No,2,Intersection,2,Four-Way Intersection,0,None,,,1,On Roadway,5,Dusk,1,Clear,0,No Additional Atmospheric Conditions,1,Clear,0,No,0000000,Not Applicable,19,7:00pm-7:59pm,19,19,19,7:00pm-7:59pm,38,38,20,8:00pm-8:59pm,2,2,0,None,0,None,0,None,1,0
2018,40,400424,Oklahoma,2,2,0,0,0,4,4,109,OKLAHOMA (109),3170,MIDWEST CITY,23,23,9,September,2018,1,Sunday,10,10:00am-10:59am,52,52,1,This section IS ON the NHS,2,Urban,1,Interstate,1,State Highway Agency,1,Interstate,I-40 EXIT RAMP,,0,None,35.44410000,35.44410000,-97.421200000,-97.421200000,0,No Special Jurisdiction,33,Curb,0,Not a Collision with Motor Vehicle In-Transport,1,Yes,5,Entrance/Exit Ramp Related,1,Not an Intersection,0,None,,,4,On Roadside,1,Daylight,10,Cloudy,0,No Additional Atmospheric Conditions,10,Cloudy,0,No,0000000,Not Applicable,10,10:00am-10:59am,56,56,10,10:00am-10:59am,57,57,11,11:00am-11:59am,36,36,0,None,0,None,0,None,1,0
2018,40,400426,Oklahoma,2,2,0,0,0,2,2,123,PONTOTOC (123),0,NOT APPLICABLE,11,11,10,October,2018,5,Thursday,17,5:00pm-5:59pm,52,52,1,This section IS ON the NHS,1,Rural,3,Principal Arterial - Other,1,State Highway Agency,3,State Highway,SR-3E,,105,105,34.64280000,34.64280000,-96.541900000,-96.541900000,0,No Special Jurisdiction,12,Motor Vehicle In-Transport,6,Angle,0,No,1,Non-Junction,1,Not an Intersection,0,None,,,1,On Roadway,1,Daylight,10,Cloudy,0,No Additional Atmospheric Conditions,10,Cloudy,0,No,0000000,Not Applicable,17,5:00pm-5:59pm,51,51,18,6:00pm-6:59pm,5,5,18,6:00pm-6:59pm,54,54,0,None,0,None,0,None,1,0
2018,40,400427,Oklahoma,1,1,0,0,0,1,1,121,PITTSBURG (121),0,NOT APPLICABLE,14,14,9,September,2018,6,Friday,17,5:00pm-5:59pm,33,33,0,This section IS NOT on the NHS,1,Rural,7,Local,2,County Highway Agency,4,County Road,CR-HIELIGER,,0,None,35.22600000,35.22600000,-95.468600000,-95.468600000,0,No Special Jurisdiction,30,Utility Pole/Light Support,0,Not a Collision with Motor Vehicle In-Transport,0,No,8,Driveway Access Related,1,Not an Intersection,0,None,,,4,On Roadside,1,Daylight,1,Clear,0,No Additional Atmospheric Conditions,1,Clear,0,No,0000000,Not Applicable,17,5:00pm-5:59pm,24,24,18,6:00pm-6:59pm,4,4,88,Not Applicable (Not Transported),88,Not Applicable (Not Transported),0,None,0,None,0,None,1,1
2018,40,400428,Oklahoma,2,2,0,0,0,3,3,19,CARTER (19),0,NOT APPLICABLE,26,26,9,September,2018,4,Wednesday,10,10:00am-10:59am,50,50,1,This section IS ON the NHS,1,Rural,1,Interstate,1,State Highway Agency,1,Interstate,I-35,,0,None,34.29780000,34.29780000,-97.159100000,-97.159100000,0,No Special Jurisdiction,57,Cable Barrier,0,Not a Collision with Motor Vehicle In-Transport,0,No,1,Non-Junction,1,Not an Intersection,0,None,,,3,On Median,1,Daylight,2,Rain,0,No Additional Atmospheric Conditions,2,Rain,0,No,0000000,Not Applicable,10,10:00am-10:59am,51,51,11,11:00am-11:59am,6,6,11,11:00am-11:59am,30,30,0,None,0,None,0,None,1,0
2018,40,400429,Oklahoma,2,2,0,0,0,2,2,109,OKLAHOMA (109),3550,OKLAHOMA CITY,30,30,9,September,2018,1,Sunday,21,9:00pm-9:59pm,32,32,1,This section IS ON the NHS,2,Urban,1,Interstate,1,State Highway Agency,1,Interstate,I-35,,0,None,35.43160000,35.43160000,-97.486100000,-97.486100000,0,No Special Jurisdiction,25,Concrete Traffic Barrier,0,Not a Collision with Motor Vehicle In-Transport,0,No,1,Non-Junction,1,Not an Intersection,0,None,,,3,On Median,3,Dark - Lighted,1,Clear,0,No Additional Atmospheric Conditions,1,Clear,0,No,0000000,Not Applicable,21,9:00pm-9:59pm,34,34,21,9:00pm-9:59pm,44,44,22,10:00pm-10:59pm,5,5,0,None,0,None,0,None,1,0
2018,40,400430,Oklahoma,2,2,0,0,0,4,4,81,LINCOLN (81),0,NOT APPLICABLE,5,5,10,October,2018,6,Friday,2,2:00am-2:59am,42,42,1,This section IS ON the NHS,1,Rural,1,Interstate,1,State Highway Agency,1,Interstate,I-44,,0,None,35.72240000,35.72240000,-96.866900000,-96.866900000,0,No Special Jurisdiction,12,Motor Vehicle In-Transport,1,Front-to-Rear,0,No,1,Non-Junction,1,Not an Intersection,0,None,,,1,On Roadway,2,Dark - Not Lighted,10,Cloudy,0,No Additional Atmospheric Conditions,10,Cloudy,0,No,0000000,Not Applicable,99,Unknown,99,Unknown,99,Unknown EMS Scene Arrival Hour,99,Unknown EMS Scene Arrival Minutes,99,Unknown,99,Unknown EMS Hospital Arrival Time,0,None,0,None,0,None,2,1
2018,40,400431,Oklahoma,2,2,0,0,0,6,6,107,OKFUSKEE (107),0,NOT APPLICABLE,5,5,10,October,2018,6,Friday,8,8:00am-8:59am,48,48,1,This section IS ON the NHS,1,Rural,1,Interstate,1,State Highway Agency,1,Interstate,I-40,,0,None,35.42790000,35.42790000,-96.170500000,-96.170500000,0,No Special Jurisdiction,12,Motor Vehicle In-Transport,1,Front-to-Rear,0,No,1,Non-Junction,1,Not an Intersection,1,Construction,,,1,On Roadway,1,Daylight,1,Clear,0,No Additional Atmospheric Conditions,1,Clear,0,No,0000000,Not Applicable,9,9:00am-9:59am,0,0,9,9:00am-9:59am,51,51,10,10:00am-10:59am,29,29,0,None,0,None,0,None,1,0
2018,40,400432,Oklahoma,1,1,0,0,0,2,2,109,OKLAHOMA (109),3550,OKLAHOMA CITY,5,5,10,October,2018,6,Friday,22,10:00pm-10:59pm,29,29,0,This section IS NOT on the NHS,2,Urban,2,Principal Arterial - Other Freeways and Expressways,1,State Highway Agency,3,State Highway,SR-152,,0,None,35.42234167,35.42234167,-97.629661110,-97.629661110,0,No Special Jurisdiction,57,Cable Barrier,0,Not a Collision with Motor Vehicle In-Transport,0,No,1,Non-Junction,1,Not an Intersection,0,None,,,3,On Median,2,Dark - Not Lighted,10,Cloudy,0,No Additional Atmospheric Conditions,10,Cloudy,0,No,0000000,Not Applicable,22,10:00pm-10:59pm,29,29,22,10:00pm-10:59pm,38,38,23,11:00pm-11:59pm,0,0,0,None,0,None,0,None,1,1
2018,40,400433,Oklahoma,1,1,0,0,0,1,1,61,HASKELL (61),0,NOT APPLICABLE,13,13,10,October,2018,7,Saturday,15,3:00pm-3:59pm,35,35,0,This section IS NOT on the NHS,1,Rural,4,Minor Arterial,1,State Highway Agency,3,State Highway,SR-9,,91,91,35.24640000,35.24640000,-95.304900000,-95.304900000,0,No Special Jurisdiction,34,Ditch,0,Not a Collision with Motor Vehicle In-Transport,0,No,1,Non-Junction,1,Not an Intersection,0,None,,,4,On Roadside,1,Daylight,2,Rain,0,No Additional Atmospheric Conditions,2,Rain,0,No,0000000,Not Applicable,15,3:00pm-3:59pm,40,40,15,3:00pm-3:59pm,52,52,88,Not Applicable (Not Transported),88,Not Applicable (Not Transported),0,None,0,None,0,None,1,0
2018,40,400434,Oklahoma,1,1,0,0,0,1,1,109,OKLAHOMA (109),3550,OKLAHOMA CITY,15,15,10,October,2018,2,Monday,1,1:00am-1:59am,46,46,1,This section IS ON the NHS,2,Urban,1,Interstate,1,State Highway Agency,1,Interstate,I-240,,0,None,35.46010000,35.46010000,-97.618300000,-97.618300000,0,No Special Jurisdiction,25,Concrete Traffic Barrier,0,Not a Collision with Motor Vehicle In-Transport,0,No,1,Non-Junction,1,Not an Intersection,0,None,,,4,On Roadside,3,Dark - Lighted,1,Clear,0,No Additional Atmospheric Conditions,1,Clear,0,No,0000000,Not Applicable,1,1:00am-1:59am,45,45,1,1:00am-1:59am,54,54,2,2:00am-2:59am,9,9,0,None,0,None,0,None,1,1
2018,40,400435,Oklahoma,2,2,0,0,0,3,3,143,TULSA (143),4780,TULSA,5,5,9,September,2018,4,Wednesday,13,1:00pm-1:59pm,30,30,0,This section IS NOT on the NHS,2,Urban,4,Minor Arterial,4,City or Municipal Highway Agency,6,Local Street - Municipality,E 91ST ST S,S MAPLEWOOD AVE,0,None,36.03190000,36.03190000,-95.907200000,-95.907200000,0,No Special Jurisdiction,12,Motor Vehicle In-Transport,6,Angle,0,No,2,Intersection,3,T-Intersection,0,None,,,1,On Roadway,1,Daylight,10,Cloudy,0,No Additional Atmospheric Conditions,10,Cloudy,0,No,0000000,Not Applicable,13,1:00pm-1:59pm,33,33,13,1:00pm-1:59pm,36,36,14,2:00pm-2:59pm,18,18,0,None,0,None,0,None,1,0
2018,40,400436,Oklahoma,1,1,0,1,1,1,1,5,ATOKA (5),0,NOT APPLICABLE,24,24,9,September,2018,2,Monday,19,7:00pm-7:59pm,54,54,1,This section IS ON the NHS,1,Rural,3,Principal Arterial - Other,1,State Highway Agency,2,U.S. Highway,US-69,,35,35,34.20500000,34.20500000,-96.235800000,-96.235800000,0,No Special Jurisdiction,8,Pedestrian,0,Not a Collision with Motor Vehicle In-Transport,0,No,1,Non-Junction,1,Not an Intersection,0,None,,,1,On Roadway,2,Dark - Not Lighted,10,Cloudy,0,No Additional Atmospheric Conditions,10,Cloudy,0,No,0000000,Not Applicable,88,Not Applicable (Not Notified),88,Not Applicable (Not Notified),88,Not Applicable,88,Not Applicable,88,Not Applicable (Not Transported),88,Not Applicable (Not Transported),0,None,0,None,0,None,1,0
2018,40,400437,Oklahoma,2,2,0,0,0,2,2,81,LINCOLN (81),0,NOT APPLICABLE,4,4,10,October,2018,5,Thursday,10,10:00am-10:59am,38,38,0,This section IS NOT on the NHS,1,Rural,5,Major Collector,1,State Highway Agency,3,State Highway,SR-66,CR-3528,0,None,35.73650000,35.73650000,-96.719300000,-96.719300000,0,No Special Jurisdiction,12,Motor Vehicle In-Transport,2,Front-to-Front,0,No,2,Intersection,3,T-Intersection,0,None,,,1,On Roadway,1,Daylight,1,Clear,0,No Additional Atmospheric Conditions,1,Clear,0,No,0000000,Not Applicable,10,10:00am-10:59am,44,44,11,11:00am-11:59am,9,9,11,11:00am-11:59am,47,47,0,None,0,None,0,None,2,0
2018,40,400438,Oklahoma,2,2,0,0,0,5,5,127,PUSHMATAHA (127),0,NOT APPLICABLE,12,12,10,October,2018,6,Friday,13,1:00pm-1:59pm,44,44,0,This section IS NOT on the NHS,1,Rural,5,Major Collector,1,State Highway Agency,3,State Highway,SR-2,,302,302,34.56570000,34.56570000,-95.398400000,-95.398400000,0,No Special Jurisdiction,12,Motor Vehicle In-Transport,2,Front-to-Front,0,No,1,Non-Junction,1,Not an Intersection,0,None,,,1,On Roadway,1,Daylight,2,Rain,0,No Additional Atmospheric Conditions,2,Rain,0,No,0000000,Not Applicable,13,1:00pm-1:59pm,52,52,14,2:00pm-2:59pm,31,31,99,Unknown,99,Unknown EMS Hospital Arrival Time,0,None,0,None,0,None,2,1
2018,40,400439,Oklahoma,2,2,0,0,0,2,2,109,OKLAHOMA (109),3550,OKLAHOMA CITY,15,15,10,October,2018,2,Monday,0,0:00am-0:59am,0,0,0,This section IS NOT on the NHS,2,Urban,3,Principal Arterial - Other,1,State Highway Agency,2,U.S. Highway,US-62,,0,None,35.49320000,35.49320000,-97.436600000,-97.436600000,0,No Special Jurisdiction,12,Motor Vehicle In-Transport,6,Angle,0,No,1,Non-Junction,1,Not an Intersection,0,None,,,1,On Roadway,2,Dark - Not Lighted,10,Cloudy,0,No Additional Atmospheric Conditions,10,Cloudy,0,No,0000000,Not Applicable,0,0:00am-0:59am,1,1,0,0:00am-0:59am,7,7,88,Not Applicable (Not Transported),88,Not Applicable (Not Transported),0,None,0,None,0,None,1,1
2018,40,400440,Oklahoma,1,1,0,1,1,1,1,121,PITTSBURG (121),2630,KIOWA,28,28,9,September,2018,6,Friday,20,8:00pm-8:59pm,20,20,1,This section IS ON the NHS,1,Rural,3,Principal Arterial - Other,1,State Highway Agency,2,U.S. Highway,US-69,10TH ST,0,None,34.71887500,34.71887500,-95.900250000,-95.900250000,0,No Special Jurisdiction,8,Pedestrian,0,Not a Collision with Motor Vehicle In-Transport,0,No,2,Intersection,2,Four-Way Intersection,0,None,,,1,On Roadway,5,Dusk,1,Clear,0,No Additional Atmospheric Conditions,1,Clear,0,No,0000000,Not Applicable,20,8:00pm-8:59pm,26,26,20,8:00pm-8:59pm,59,59,88,Not Applicable (Not Transported),88,Not Applicable (Not Transported),0,None,0,None,0,None,1,0
2018,40,400441,Oklahoma,2,2,0,0,0,6,6,27,CLEVELAND (27),0,NOT APPLICABLE,20,20,10,October,2018,7,Saturday,11,11:00am-11:59am,39,39,0,This section IS NOT on the NHS,1,Rural,5,Major Collector,1,State Highway Agency,2,U.S. Highway,US-77,60TH AVE,71,71,35.09740000,35.09740000,-97.353300000,-97.353300000,0,No Special Jurisdiction,12,Motor Vehicle In-Transport,6,Angle,0,No,2,Intersection,2,Four-Way Intersection,0,None,,,1,On Roadway,1,Daylight,1,Clear,0,No Additional Atmospheric Conditions,1,Clear,0,No,0000000,Not Applicable,11,11:00am-11:59am,42,42,11,11:00am-11:59am,56,56,12,12:00pm-12:59pm,30,30,0,None,0,None,0,None,1,0
2018,40,400442,Oklahoma,2,2,0,0,0,2,2,147,WASHINGTON (147),300,BARTLESVILLE,19,19,9,September,2018,4,Wednesday,20,8:00pm-8:59pm,17,17,0,This section IS NOT on the NHS,2,Urban,3,Principal Arterial - Other,4,City or Municipal Highway Agency,6,Local Street - Municipality,SE FRANK PHILLIPS BLVD,SE SILVER LAKE RD,0,None,36.75065000,36.75065000,-95.952302780,-95.952302780,0,No Special Jurisdiction,12,Motor Vehicle In-Transport,6,Angle,0,No,2,Intersection,2,Four-Way Intersection,0,None,,,1,On Roadway,3,Dark - Lighted,1,Clear,0,No Additional Atmospheric Conditions,1,Clear,0,No,0000000,Not Applicable,20,8:00pm-8:59pm,18,18,20,8:00pm-8:59pm,20,20,20,8:00pm-8:59pm,33,33,0,None,0,None,0,None,1,0
2018,40,400443,Oklahoma,3,3,0,0,0,5,5,79,LE FLORE (79),3840,POTEAU,20,20,9,September,2018,5,Thursday,13,1:00pm-1:59pm,53,53,0,This section IS NOT on the NHS,1,Rural,3,Principal Arterial - Other,1,State Highway Agency,2,U.S. Highway,US-59,,0,None,35.09968889,35.09968889,-94.633102780,-94.633102780,0,No Special Jurisdiction,12,Motor Vehicle In-Transport,1,Front-to-Rear,0,No,8,Driveway Access Related,1,Not an Intersection,0,None,,,1,On Roadway,1,Daylight,10,Cloudy,0,No Additional Atmospheric Conditions,10,Cloudy,0,No,0000000,Not Applicable,13,1:00pm-1:59pm,55,55,14,2:00pm-2:59pm,6,6,88,Not Applicable (Not Transported),88,Not Applicable (Not Transported),0,None,0,None,0,None,1,0
2018,40,400444,Oklahoma,2,2,0,0,0,4,4,23,CHOCTAW (23),1970,GRANT,8,8,10,October,2018,2,Monday,22,10:00pm-10:59pm,57,57,0,This section IS NOT on the NHS,1,Rural,3,Principal Arterial - Other,1,State Highway Agency,2,U.S. Highway,US-271,CR-2120,0,None,33.93900000,33.93900000,-95.523900000,-95.523900000,0,No Special Jurisdiction,12,Motor Vehicle In-Transport,6,Angle,0,No,2,Intersection,2,Four-Way Intersection,0,None,,,1,On Roadway,2,Dark - Not Lighted,10,Cloudy,0,No Additional Atmospheric Conditions,10,Cloudy,0,No,0000000,Not Applicable,22,10:00pm-10:59pm,58,58,23,11:00pm-11:59pm,5,5,23,11:00pm-11:59pm,55,55,0,None,0,None,0,None,1,1
2018,40,400445,Oklahoma,1,1,0,0,0,3,3,89,MCCURTAIN (89),0,NOT APPLICABLE,13,13,10,October,2018,7,Saturday,19,7:00pm-7:59pm,32,32,0,This section IS NOT on the NHS,1,Rural,3,Principal Arterial - Other,1,State Highway Agency,2,U.S. Highway,US-259,,68,68,33.77570000,33.77570000,-94.754100000,-94.754100000,0,No Special Jurisdiction,30,Utility Pole/Light Support,0,Not a Collision with Motor Vehicle In-Transport,0,No,1,Non-Junction,1,Not an Intersection,0,None,,,4,On Roadside,2,Dark - Not Lighted,2,Rain,0,No Additional Atmospheric Conditions,2,Rain,0,No,0000000,Not Applicable,19,7:00pm-7:59pm,32,32,19,7:00pm-7:59pm,44,44,20,8:00pm-8:59pm,26,26,0,None,0,None,0,None,1,0
2018,40,400446,Oklahoma,2,2,0,0,0,4,4,131,ROGERS (131),0,NOT APPLICABLE,6,6,8,August,2018,2,Monday,1,1:00am-1:59am,35,35,1,This section IS ON the NHS,1,Rural,3,Principal Arterial - Other,1,State Highway Agency,2,U.S. Highway,US-169,,7,7,36.38850000,36.38850000,-95.804800000,-95.804800000,0,No Special Jurisdiction,12,Motor Vehicle In-Transport,7,Sideswipe - Same Direction,0,No,1,Non-Junction,1,Not an Intersection,0,None,,,1,On Roadway,2,Dark - Not Lighted,1,Clear,0,No Additional Atmospheric Conditions,1,Clear,0,No,0000000,Not Applicable,1,1:00am-1:59am,39,39,1,1:00am-1:59am,48,48,2,2:00am-2:59am,52,52,0,None,0,None,0,None,1,0
2018,40,400447,Oklahoma,1,1,0,1,1,1,1,143,TULSA (143),4780,TULSA,7,7,8,August,2018,3,Tuesday,6,6:00am-6:59am,19,19,1,This section IS ON the NHS,2,Urban,1,Interstate,1,State Highway Agency,1,Interstate,I-244,,0,None,36.08780000,36.08780000,-96.040300000,-96.040300000,0,No Special Jurisdiction,9,Pedalcyclist,0,Not a Collision with Motor Vehicle In-Transport,0,No,1,Non-Junction,1,Not an Intersection,0,None,,,1,On Roadway,3,Dark - Lighted,1,Clear,0,No Additional Atmospheric Conditions,1,Clear,0,No,0000000,Not Applicable,6,6:00am-6:59am,13,13,6,6:00am-6:59am,26,26,6,6:00am-6:59am,53,53,0,None,0,None,0,None,1,0
2018,40,400448,Oklahoma,2,2,0,0,0,2,2,17,CANADIAN (17),3550,OKLAHOMA CITY,15,15,8,August,2018,4,Wednesday,16,4:00pm-4:59pm,20,20,0,This section IS NOT on the NHS,2,Urban,4,Minor Arterial,4,City or Municipal Highway Agency,6,Local Street - Municipality,S CZECH HALL RD,SILVER MAPLE DR,0,None,35.46810000,35.46810000,-97.742500000,-97.742500000,0,No Special Jurisdiction,12,Motor Vehicle In-Transport,6,Angle,0,No,2,Intersection,3,T-Intersection,0,None,,,1,On Roadway,1,Daylight,1,Clear,0,No Additional Atmospheric Conditions,1,Clear,0,No,0000000,Not Applicable,16,4:00pm-4:59pm,20,20,16,4:00pm-4:59pm,28,28,16,4:00pm-4:59pm,54,54,14,"Motor Vehicle struck by falling cargo,or something that came loose from or something that was set in motion by a vehicle",0,None,0,None,1,0
2018,40,400449,Oklahoma,1,1,0,0,0,1,1,113,OSAGE (113),0,NOT APPLICABLE,27,27,8,August,2018,2,Monday,21,9:00pm-9:59pm,24,24,0,This section IS NOT on the NHS,1,Rural,5,Major Collector,2,County Highway Agency,4,County Road,CR-2706,,0,None,36.72670000,36.72670000,-96.042400000,-96.042400000,0,No Special Jurisdiction,34,Ditch,0,Not a Collision with Motor Vehicle In-Transport,0,No,1,Non-Junction,1,Not an Intersection,0,None,,,4,On Roadside,2,Dark - Not Lighted,1,Clear,0,No Additional Atmospheric Conditions,1,Clear,0,No,0000000,Not Applicable,21,9:00pm-9:59pm,25,25,21,9:00pm-9:59pm,33,33,88,Not Applicable (Not Transported),88,Not Applicable (Not Transported),0,None,0,None,0,None,1,1
2018,40,400450,Oklahoma,3,3,0,0,0,6,6,97,MAYES (97),3855,PRYOR,15,15,9,September,2018,7,Saturday,11,11:00am-11:59am,28,28,1,This section IS ON the NHS,2,Urban,3,Principal Arterial - Other,1,State Highway Agency,2,U.S. Highway,US-69,NE 5TH ST,0,None,36.31452222,36.31452222,-95.316083330,-95.316083330,0,No Special Jurisdiction,12,Motor Vehicle In-Transport,6,Angle,0,No,2,Intersection,2,Four-Way Intersection,0,None,,,1,On Roadway,1,Daylight,1,Clear,0,No Additional Atmospheric Conditions,1,Clear,0,No,0000000,Not Applicable,11,11:00am-11:59am,30,30,11,11:00am-11:59am,33,33,12,12:00pm-12:59pm,11,11,0,None,0,None,0,None,1,0
2018,40,400451,Oklahoma,1,1,0,0,0,2,2,77,LATIMER (77),0,NOT APPLICABLE,25,25,9,September,2018,3,Tuesday,10,10:00am-10:59am,40,40,0,This section IS NOT on the NHS,1,Rural,7,Local,2,County Highway Agency,4,County Road,CR-PEAR GROVE,,0,None,34.72440000,34.72440000,-95.068900000,-95.068900000,0,No Special Jurisdiction,1,Rollover/Overturn,0,Not a Collision with Motor Vehicle In-Transport,0,No,1,Non-Junction,1,Not an Intersection,0,None,,,1,On Roadway,1,Daylight,1,Clear,0,No Additional Atmospheric Conditions,1,Clear,0,No,0000000,Not Applicable,10,10:00am-10:59am,36,36,10,10:00am-10:59am,46,46,13,1:00pm-1:59pm,0,0,0,None,0,None,0,None,1,0
2018,40,400452,Oklahoma,1,1,0,1,1,1,1,119,PAYNE (119),4460,STILLWATER,26,26,9,September,2018,4,Wednesday,21,9:00pm-9:59pm,5,5,0,This section IS NOT on the NHS,2,Urban,3,Principal Arterial - Other,1,State Highway Agency,2,U.S. Highway,US-177,E 8TH AVE,0,None,36.11414167,36.11414167,-97.051444440,-97.051444440,0,No Special Jurisdiction,8,Pedestrian,0,Not a Collision with Motor Vehicle In-Transport,0,No,3,Intersection-Related,3,T-Intersection,0,None,,,1,On Roadway,2,Dark - Not Lighted,10,Cloudy,0,No Additional Atmospheric Conditions,10,Cloudy,0,No,0000000,Not Applicable,99,Unknown,99,Unknown,99,Unknown EMS Scene Arrival Hour,99,Unknown EMS Scene Arrival Minutes,88,Not Applicable (Not Transported),88,Not Applicable (Not Transported),0,None,0,None,0,None,1,0
2018,40,400453,Oklahoma,1,1,0,1,1,1,1,17,CANADIAN (17),5290,YUKON,6,6,10,October,2018,7,Saturday,10,10:00am-10:59am,5,5,0,This section IS NOT on the NHS,2,Urban,7,Local,4,City or Municipal Highway Agency,6,Local Street - Municipality,POPLAR AVE,S 3RD ST,0,None,35.50367500,35.50367500,-97.746900000,-97.746900000,0,No Special Jurisdiction,9,Pedalcyclist,0,Not a Collision with Motor Vehicle In-Transport,0,No,2,Intersection,2,Four-Way Intersection,0,None,,,1,On Roadway,1,Daylight,10,Cloudy,0,No Additional Atmospheric Conditions,10,Cloudy,0,No,0000000,Not Applicable,10,10:00am-10:59am,6,6,10,10:00am-10:59am,12,12,10,10:00am-10:59am,45,45,0,None,0,None,0,None,1,0
2018,40,400454,Oklahoma,1,1,0,0,0,1,1,49,GARVIN (49),0,NOT APPLICABLE,25,25,10,October,2018,5,Thursday,99,Unknown Hours,99,Unknown Minutes,0,This section IS NOT on the NHS,1,Rural,4,Minor Arterial,1,State Highway Agency,2,U.S. Highway,US-177,,55,55,34.71820000,34.71820000,-96.967700000,-96.967700000,0,No Special Jurisdiction,42,Tree (Standing Only),0,Not a Collision with Motor Vehicle In-Transport,0,No,1,Non-Junction,1,Not an Intersection,0,None,,,4,On Roadside,9,Reported as Unknown,10,Cloudy,0,No Additional Atmospheric Conditions,10,Cloudy,0,No,0000000,Not Applicable,88,Not Applicable (Not Notified),88,Not Applicable (Not Notified),88,Not Applicable,88,Not Applicable,88,Not Applicable (Not Transported),88,Not Applicable (Not Transported),0,None,0,None,0,None,1,1
2018,40,400455,Oklahoma,1,1,0,0,0,1,1,103,NOBLE (103),0,NOT APPLICABLE,23,23,8,August,2018,5,Thursday,14,2:00pm-2:59pm,45,45,1,This section IS ON the NHS,1,Rural,1,Interstate,1,State Highway Agency,1,Interstate,I-35,,0,None,36.50380000,36.50380000,-97.335700000,-97.335700000,0,No Special Jurisdiction,38,Fence,0,Not a Collision with Motor Vehicle In-Transport,0,No,1,Non-Junction,1,Not an Intersection,0,None,,,5,Outside Trafficway,1,Daylight,1,Clear,0,No Additional Atmospheric Conditions,1,Clear,0,No,0000000,Not Applicable,15,3:00pm-3:59pm,26,26,15,3:00pm-3:59pm,45,45,16,4:00pm-4:59pm,16,16,0,None,0,None,0,None,1,0
2018,40,400456,Oklahoma,5,5,0,0,0,7,7,143,TULSA (143),590,BROKEN ARROW,15,15,10,October,2018,2,Monday,17,5:00pm-5:59pm,45,45,0,This section IS NOT on the NHS,2,Urban,3,Principal Arterial - Other,4,City or Municipal Highway Agency,6,Local Street - Municipality,N ASPEN AVE,,0,None,36.07158889,36.07158889,-95.815255560,-95.815255560,0,No Special Jurisdiction,12,Motor Vehicle In-Transport,6,Angle,0,No,1,Non-Junction,1,Not an Intersection,0,None,,,1,On Roadway,1,Daylight,1,Clear,0,No Additional Atmospheric Conditions,1,Clear,0,No,0000000,Not Applicable,17,5:00pm-5:59pm,45,45,17,5:00pm-5:59pm,51,51,18,6:00pm-6:59pm,23,23,14,"Motor Vehicle struck by falling cargo,or something that came loose from or something that was set in motion by a vehicle",0,None,0,None,1,0
2018,40,400457,Oklahoma,1,1,0,0,0,1,1,17,CANADIAN (17),0,NOT APPLICABLE,26,26,8,August,2018,1,Sunday,14,2:00pm-2:59pm,25,25,1,This section IS ON the NHS,1,Rural,1,Interstate,1,State Highway Agency,1,Interstate,I-40,,0,None,35.52970000,35.52970000,-98.181500000,-98.181500000,0,No Special Jurisdiction,42,Tree (Standing Only),0,Not a Collision with Motor Vehicle In-Transport,0,No,1,Non-Junction,1,Not an Intersection,0,None,,,4,On Roadside,1,Daylight,1,Clear,0,No Additional Atmospheric Conditions,1,Clear,0,No,0000000,Not Applicable,14,2:00pm-2:59pm,41,41,15,3:00pm-3:59pm,8,8,15,3:00pm-3:59pm,43,43,0,None,0,None,0,None,1,0