caseyear,state,st_case,statename,ve_total,ve_forms,pvh_invl,peds,pernotmvit,permvit,persons,county,countyname,city,cityname,day,dayname,month,monthname,year,day_week,day_weekname,hour,hourname,minute,minutename,nhs,nhsname,rur_urb,rur_urbname,func_sys,func_sysname,rd_owner,rd_ownername,route,routename,tway_id,tway_id2,milept,mileptname,latitude,latitudename,longitud,longitudname,sp_jur,sp_jurname,harm_ev,harm_evname,man_coll,man_collname,reljct1,reljct1name,reljct2,reljct2name,typ_int,typ_intname,wrk_zone,wrk_zonename,road_fnc,road_fncname,rel_road,rel_roadname,lgt_cond,lgt_condname,weather1,weather1name,weather2,weather2name,weather,weathername,sch_bus,sch_busname,rail,railname,not_hour,not_hourname,not_min,not_minname,arr_hour,arr_hourname,arr_min,arr_minname,hosp_hr,hosp_hrname,hosp_mn,hosp_mnname,cf1,cf1name,cf2,cf2name,cf3,cf3name,fatals,drunk_dr
2018,40,400458,Oklahoma,1,1,0,1,1,1,1,87,MCCLAIN (87),3870,PURCELL,1,1,9,September,2018,7,Saturday,19,7:00pm-7:59pm,18,18,0,This section IS NOT on the NHS,2,Urban,7,Local,4,City or Municipal Highway Agency,6,Local Street - Municipality,BLUESTEM CT,ARBOR DR,0,None,35.04931111,35.04931111,-97.371638890,-97.371638890,0,No Special Jurisdiction,9,Pedalcyclist,0,Not a Collision with Motor Vehicle In-Transport,0,No,3,Intersection-Related,3,T-Intersection,0,None,,,1,On Roadway,1,Daylight,1,Clear,0,No Additional Atmospheric Conditions,1,Clear,0,No,0000000,Not Applicable,19,7:00pm-7:59pm,18,18,19,7:00pm-7:59pm,23,23,19,7:00pm-7:59pm,49,49,0,None,0,None,0,None,1,0
2018,40,400459,Oklahoma,1,1,0,1,1,1,1,109,OKLAHOMA (109),3550,OKLAHOMA CITY,18,18,9,September,2018,3,Tuesday,6,6:00am-6:59am,36,36,0,This section IS NOT on the NHS,2,Urban,4,Minor Arterial,4,City or Municipal Highway Agency,6,Local Street - Municipality,S SUNNYLANE RD,,0,None,35.40755833,35.40755833,-97.441319440,-97.441319440,0,No Special Jurisdiction,15,Non-Motorist on Personal Conveyance,0,Not a Collision with Motor Vehicle In-Transport,0,No,1,Non-Junction,1,Not an Intersection,0,None,,,1,On Roadway,4,Dawn,1,Clear,0,No Additional Atmospheric Conditions,1,Clear,0,No,0000000,Not Applicable,6,6:00am-6:59am,35,35,6,6:00am-6:59am,45,45,88,Not Applicable (Not Transported),88,Not Applicable (Not Transported),0,None,0,None,0,None,1,0
2018,40,400460,Oklahoma,2,2,0,0,0,5,5,11,BLAINE (11),0,NOT APPLICABLE,4,4,10,October,2018,5,Thursday,6,6:00am-6:59am,28,28,0,This section IS NOT on the NHS,1,Rural,5,Major Collector,1,State Highway Agency,3,State Highway,SR-51,CR-N2500,50,50,36.05790000,36.05790000,-98.547700000,-98.547700000,0,No Special Jurisdiction,12,Motor Vehicle In-Transport,6,Angle,0,No,2,Intersection,2,Four-Way Intersection,0,None,,,1,On Roadway,2,Dark - Not Lighted,10,Cloudy,0,No Additional Atmospheric Conditions,10,Cloudy,0,No,0000000,Not Applicable,6,6:00am-6:59am,27,27,6,6:00am-6:59am,36,36,7,7:00am-7:59am,20,20,0,None,0,None,0,None,1,0
2018,40,400461,Oklahoma,2,2,0,0,0,2,2,109,OKLAHOMA (109),1480,EDMOND,12,12,10,October,2018,6,Friday,1,1:00am-1:59am,24,24,1,This section IS ON the NHS,2,Urban,1,Interstate,1,State Highway Agency,1,Interstate,I-35,,0,None,35.62810000,35.62810000,-97.424800000,-97.424800000,0,No Special Jurisdiction,12,Motor Vehicle In-Transport,1,Front-to-Rear,0,No,1,Non-Junction,1,Not an Intersection,0,None,,,1,On Roadway,3,Dark - Lighted,2,Rain,0,No Additional Atmospheric Conditions,2,Rain,0,No,0000000,Not Applicable,1,1:00am-1:59am,27,27,1,1:00am-1:59am,40,40,88,Not Applicable (Not Transported),88,Not Applicable (Not Transported),0,None,0,None,0,None,1,2
2018,40,400462,Oklahoma,1,1,0,0,0,1,1,37,CREEK (37),0,NOT APPLICABLE,22,22,10,October,2018,2,Monday,4,4:00am-4:59am,50,50,1,This section IS ON the NHS,1,Rural,1,Interstate,1,State Highway Agency,1,Interstate,I-44,,0,None,36.00270000,36.00270000,-96.143600000,-96.143600000,0,No Special Jurisdiction,25,Concrete Traffic Barrier,0,Not a Collision with Motor Vehicle In-Transport,0,No,1,Non-Junction,1,Not an Intersection,1,Construction,,,4,On Roadside,2,Dark - Not Lighted,1,Clear,0,No Additional Atmospheric Conditions,1,Clear,0,No,0000000,Not Applicable,4,4:00am-4:59am,55,55,5,5:00am-5:59am,6,6,88,Not Applicable (Not Transported),88,Not Applicable (Not Transported),0,None,0,None,0,None,1,0
2018,40,400463,Oklahoma,2,2,0,0,0,3,3,11,BLAINE (11),0,NOT APPLICABLE,22,22,10,October,2018,2,Monday,7,7:00am-7:59am,7,7,1,This section IS ON the NHS,2,Urban,3,Principal Arterial - Other,1,State Highway Agency,2,U.S. Highway,US-270,MAIN ST,89,89,35.72430000,35.72430000,-98.378300000,-98.378300000,0,No Special Jurisdiction,12,Motor Vehicle In-Transport,6,Angle,0,No,3,Intersection-Related,3,T-Intersection,0,None,,,1,On Roadway,2,Dark - Not Lighted,1,Clear,0,No Additional Atmospheric Conditions,1,Clear,0,No,0000000,Not Applicable,7,7:00am-7:59am,18,18,7,7:00am-7:59am,45,45,8,8:00am-8:59am,32,32,23,Indication of a Stalled/Disabled Vehicle,19,Recent/Previous Crash scene Nearby,0,None,1,0
2018,40,400464,Oklahoma,1,1,0,0,0,1,1,101,MUSKOGEE (101),9997,Other,30,30,10,October,2018,3,Tuesday,0,0:00am-0:59am,5,5,0,This section IS NOT on the NHS,1,Rural,5,Major Collector,1,State Highway Agency,2,U.S. Highway,US-64,,0,None,35.59520000,35.59520000,-95.349400000,-95.349400000,0,No Special Jurisdiction,32,Culvert,0,Not a Collision with Motor Vehicle In-Transport,0,No,1,Non-Junction,1,Not an Intersection,0,None,,,4,On Roadside,2,Dark - Not Lighted,1,Clear,0,No Additional Atmospheric Conditions,1,Clear,0,No,0000000,Not Applicable,0,0:00am-0:59am,4,4,0,0:00am-0:59am,18,18,88,Not Applicable (Not Transported),88,Not Applicable (Not Transported),0,None,0,None,0,None,1,1
2018,40,400465,Oklahoma,3,3,0,0,0,4,4,93,MAJOR (93),0,NOT APPLICABLE,31,31,8,August,2018,6,Friday,12,12:00pm-12:59pm,40,40,1,This section IS ON the NHS,1,Rural,3,Principal Arterial - Other,1,State Highway Agency,2,U.S. Highway,US-412,CR-580,18,18,36.39090000,36.39090000,-98.408200000,-98.408200000,0,No Special Jurisdiction,12,Motor Vehicle In-Transport,1,Front-to-Rear,0,No,2,Intersection,2,Four-Way Intersection,0,None,,,1,On Roadway,1,Daylight,1,Clear,0,No Additional Atmospheric Conditions,1,Clear,0,No,0000000,Not Applicable,12,12:00pm-12:59pm,39,39,12,12:00pm-12:59pm,52,52,88,Not Applicable (Not Transported),88,Not Applicable (Not Transported),0,None,0,None,0,None,1,0
2018,40,400466,Oklahoma,2,2,0,0,0,3,3,51,GRADY (51),0,NOT APPLICABLE,19,19,10,October,2018,6,Friday,16,4:00pm-4:59pm,50,50,0,This section IS NOT on the NHS,1,Rural,4,Minor Arterial,1,State Highway Agency,2,U.S. Highway,US-62,CR-2760,10,10,35.08400000,35.08400000,-98.075600000,-98.075600000,0,No Special Jurisdiction,12,Motor Vehicle In-Transport,6,Angle,0,No,2,Intersection,2,Four-Way Intersection,0,None,,,1,On Roadway,1,Daylight,1,Clear,0,No Additional Atmospheric Conditions,1,Clear,0,No,0000000,Not Applicable,16,4:00pm-4:59pm,57,57,17,5:00pm-5:59pm,7,7,18,6:00pm-6:59pm,2,2,0,None,0,None,0,None,3,0
2018,40,400467,Oklahoma,2,2,0,0,0,3,3,129,ROGER MILLS (129),0,NOT APPLICABLE,21,21,10,October,2018,1,Sunday,20,8:00pm-8:59pm,34,34,0,This section IS NOT on the NHS,1,Rural,5,Major Collector,1,State Highway Agency,3,State Highway,SR-33,SR-30,10,10,35.81300000,35.81300000,-99.925700000,-99.925700000,0,No Special Jurisdiction,12,Motor Vehicle In-Transport,6,Angle,0,No,2,Intersection,2,Four-Way Intersection,0,None,,,1,On Roadway,2,Dark - Not Lighted,1,Clear,0,No Additional Atmospheric Conditions,1,Clear,0,No,0000000,Not Applicable,19,7:00pm-7:59pm,31,31,19,7:00pm-7:59pm,57,57,20,8:00pm-8:59pm,46,46,0,None,0,None,0,None,1,0
2018,40,400468,Oklahoma,2,2,0,0,0,3,3,109,OKLAHOMA (109),3550,OKLAHOMA CITY,31,31,10,October,2018,4,Wednesday,13,1:00pm-1:59pm,24,24,0,This section IS NOT on the NHS,2,Urban,3,Principal Arterial - Other,4,City or Municipal Highway Agency,6,Local Street - Municipality,NW 63RD ST,,0,None,35.53686667,35.53686667,-97.531630560,-97.531630560,0,No Special Jurisdiction,12,Motor Vehicle In-Transport,2,Front-to-Front,0,No,1,Non-Junction,1,Not an Intersection,0,None,,,1,On Roadway,1,Daylight,2,Rain,0,No Additional Atmospheric Conditions,2,Rain,0,No,0000000,Not Applicable,13,1:00pm-1:59pm,25,25,13,1:00pm-1:59pm,37,37,14,2:00pm-2:59pm,27,27,0,None,0,None,0,None,1,0
2018,40,400469,Oklahoma,2,2,0,0,0,6,6,125,POTTAWATOMIE (125),4300,SHAWNEE,20,20,9,September,2018,5,Thursday,12,12:00pm-12:59pm,49,49,0,This section IS NOT on the NHS,2,Urban,3,Principal Arterial - Other,4,City or Municipal Highway Agency,6,Local Street - Municipality,N KICKAPOO ST,SARATOGA ST,0,None,35.35206111,35.35206111,-96.929861110,-96.929861110,0,No Special Jurisdiction,12,Motor Vehicle In-Transport,6,Angle,0,No,2,Intersection,3,T-Intersection,0,None,,,1,On Roadway,1,Daylight,1,Clear,0,No Additional Atmospheric Conditions,1,Clear,0,No,0000000,Not Applicable,12,12:00pm-12:59pm,49,49,12,12:00pm-12:59pm,56,56,13,1:00pm-1:59pm,9,9,0,None,0,None,0,None,1,0
2018,40,400470,Oklahoma,2,2,0,0,0,2,2,109,OKLAHOMA (109),3170,MIDWEST CITY,12,12,9,September,2018,4,Wednesday,3,3:00am-3:59am,41,41,0,This section IS NOT on the NHS,2,Urban,3,Principal Arterial - Other,1,State Highway Agency,2,U.S. Highway,US-62,,0,None,35.49321944,35.49321944,-97.410175000,-97.410175000,0,No Special Jurisdiction,12,Motor Vehicle In-Transport,2,Front-to-Front,0,No,1,Non-Junction,1,Not an Intersection,0,None,,,1,On Roadway,3,Dark - Lighted,1,Clear,0,No Additional Atmospheric Conditions,1,Clear,0,No,0000000,Not Applicable,3,3:00am-3:59am,44,44,3,3:00am-3:59am,48,48,4,4:00am-4:59am,27,27,0,None,0,None,0,None,1,1
2018,40,400471,Oklahoma,1,1,0,0,0,1,1,143,TULSA (143),4780,TULSA,10,10,10,October,2018,4,Wednesday,22,10:00pm-10:59pm,57,57,0,This section IS NOT on the NHS,2,Urban,4,Minor Arterial,4,City or Municipal Highway Agency,6,Local Street - Municipality,33RD W AVE,111TH ST S,0,None,36.00282222,36.00282222,-96.026883330,-96.026883330,0,No Special Jurisdiction,24,Guardrail Face,0,Not a Collision with Motor Vehicle In-Transport,0,No,3,Intersection-Related,3,T-Intersection,0,None,,,4,On Roadside,2,Dark - Not Lighted,1,Clear,0,No Additional Atmospheric Conditions,1,Clear,0,No,0000000,Not Applicable,22,10:00pm-10:59pm,52,52,23,11:00pm-11:59pm,4,4,88,Not Applicable (Not Transported),88,Not Applicable (Not Transported),0,None,0,None,0,None,1,0
2018,40,400472,Oklahoma,2,2,0,0,0,2,2,71,KAY (71),3380,NEWKIRK,23,23,10,October,2018,3,Tuesday,21,9:00pm-9:59pm,3,3,0,This section IS NOT on the NHS,1,Rural,4,Minor Arterial,1,State Highway Agency,2,U.S. Highway,US-77,,0,None,36.87585000,36.87585000,-97.061788890,-97.061788890,0,No Special Jurisdiction,12,Motor Vehicle In-Transport,6,Angle,0,No,8,Driveway Access Related,1,Not an Intersection,0,None,,,1,On Roadway,3,Dark - Lighted,1,Clear,0,No Additional Atmospheric Conditions,1,Clear,0,No,0000000,Not Applicable,21,9:00pm-9:59pm,3,3,21,9:00pm-9:59pm,7,7,21,9:00pm-9:59pm,23,23,0,None,0,None,0,None,1,0
2018,40,400473,Oklahoma,2,2,0,0,0,2,2,79,LE FLORE (79),0,NOT APPLICABLE,24,24,10,October,2018,4,Wednesday,0,0:00am-0:59am,46,46,0,This section IS NOT on the NHS,1,Rural,3,Principal Arterial - Other,1,State Highway Agency,2,U.S. Highway,US-59,,11,11,35.23650000,35.23650000,-94.692300000,-94.692300000,0,No Special Jurisdiction,12,Motor Vehicle In-Transport,2,Front-to-Front,0,No,1,Non-Junction,1,Not an Intersection,0,None,,,1,On Roadway,2,Dark - Not Lighted,1,Clear,0,No Additional Atmospheric Conditions,1,Clear,0,No,0000000,Not Applicable,0,0:00am-0:59am,47,47,1,1:00am-1:59am,0,0,2,2:00am-2:59am,45,45,0,None,0,None,0,None,1,0
2018,40,400474,Oklahoma,2,2,0,0,0,4,4,13,BRYAN (13),710,CALERA,29,29,10,October,2018,2,Monday,18,6:00pm-6:59pm,49,49,1,This section IS ON the NHS,1,Rural,3,Principal Arterial - Other,1,State Highway Agency,2,U.S. Highway,US-69/75,MAIN ST,0,None,33.93312778,33.93312778,-96.427525000,-96.427525000,0,No Special Jurisdiction,12,Motor Vehicle In-Transport,6,Angle,0,No,2,Intersection,2,Four-Way Intersection,0,None,,,1,On Roadway,1,Daylight,1,Clear,0,No Additional Atmospheric Conditions,1,Clear,0,No,0000000,Not Applicable,19,7:00pm-7:59pm,7,7,19,7:00pm-7:59pm,12,12,19,7:00pm-7:59pm,47,47,0,None,0,None,0,None,1,0
2018,40,400475,Oklahoma,1,1,0,1,1,7,7,71,KAY (71),3800,PONCA CITY,11,11,8,August,2018,7,Saturday,12,12:00pm-12:59pm,10,10,0,This section IS NOT on the NHS,2,Urban,7,Local,4,City or Municipal Highway Agency,6,Local Street - Municipality,VIRGINIA AVE,,0,None,36.71774167,36.71774167,-97.070977780,-97.070977780,0,No Special Jurisdiction,8,Pedestrian,0,Not a Collision with Motor Vehicle In-Transport,0,No,1,Non-Junction,1,Not an Intersection,0,None,,,1,On Roadway,1,Daylight,1,Clear,0,No Additional Atmospheric Conditions,1,Clear,0,No,0000000,Not Applicable,12,12:00pm-12:59pm,11,11,12,12:00pm-12:59pm,15,15,12,12:00pm-12:59pm,23,23,0,None,0,None,0,None,1,0
2018,40,400476,Oklahoma,2,2,0,0,0,2,2,71,KAY (71),3800,PONCA CITY,12,12,9,September,2018,4,Wednesday,15,3:00pm-3:59pm,58,58,0,This section IS NOT on the NHS,2,Urban,3,Principal Arterial - Other,1,State Highway Agency,2,U.S. Highway,US-77,EDWARDS AVE,0,None,36.68779722,36.68779722,-97.068058330,-97.068058330,0,No Special Jurisdiction,12,Motor Vehicle In-Transport,1,Front-to-Rear,0,No,3,Intersection-Related,2,Four-Way Intersection,0,None,,,1,On Roadway,1,Daylight,1,Clear,0,No Additional Atmospheric Conditions,1,Clear,0,No,0000000,Not Applicable,15,3:00pm-3:59pm,58,58,16,4:00pm-4:59pm,4,4,16,4:00pm-4:59pm,29,29,0,None,0,None,0,None,1,0
2018,40,400477,Oklahoma,2,2,0,0,0,2,2,3,ALFALFA (3),0,NOT APPLICABLE,16,16,10,October,2018,3,Tuesday,10,10:00am-10:59am,10,10,0,This section IS NOT on the NHS,1,Rural,7,Local,4,City or Municipal Highway Agency,4,County Road,CR-E300,CR-NS2640,0,None,36.57900000,36.57900000,-98.301600000,-98.301600000,0,No Special Jurisdiction,12,Motor Vehicle In-Transport,6,Angle,0,No,2,Intersection,2,Four-Way Intersection,0,None,,,1,On Roadway,1,Daylight,1,Clear,0,No Additional Atmospheric Conditions,1,Clear,0,No,0000000,Not Applicable,10,10:00am-10:59am,15,15,10,10:00am-10:59am,50,50,12,12:00pm-12:59pm,3,3,0,None,0,None,0,None,1,0
2018,40,400478,Oklahoma,1,1,0,0,0,1,1,137,STEPHENS (137),0,NOT APPLICABLE,19,19,10,October,2018,6,Friday,8,8:00am-8:59am,35,35,0,This section IS NOT on the NHS,1,Rural,7,Local,2,County Highway Agency,4,County Road,CR-CASON,,0,None,34.60390000,34.60390000,-97.879100000,-97.879100000,0,No Special Jurisdiction,35,Embankment,0,Not a Collision with Motor Vehicle In-Transport,0,No,1,Non-Junction,1,Not an Intersection,0,None,,,4,On Roadside,1,Daylight,2,Rain,0,No Additional Atmospheric Conditions,2,Rain,0,No,0000000,Not Applicable,88,Not Applicable (Not Notified),88,Not Applicable (Not Notified),88,Not Applicable,88,Not Applicable,88,Not Applicable (Not Transported),88,Not Applicable (Not Transported),0,None,0,None,0,None,1,0
2018,40,400479,Oklahoma,1,1,0,0,0,1,1,97,MAYES (97),0,NOT APPLICABLE,28,28,10,October,2018,1,Sunday,15,3:00pm-3:59pm,33,33,0,This section IS NOT on the NHS,1,Rural,5,Major Collector,1,State Highway Agency,3,State Highway,SR-82,,69,69,36.33740000,36.33740000,-95.059700000,-95.059700000,0,No Special Jurisdiction,1,Rollover/Overturn,0,Not a Collision with Motor Vehicle In-Transport,0,No,1,Non-Junction,1,Not an Intersection,0,None,,,4,On Roadside,1,Daylight,1,Clear,0,No Additional Atmospheric Conditions,1,Clear,0,No,0000000,Not Applicable,15,3:00pm-3:59pm,34,34,15,3:00pm-3:59pm,56,56,16,4:00pm-4:59pm,39,39,0,None,0,None,0,None,1,0
2018,40,400480,Oklahoma,1,1,0,0,0,1,1,81,LINCOLN (81),0,NOT APPLICABLE,28,28,10,October,2018,1,Sunday,22,10:00pm-10:59pm,13,13,0,This section IS NOT on the NHS,1,Rural,5,Major Collector,1,State Highway Agency,2,U.S. Highway,US-62,,134,134,35.49180000,35.49180000,-96.663300000,-96.663300000,0,No Special Jurisdiction,38,Fence,0,Not a Collision with Motor Vehicle In-Transport,0,No,1,Non-Junction,1,Not an Intersection,0,None,,,6,Off Roadway-Location Unknown,2,Dark - Not Lighted,1,Clear,0,No Additional Atmospheric Conditions,1,Clear,0,No,0000000,Not Applicable,88,Not Applicable (Not Notified),88,Not Applicable (Not Notified),88,Not Applicable,88,Not Applicable,88,Not Applicable (Not Transported),88,Not Applicable (Not Transported),0,None,0,None,0,None,1,1
2018,40,400481,Oklahoma,1,1,0,0,0,1,1,39,CUSTER (39),0,NOT APPLICABLE,30,30,10,October,2018,3,Tuesday,20,8:00pm-8:59pm,28,28,0,This section IS NOT on the NHS,1,Rural,7,Local,4,City or Municipal Highway Agency,4,County Road,CR-N2420,,0,None,35.75470000,35.75470000,-98.685300000,-98.685300000,0,No Special Jurisdiction,1,Rollover/Overturn,0,Not a Collision with Motor Vehicle In-Transport,0,No,1,Non-Junction,1,Not an Intersection,0,None,,,4,On Roadside,2,Dark - Not Lighted,10,Cloudy,0,No Additional Atmospheric Conditions,10,Cloudy,0,No,0000000,Not Applicable,88,Not Applicable (Not Notified),88,Not Applicable (Not Notified),88,Not Applicable,88,Not Applicable,88,Not Applicable (Not Transported),88,Not Applicable (Not Transported),0,None,0,None,0,None,1,1
2018,40,400482,Oklahoma,2,2,0,0,0,4,4,1,ADAIR (1),0,NOT APPLICABLE,1,1,11,November,2018,5,Thursday,15,3:00pm-3:59pm,7,7,0,This section IS NOT on the NHS,1,Rural,3,Principal Arterial - Other,1,State Highway Agency,2,U.S. Highway,US-59,,101,101,35.96270000,35.96270000,-94.590200000,-94.590200000,0,No Special Jurisdiction,12,Motor Vehicle In-Transport,2,Front-to-Front,0,No,1,Non-Junction,1,Not an Intersection,0,None,,,4,On Roadside,1,Daylight,1,Clear,0,No Additional Atmospheric Conditions,1,Clear,0,No,0000000,Not Applicable,15,3:00pm-3:59pm,4,4,15,3:00pm-3:59pm,33,33,16,4:00pm-4:59pm,32,32,0,None,0,None,0,None,1,0
2018,40,400483,Oklahoma,2,2,0,0,0,2,2,109,OKLAHOMA (109),3550,OKLAHOMA CITY,2,2,11,November,2018,6,Friday,8,8:00am-8:59am,50,50,0,This section IS NOT on the NHS,2,Urban,4,Minor Arterial,4,City or Municipal Highway Agency,6,Local Street - Municipality,NE 63RD ST,N MIDWEST BLVD,0,None,35.53668611,35.53668611,-97.388750000,-97.388750000,0,No Special Jurisdiction,12,Motor Vehicle In-Transport,6,Angle,0,No,2,Intersection,2,Four-Way Intersection,0,None,,,1,On Roadway,1,Daylight,10,Cloudy,0,No Additional Atmospheric Conditions,10,Cloudy,0,No,0000000,Not Applicable,8,8:00am-8:59am,51,51,9,9:00am-9:59am,8,8,9,9:00am-9:59am,42,42,0,None,0,None,0,None,1,0
2018,40,400484,Oklahoma,2,2,0,0,0,2,2,83,LOGAN (83),0,NOT APPLICABLE,3,3,11,November,2018,7,Saturday,10,10:00am-10:59am,44,44,0,This section IS NOT on the NHS,1,Rural,5,Major Collector,1,State Highway Agency,3,State Highway,SR-74,INDUSTRIAL RD,90,90,35.85680000,35.85680000,-97.585100000,-97.585100000,0,No Special Jurisdiction,12,Motor Vehicle In-Transport,6,Angle,0,No,2,Intersection,2,Four-Way Intersection,0,None,,,1,On Roadway,1,Daylight,10,Cloudy,0,No Additional Atmospheric Conditions,10,Cloudy,0,No,0000000,Not Applicable,10,10:00am-10:59am,43,43,11,11:00am-11:59am,1,1,88,Not Applicable (Not Transported),88,Not Applicable (Not Transported),0,None,0,None,0,None,1,0
2018,40,400485,Oklahoma,1,1,0,0,0,2,2,17,CANADIAN (17),0,NOT APPLICABLE,10,10,11,November,2018,7,Saturday,0,0:00am-0:59am,20,20,0,This section IS NOT on the NHS,1,Rural,7,Local,4,City or Municipal Highway Agency,6,Local Street - Municipality,CEDAR RD,,0,None,35.44570000,35.44570000,-98.185100000,-98.185100000,0,No Special Jurisdiction,42,Tree (Standing Only),0,Not a Collision with Motor Vehicle In-Transport,0,No,1,Non-Junction,1,Not an Intersection,0,None,,,4,On Roadside,2,Dark - Not Lighted,10,Cloudy,0,No Additional Atmospheric Conditions,10,Cloudy,0,No,0000000,Not Applicable,99,Unknown,99,Unknown,99,Unknown EMS Scene Arrival Hour,99,Unknown EMS Scene Arrival Minutes,99,Unknown,99,Unknown EMS Hospital Arrival Time,0,None,0,None,0,None,1,1
2018,40,400486,Oklahoma,2,2,0,0,0,4,4,109,OKLAHOMA (109),3550,OKLAHOMA CITY,5,5,11,November,2018,2,Monday,5,5:00am-5:59am,12,12,0,This section IS NOT on the NHS,2,Urban,3,Principal Arterial - Other,1,State Highway Agency,2,U.S. Highway,US-62,,0,None,35.49316389,35.49316389,-97.453313890,-97.453313890,0,No Special Jurisdiction,12,Motor Vehicle In-Transport,2,Front-to-Front,0,No,1,Non-Junction,1,Not an Intersection,0,None,,,1,On Roadway,2,Dark - Not Lighted,1,Clear,0,No Additional Atmospheric Conditions,1,Clear,0,No,0000000,Not Applicable,5,5:00am-5:59am,13,13,5,5:00am-5:59am,22,22,5,5:00am-5:59am,51,51,0,None,0,None,0,None,2,0
2018,40,400487,Oklahoma,5,5,0,0,0,6,6,109,OKLAHOMA (109),3550,OKLAHOMA CITY,29,29,10,October,2018,2,Monday,4,4:00am-4:59am,49,49,1,This section IS ON the NHS,2,Urban,1,Interstate,1,State Highway Agency,1,Interstate,I-40,,0,None,35.46000000,35.46000000,-97.618900000,-97.618900000,0,No Special Jurisdiction,54,"Motor Vehicle In-Transport Strikes or is Struck by Cargo, Persons or Objects Set-in-Motion from/by Another Motor Vehicle In Transport",11,Other,0,No,1,Non-Junction,1,Not an Intersection,0,None,,,1,On Roadway,3,Dark - Lighted,1,Clear,0,No Additional Atmospheric Conditions,1,Clear,0,No,0000000,Not Applicable,4,4:00am-4:59am,45,45,4,4:00am-4:59am,59,59,5,5:00am-5:59am,40,40,14,"Motor Vehicle struck by falling cargo,or something that came loose from or something that was set in motion by a vehicle",0,None,0,None,1,0
2018,40,400488,Oklahoma,4,4,0,0,0,5,5,87,MCCLAIN (87),0,NOT APPLICABLE,14,14,11,November,2018,4,Wednesday,6,6:00am-6:59am,22,22,1,This section IS ON the NHS,1,Rural,1,Interstate,1,State Highway Agency,1,Interstate,I-44,,0,None,35.24270000,35.24270000,-97.667500000,-97.667500000,0,No Special Jurisdiction,12,Motor Vehicle In-Transport,6,Angle,0,No,1,Non-Junction,1,Not an Intersection,0,None,,,1,On Roadway,6,Dark - Unknown Lighting,1,Clear,0,No Additional Atmospheric Conditions,1,Clear,0,No,0000000,Not Applicable,6,6:00am-6:59am,35,35,6,6:00am-6:59am,57,57,8,8:00am-8:59am,52,52,14,"Motor Vehicle struck by falling cargo,or something that came loose from or something that was set in motion by a vehicle",0,None,0,None,1,0
2018,40,400489,Oklahoma,1,1,0,1,1,3,3,131,ROGERS (131),0,NOT APPLICABLE,29,29,9,September,2018,7,Saturday,21,9:00pm-9:59pm,22,22,1,This section IS ON the NHS,1,Rural,1,Interstate,1,State Highway Agency,1,Interstate,I-44,,0,None,36.16260000,36.16260000,-95.756600000,-95.756600000,0,No Special Jurisdiction,8,Pedestrian,0,Not a Collision with Motor Vehicle In-Transport,0,No,1,Non-Junction,1,Not an Intersection,0,None,,,1,On Roadway,2,Dark - Not Lighted,1,Clear,0,No Additional Atmospheric Conditions,1,Clear,0,No,0000000,Not Applicable,21,9:00pm-9:59pm,28,28,21,9:00pm-9:59pm,39,39,88,Not Applicable (Not Transported),88,Not Applicable (Not Transported),0,None,0,None,0,None,1,0
2018,40,400490,Oklahoma,1,1,0,0,0,1,1,87,MCCLAIN (87),0,NOT APPLICABLE,5,5,11,November,2018,2,Monday,7,7:00am-7:59am,45,45,0,This section IS NOT on the NHS,1,Rural,5,Major Collector,2,County Highway Agency,4,County Road,CR-100TH ST,,0,None,34.85610000,34.85610000,-97.598100000,-97.598100000,0,No Special Jurisdiction,44,"Pavement Surface Irregularity (Ruts, Potholes, Grates, etc.)",0,Not a Collision with Motor Vehicle In-Transport,0,No,1,Non-Junction,1,Not an Intersection,0,None,,,1,On Roadway,2,Dark - Not Lighted,10,Cloudy,0,No Additional Atmospheric Conditions,10,Cloudy,0,No,0000000,Not Applicable,7,7:00am-7:59am,30,30,7,7:00am-7:59am,35,35,88,Not Applicable (Not Transported),88,Not Applicable (Not Transported),0,None,0,None,0,None,1,1
2018,40,400491,Oklahoma,3,3,0,0,0,4,4,13,BRYAN (13),0,NOT APPLICABLE,5,5,11,November,2018,2,Monday,18,6:00pm-6:59pm,23,23,0,This section IS NOT on the NHS,1,Rural,5,Major Collector,1,State Highway Agency,3,State Highway,SR-78,,169,169,33.84660000,33.84660000,-96.379000000,-96.379000000,0,No Special Jurisdiction,12,Motor Vehicle In-Transport,2,Front-to-Front,0,No,1,Non-Junction,1,Not an Intersection,0,None,,,1,On Roadway,2,Dark - Not Lighted,1,Clear,0,No Additional Atmospheric Conditions,1,Clear,0,No,0000000,Not Applicable,18,6:00pm-6:59pm,29,29,18,6:00pm-6:59pm,37,37,20,8:00pm-8:59pm,19,19,14,"Motor Vehicle struck by falling cargo,or something that came loose from or something that was set in motion by a vehicle",0,None,0,None,1,0
2018,40,400492,Oklahoma,2,2,0,0,0,2,2,73,KINGFISHER (73),0,NOT APPLICABLE,8,8,11,November,2018,5,Thursday,6,6:00am-6:59am,40,40,0,This section IS NOT on the NHS,1,Rural,5,Major Collector,1,State Highway Agency,3,State Highway,SR-51,,91,91,36.11630000,36.11630000,-98.049500000,-98.049500000,0,No Special Jurisdiction,12,Motor Vehicle In-Transport,7,Sideswipe - Same Direction,0,No,1,Non-Junction,1,Not an Intersection,0,None,,,1,On Roadway,4,Dawn,10,Cloudy,0,No Additional Atmospheric Conditions,10,Cloudy,0,No,0000000,Not Applicable,7,7:00am-7:59am,5,5,7,7:00am-7:59am,33,33,8,8:00am-8:59am,32,32,0,None,0,None,0,None,1,0