caseyear,state,st_case,statename,ve_total,ve_forms,pvh_invl,peds,pernotmvit,permvit,persons,county,countyname,city,cityname,day,dayname,month,monthname,year,day_week,day_weekname,hour,hourname,minute,minutename,nhs,nhsname,rur_urb,rur_urbname,func_sys,func_sysname,rd_owner,rd_ownername,route,routename,tway_id,tway_id2,milept,mileptname,latitude,latitudename,longitud,longitudname,sp_jur,sp_jurname,harm_ev,harm_evname,man_coll,man_collname,reljct1,reljct1name,reljct2,reljct2name,typ_int,typ_intname,wrk_zone,wrk_zonename,road_fnc,road_fncname,rel_road,rel_roadname,lgt_cond,lgt_condname,weather1,weather1name,weather2,weather2name,weather,weathername,sch_bus,sch_busname,rail,railname,not_hour,not_hourname,not_min,not_minname,arr_hour,arr_hourname,arr_min,arr_minname,hosp_hr,hosp_hrname,hosp_mn,hosp_mnname,cf1,cf1name,cf2,cf2name,cf3,cf3name,fatals,drunk_dr
2018,40,400493,Oklahoma,2,2,0,0,0,3,3,109,OKLAHOMA (109),3550,OKLAHOMA CITY,11,11,11,November,2018,1,Sunday,13,1:00pm-1:59pm,44,44,0,This section IS NOT on the NHS,2,Urban,7,Local,4,City or Municipal Highway Agency,6,Local Street - Municipality,SW 53RD ST,S MCKINLEY AVE,0,None,35.41200000,35.41200000,-97.537000000,-97.537000000,0,No Special Jurisdiction,1,Rollover/Overturn,0,Not a Collision with Motor Vehicle In-Transport,0,No,2,Intersection,2,Four-Way Intersection,0,None,,,1,On Roadway,1,Daylight,10,Cloudy,0,No Additional Atmospheric Conditions,10,Cloudy,0,No,0000000,Not Applicable,13,1:00pm-1:59pm,44,44,13,1:00pm-1:59pm,50,50,88,Not Applicable (Not Transported),88,Not Applicable (Not Transported),0,None,0,None,0,None,1,0
2018,40,400494,Oklahoma,1,1,0,0,0,1,1,91,MCINTOSH (91),0,NOT APPLICABLE,17,17,11,November,2018,7,Saturday,7,7:00am-7:59am,18,18,1,This section IS ON the NHS,1,Rural,3,Principal Arterial - Other,1,State Highway Agency,2,U.S. Highway,US-69,,240,240,35.55110000,35.55110000,-95.499000000,-95.499000000,0,No Special Jurisdiction,38,Fence,0,Not a Collision with Motor Vehicle In-Transport,0,No,1,Non-Junction,1,Not an Intersection,0,None,,,5,Outside Trafficway,1,Daylight,1,Clear,0,No Additional Atmospheric Conditions,1,Clear,0,No,0000000,Not Applicable,88,Not Applicable (Not Notified),88,Not Applicable (Not Notified),88,Not Applicable,88,Not Applicable,88,Not Applicable (Not Transported),88,Not Applicable (Not Transported),0,None,0,None,0,None,1,0
2018,40,400495,Oklahoma,1,1,0,1,1,2,2,109,OKLAHOMA (109),3550,OKLAHOMA CITY,21,21,11,November,2018,4,Wednesday,19,7:00pm-7:59pm,43,43,0,This section IS NOT on the NHS,2,Urban,3,Principal Arterial - Other,4,City or Municipal Highway Agency,6,Local Street - Municipality,S PENNSYLVANIA AVE,SW GRAND BLVD,0,None,35.42820000,35.42820000,-97.548000000,-97.548000000,0,No Special Jurisdiction,15,Non-Motorist on Personal Conveyance,0,Not a Collision with Motor Vehicle In-Transport,0,No,3,Intersection-Related,2,Four-Way Intersection,0,None,,,1,On Roadway,3,Dark - Lighted,10,Cloudy,0,No Additional Atmospheric Conditions,10,Cloudy,0,No,0000000,Not Applicable,19,7:00pm-7:59pm,44,44,19,7:00pm-7:59pm,47,47,20,8:00pm-8:59pm,4,4,0,None,0,None,0,None,1,0
2018,40,400496,Oklahoma,1,1,0,0,0,2,2,135,SEQUOYAH (135),0,NOT APPLICABLE,22,22,11,November,2018,5,Thursday,16,4:00pm-4:59pm,8,8,0,This section IS NOT on the NHS,1,Rural,5,Major Collector,1,State Highway Agency,2,U.S. Highway,US-64,,87,87,35.39810000,35.39810000,-94.660200000,-94.660200000,0,No Special Jurisdiction,1,Rollover/Overturn,0,Not a Collision with Motor Vehicle In-Transport,0,No,1,Non-Junction,1,Not an Intersection,0,None,,,4,On Roadside,1,Daylight,1,Clear,0,No Additional Atmospheric Conditions,1,Clear,0,No,0000000,Not Applicable,16,4:00pm-4:59pm,12,12,16,4:00pm-4:59pm,24,24,17,5:00pm-5:59pm,0,0,0,None,0,None,0,None,1,0
2018,40,400497,Oklahoma,1,1,0,0,0,1,1,81,LINCOLN (81),0,NOT APPLICABLE,6,6,9,September,2018,5,Thursday,15,3:00pm-3:59pm,27,27,1,This section IS ON the NHS,1,Rural,1,Interstate,1,State Highway Agency,1,Interstate,I-44,,0,None,35.70450000,35.70450000,-96.955000000,-96.955000000,0,No Special Jurisdiction,25,Concrete Traffic Barrier,0,Not a Collision with Motor Vehicle In-Transport,0,No,1,Non-Junction,1,Not an Intersection,0,None,,,3,On Median,1,Daylight,10,Cloudy,0,No Additional Atmospheric Conditions,10,Cloudy,0,No,0000000,Not Applicable,16,4:00pm-4:59pm,26,26,16,4:00pm-4:59pm,39,39,17,5:00pm-5:59pm,30,30,0,None,0,None,0,None,1,0
2018,40,400498,Oklahoma,2,2,0,0,0,2,2,109,OKLAHOMA (109),3550,OKLAHOMA CITY,26,26,10,October,2018,6,Friday,20,8:00pm-8:59pm,34,34,0,This section IS NOT on the NHS,2,Urban,3,Principal Arterial - Other,4,City or Municipal Highway Agency,6,Local Street - Municipality,SW 44TH ST,S LINN AVE,0,None,35.42070000,35.42070000,-97.559800000,-97.559800000,0,No Special Jurisdiction,12,Motor Vehicle In-Transport,6,Angle,0,No,2,Intersection,3,T-Intersection,0,None,,,1,On Roadway,2,Dark - Not Lighted,10,Cloudy,0,No Additional Atmospheric Conditions,10,Cloudy,0,No,0000000,Not Applicable,20,8:00pm-8:59pm,35,35,20,8:00pm-8:59pm,40,40,21,9:00pm-9:59pm,12,12,0,None,0,None,0,None,1,1
2018,40,400499,Oklahoma,2,2,0,0,0,3,3,51,GRADY (51),0,NOT APPLICABLE,27,27,10,October,2018,7,Saturday,21,9:00pm-9:59pm,0,0,0,This section IS NOT on the NHS,1,Rural,4,Minor Arterial,1,State Highway Agency,2,U.S. Highway,US-62,,58,58,35.09180000,35.09180000,-97.737800000,-97.737800000,0,No Special Jurisdiction,12,Motor Vehicle In-Transport,11,Other,0,No,8,Driveway Access Related,1,Not an Intersection,0,None,,,4,On Roadside,2,Dark - Not Lighted,1,Clear,0,No Additional Atmospheric Conditions,1,Clear,0,No,0000000,Not Applicable,21,9:00pm-9:59pm,9,9,21,9:00pm-9:59pm,24,24,22,10:00pm-10:59pm,30,30,0,None,0,None,0,None,1,0
2018,40,400500,Oklahoma,2,2,0,0,0,4,4,93,MAJOR (93),0,NOT APPLICABLE,29,29,10,October,2018,2,Monday,16,4:00pm-4:59pm,40,40,0,This section IS NOT on the NHS,1,Rural,5,Major Collector,1,State Highway Agency,3,State Highway,SR-8,,97,97,36.27520000,36.27520000,-98.357500000,-98.357500000,0,No Special Jurisdiction,54,"Motor Vehicle In-Transport Strikes or is Struck by Cargo, Persons or Objects Set-in-Motion from/by Another Motor Vehicle In Transport",11,Other,0,No,1,Non-Junction,1,Not an Intersection,0,None,,,1,On Roadway,1,Daylight,1,Clear,0,No Additional Atmospheric Conditions,1,Clear,0,No,0000000,Not Applicable,16,4:00pm-4:59pm,31,31,16,4:00pm-4:59pm,40,40,17,5:00pm-5:59pm,40,40,14,"Motor Vehicle struck by falling cargo,or something that came loose from or something that was set in motion by a vehicle",0,None,0,None,1,0
2018,40,400501,Oklahoma,1,1,0,0,0,1,1,35,CRAIG (35),0,NOT APPLICABLE,19,19,11,November,2018,2,Monday,5,5:00am-5:59am,39,39,0,This section IS NOT on the NHS,1,Rural,7,Local,2,County Highway Agency,4,County Road,CR-E340,,0,None,36.52490000,36.52490000,-95.232000000,-95.232000000,0,No Special Jurisdiction,10,Railway Vehicle,0,Not a Collision with Motor Vehicle In-Transport,0,No,6,Railway Grade Crossing,1,Not an Intersection,0,None,,,1,On Roadway,2,Dark - Not Lighted,1,Clear,0,No Additional Atmospheric Conditions,1,Clear,0,No,413539T,413539T,5,5:00am-5:59am,43,43,6,6:00am-6:59am,0,0,88,Not Applicable (Not Transported),88,Not Applicable (Not Transported),0,None,0,None,0,None,1,0
2018,40,400502,Oklahoma,2,2,0,0,0,2,2,91,MCINTOSH (91),0,NOT APPLICABLE,22,22,11,November,2018,5,Thursday,19,7:00pm-7:59pm,5,5,0,This section IS NOT on the NHS,2,Urban,5,Major Collector,1,State Highway Agency,3,State Highway,SR-266,CR-43,139,139,35.47850000,35.47850000,-95.592600000,-95.592600000,0,No Special Jurisdiction,12,Motor Vehicle In-Transport,6,Angle,0,No,2,Intersection,3,T-Intersection,0,None,,,1,On Roadway,1,Daylight,1,Clear,0,No Additional Atmospheric Conditions,1,Clear,0,No,0000000,Not Applicable,19,7:00pm-7:59pm,13,13,19,7:00pm-7:59pm,35,35,20,8:00pm-8:59pm,35,35,0,None,0,None,0,None,1,0
2018,40,400503,Oklahoma,3,3,0,0,0,4,4,131,ROGERS (131),990,CLAREMORE,24,24,10,October,2018,4,Wednesday,13,1:00pm-1:59pm,59,59,0,This section IS NOT on the NHS,2,Urban,3,Principal Arterial - Other,1,State Highway Agency,3,State Highway,SR-88,CR-BLUE STARR DR,0,None,36.32188889,36.32188889,-95.632719440,-95.632719440,0,No Special Jurisdiction,12,Motor Vehicle In-Transport,6,Angle,0,No,2,Intersection,2,Four-Way Intersection,0,None,,,1,On Roadway,1,Daylight,10,Cloudy,0,No Additional Atmospheric Conditions,10,Cloudy,0,No,0000000,Not Applicable,14,2:00pm-2:59pm,4,4,14,2:00pm-2:59pm,10,10,88,Not Applicable (Not Transported),88,Not Applicable (Not Transported),0,None,0,None,0,None,1,0
2018,40,400504,Oklahoma,1,1,0,0,0,2,2,111,OKMULGEE (111),0,NOT APPLICABLE,20,20,11,November,2018,3,Tuesday,16,4:00pm-4:59pm,57,57,0,This section IS NOT on the NHS,1,Rural,5,Major Collector,1,State Highway Agency,3,State Highway,SR-52,,0,None,35.71800000,35.71800000,-95.855200000,-95.855200000,0,No Special Jurisdiction,52,Guardrail End,0,Not a Collision with Motor Vehicle In-Transport,0,No,1,Non-Junction,1,Not an Intersection,0,None,,,4,On Roadside,5,Dusk,1,Clear,0,No Additional Atmospheric Conditions,1,Clear,0,No,0000000,Not Applicable,16,4:00pm-4:59pm,55,55,17,5:00pm-5:59pm,7,7,17,5:00pm-5:59pm,44,44,0,None,0,None,0,None,1,0
2018,40,400505,Oklahoma,2,2,0,0,0,3,3,109,OKLAHOMA (109),1480,EDMOND,5,5,10,October,2018,6,Friday,10,10:00am-10:59am,8,8,0,This section IS NOT on the NHS,2,Urban,5,Major Collector,4,City or Municipal Highway Agency,6,Local Street - Municipality,E COVELL RD,N SOONER RD,0,None,35.68173611,35.68173611,-97.425080560,-97.425080560,0,No Special Jurisdiction,12,Motor Vehicle In-Transport,6,Angle,0,No,2,Intersection,2,Four-Way Intersection,0,None,,,1,On Roadway,1,Daylight,1,Clear,0,No Additional Atmospheric Conditions,1,Clear,0,No,0000000,Not Applicable,10,10:00am-10:59am,10,10,10,10:00am-10:59am,19,19,10,10:00am-10:59am,41,41,0,None,0,None,0,None,1,0
2018,40,400506,Oklahoma,3,3,0,0,0,3,3,143,TULSA (143),0,NOT APPLICABLE,28,28,10,October,2018,1,Sunday,4,4:00am-4:59am,42,42,1,This section IS ON the NHS,1,Rural,3,Principal Arterial - Other,1,State Highway Agency,2,U.S. Highway,US-75,E 106TH ST N,114,114,36.30760000,36.30760000,-95.924000000,-95.924000000,0,No Special Jurisdiction,12,Motor Vehicle In-Transport,6,Angle,0,No,2,Intersection,2,Four-Way Intersection,0,None,,,1,On Roadway,2,Dark - Not Lighted,1,Clear,0,No Additional Atmospheric Conditions,1,Clear,0,No,0000000,Not Applicable,99,Unknown,99,Unknown,99,Unknown EMS Scene Arrival Hour,99,Unknown EMS Scene Arrival Minutes,88,Not Applicable (Not Transported),88,Not Applicable (Not Transported),0,None,0,None,0,None,1,1
2018,40,400507,Oklahoma,1,1,0,0,0,1,1,95,MARSHALL (95),0,NOT APPLICABLE,14,14,11,November,2018,4,Wednesday,16,4:00pm-4:59pm,22,22,0,This section IS NOT on the NHS,1,Rural,5,Major Collector,1,State Highway Agency,3,State Highway,SR-32,,97,97,33.99830000,33.99830000,-96.776900000,-96.776900000,0,No Special Jurisdiction,42,Tree (Standing Only),0,Not a Collision with Motor Vehicle In-Transport,0,No,1,Non-Junction,1,Not an Intersection,0,None,,,4,On Roadside,2,Dark - Not Lighted,1,Clear,0,No Additional Atmospheric Conditions,1,Clear,0,No,0000000,Not Applicable,18,6:00pm-6:59pm,21,21,18,6:00pm-6:59pm,31,31,88,Not Applicable (Not Transported),88,Not Applicable (Not Transported),0,None,0,None,0,None,1,0
2018,40,400508,Oklahoma,2,2,0,0,0,2,2,143,TULSA (143),4780,TULSA,19,19,11,November,2018,2,Monday,2,2:00am-2:59am,23,23,1,This section IS ON the NHS,2,Urban,1,Interstate,1,State Highway Agency,1,Interstate,I-244,,0,None,36.16251944,36.16251944,-95.888502780,-95.888502780,0,No Special Jurisdiction,12,Motor Vehicle In-Transport,6,Angle,0,No,1,Non-Junction,1,Not an Intersection,0,None,,,1,On Roadway,3,Dark - Lighted,1,Clear,0,No Additional Atmospheric Conditions,1,Clear,0,No,0000000,Not Applicable,2,2:00am-2:59am,21,21,2,2:00am-2:59am,28,28,88,Not Applicable (Not Transported),88,Not Applicable (Not Transported),0,None,0,None,0,None,2,1
2018,40,400509,Oklahoma,1,1,0,1,1,1,1,121,PITTSBURG (121),0,NOT APPLICABLE,20,20,11,November,2018,3,Tuesday,19,7:00pm-7:59pm,5,5,0,This section IS NOT on the NHS,1,Rural,7,Local,4,City or Municipal Highway Agency,6,Local Street - Municipality,S GEORGE NIGH EXPWY,,0,None,34.88330000,34.88330000,-95.790800000,-95.790800000,0,No Special Jurisdiction,8,Pedestrian,0,Not a Collision with Motor Vehicle In-Transport,0,No,1,Non-Junction,1,Not an Intersection,0,None,,,1,On Roadway,2,Dark - Not Lighted,1,Clear,0,No Additional Atmospheric Conditions,1,Clear,0,No,0000000,Not Applicable,19,7:00pm-7:59pm,9,9,19,7:00pm-7:59pm,16,16,20,8:00pm-8:59pm,13,13,0,None,0,None,0,None,1,1
2018,40,400510,Oklahoma,1,1,0,0,0,2,2,111,OKMULGEE (111),0,NOT APPLICABLE,11,11,11,November,2018,1,Sunday,2,2:00am-2:59am,18,18,0,This section IS NOT on the NHS,1,Rural,5,Major Collector,2,County Highway Agency,4,County Road,CR-OLD HWY 62,,0,None,35.43451389,35.43451389,-96.027438890,-96.027438890,0,No Special Jurisdiction,34,Ditch,0,Not a Collision with Motor Vehicle In-Transport,0,No,1,Non-Junction,1,Not an Intersection,0,None,,,4,On Roadside,2,Dark - Not Lighted,1,Clear,0,No Additional Atmospheric Conditions,1,Clear,0,No,0000000,Not Applicable,2,2:00am-2:59am,20,20,2,2:00am-2:59am,30,30,88,Not Applicable (Not Transported),88,Not Applicable (Not Transported),0,None,0,None,0,None,2,1
2018,40,400511,Oklahoma,1,1,0,0,0,1,1,125,POTTAWATOMIE (125),0,NOT APPLICABLE,16,16,11,November,2018,6,Friday,19,7:00pm-7:59pm,9,9,0,This section IS NOT on the NHS,1,Rural,7,Local,2,County Highway Agency,4,County Road,CR-MUSSON RD,CR-MOCCASIN TRAIL RD,0,None,35.43420000,35.43420000,-96.859000000,-96.859000000,0,No Special Jurisdiction,38,Fence,0,Not a Collision with Motor Vehicle In-Transport,0,No,3,Intersection-Related,2,Four-Way Intersection,0,None,,,5,Outside Trafficway,2,Dark - Not Lighted,1,Clear,0,No Additional Atmospheric Conditions,1,Clear,0,No,0000000,Not Applicable,18,6:00pm-6:59pm,55,55,19,7:00pm-7:59pm,4,4,19,7:00pm-7:59pm,54,54,0,None,0,None,0,None,1,0
2018,40,400512,Oklahoma,3,3,0,0,0,5,5,79,LE FLORE (79),3798,POCOLA,19,19,11,November,2018,2,Monday,15,3:00pm-3:59pm,7,7,0,This section IS NOT on the NHS,1,Rural,5,Major Collector,1,State Highway Agency,3,State Highway,SR-112,,0,None,35.26877222,35.26877222,-94.478083330,-94.478083330,0,No Special Jurisdiction,12,Motor Vehicle In-Transport,1,Front-to-Rear,0,No,8,Driveway Access Related,1,Not an Intersection,0,None,,,1,On Roadway,1,Daylight,10,Cloudy,0,No Additional Atmospheric Conditions,10,Cloudy,0,No,0000000,Not Applicable,15,3:00pm-3:59pm,9,9,15,3:00pm-3:59pm,18,18,88,Not Applicable (Not Transported),88,Not Applicable (Not Transported),0,None,0,None,0,None,1,0
2018,40,400513,Oklahoma,1,1,0,0,0,1,1,145,WAGONER (145),0,NOT APPLICABLE,23,23,11,November,2018,6,Friday,23,11:00pm-11:59pm,17,17,0,This section IS NOT on the NHS,1,Rural,5,Major Collector,2,County Highway Agency,4,County Road,CR-TOPPERS RD,,0,None,35.95890000,35.95890000,-95.333200000,-95.333200000,0,No Special Jurisdiction,42,Tree (Standing Only),0,Not a Collision with Motor Vehicle In-Transport,0,No,1,Non-Junction,1,Not an Intersection,0,None,,,4,On Roadside,2,Dark - Not Lighted,1,Clear,0,No Additional Atmospheric Conditions,1,Clear,0,No,0000000,Not Applicable,23,11:00pm-11:59pm,12,12,23,11:00pm-11:59pm,17,17,88,Not Applicable (Not Transported),88,Not Applicable (Not Transported),0,None,0,None,0,None,1,1
2018,40,400514,Oklahoma,1,1,0,1,1,3,3,97,MAYES (97),3710,PENSACOLA,24,24,11,November,2018,7,Saturday,17,5:00pm-5:59pm,48,48,0,This section IS NOT on the NHS,1,Rural,5,Major Collector,1,State Highway Agency,3,State Highway,SR-28,,0,None,36.45470000,36.45470000,-95.130700000,-95.130700000,0,No Special Jurisdiction,8,Pedestrian,0,Not a Collision with Motor Vehicle In-Transport,0,No,1,Non-Junction,1,Not an Intersection,0,None,,,1,On Roadway,2,Dark - Not Lighted,10,Cloudy,0,No Additional Atmospheric Conditions,10,Cloudy,0,No,0000000,Not Applicable,17,5:00pm-5:59pm,47,47,18,6:00pm-6:59pm,4,4,19,7:00pm-7:59pm,33,33,0,None,0,None,0,None,1,0
2018,40,400516,Oklahoma,2,2,0,0,0,2,2,81,LINCOLN (81),0,NOT APPLICABLE,27,27,11,November,2018,3,Tuesday,21,9:00pm-9:59pm,35,35,0,This section IS NOT on the NHS,1,Rural,4,Minor Arterial,1,State Highway Agency,2,U.S. Highway,US-177,,14,14,35.48480000,35.48480000,-97.000400000,-97.000400000,0,No Special Jurisdiction,12,Motor Vehicle In-Transport,2,Front-to-Front,0,No,1,Non-Junction,1,Not an Intersection,0,None,,,1,On Roadway,2,Dark - Not Lighted,1,Clear,0,No Additional Atmospheric Conditions,1,Clear,0,No,0000000,Not Applicable,21,9:00pm-9:59pm,38,38,22,10:00pm-10:59pm,13,13,22,10:00pm-10:59pm,38,38,0,None,0,None,0,None,1,1
2018,40,400517,Oklahoma,1,1,0,0,0,1,1,69,JOHNSTON (69),3960,RAVIA,27,27,11,November,2018,3,Tuesday,22,10:00pm-10:59pm,0,0,0,This section IS NOT on the NHS,1,Rural,5,Major Collector,1,State Highway Agency,3,State Highway,SR-22,,0,None,34.24150000,34.24150000,-96.747400000,-96.747400000,0,No Special Jurisdiction,31,"Post, Pole or Other Supports",0,Not a Collision with Motor Vehicle In-Transport,0,No,1,Non-Junction,1,Not an Intersection,0,None,,,4,On Roadside,2,Dark - Not Lighted,1,Clear,0,No Additional Atmospheric Conditions,1,Clear,0,No,0000000,Not Applicable,22,10:00pm-10:59pm,8,8,22,10:00pm-10:59pm,15,15,88,Not Applicable (Not Transported),88,Not Applicable (Not Transported),0,None,0,None,0,None,1,1
2018,40,400518,Oklahoma,2,2,0,0,0,2,2,149,WASHITA (149),0,NOT APPLICABLE,28,28,11,November,2018,4,Wednesday,15,3:00pm-3:59pm,19,19,0,This section IS NOT on the NHS,1,Rural,5,Major Collector,1,State Highway Agency,3,State Highway,SR-44,CR-EW120,112,112,35.27670000,35.27670000,-99.170200000,-99.170200000,0,No Special Jurisdiction,12,Motor Vehicle In-Transport,6,Angle,0,No,2,Intersection,2,Four-Way Intersection,0,None,,,1,On Roadway,1,Daylight,1,Clear,0,No Additional Atmospheric Conditions,1,Clear,0,No,0000000,Not Applicable,15,3:00pm-3:59pm,28,28,15,3:00pm-3:59pm,49,49,16,4:00pm-4:59pm,54,54,0,None,0,None,0,None,1,0
2018,40,400519,Oklahoma,1,1,0,1,1,1,1,143,TULSA (143),4780,TULSA,5,5,12,December,2018,4,Wednesday,23,11:00pm-11:59pm,50,50,1,This section IS ON the NHS,2,Urban,3,Principal Arterial - Other,1,State Highway Agency,2,U.S. Highway,US-75 OFF-RAMP,CR-W 71ST ST,0,None,36.06260000,36.06260000,-96.007100000,-96.007100000,0,No Special Jurisdiction,8,Pedestrian,0,Not a Collision with Motor Vehicle In-Transport,1,Yes,5,Entrance/Exit Ramp Related,1,Not an Intersection,0,None,,,2,On Shoulder,2,Dark - Not Lighted,10,Cloudy,0,No Additional Atmospheric Conditions,10,Cloudy,0,No,0000000,Not Applicable,23,11:00pm-11:59pm,49,49,23,11:00pm-11:59pm,54,54,0,0:00am-0:59am,11,11,0,None,0,None,0,None,1,0
2018,40,400520,Oklahoma,1,1,0,0,0,1,1,87,MCCLAIN (87),3870,PURCELL,6,6,10,October,2018,7,Saturday,17,5:00pm-5:59pm,51,51,0,This section IS NOT on the NHS,2,Urban,4,Minor Arterial,1,State Highway Agency,3,State Highway,SR-74,,0,None,35.05816389,35.05816389,-97.388858330,-97.388858330,0,No Special Jurisdiction,1,Rollover/Overturn,0,Not a Collision with Motor Vehicle In-Transport,0,No,1,Non-Junction,1,Not an Intersection,0,None,,,4,On Roadside,1,Daylight,1,Clear,0,No Additional Atmospheric Conditions,1,Clear,0,No,0000000,Not Applicable,17,5:00pm-5:59pm,52,52,17,5:00pm-5:59pm,58,58,88,Not Applicable (Not Transported),88,Not Applicable (Not Transported),0,None,0,None,0,None,1,1
2018,40,400521,Oklahoma,2,2,0,0,0,3,3,109,OKLAHOMA (109),3550,OKLAHOMA CITY,15,15,11,November,2018,5,Thursday,19,7:00pm-7:59pm,1,1,0,This section IS NOT on the NHS,2,Urban,4,Minor Arterial,4,City or Municipal Highway Agency,6,Local Street - Municipality,SE 15TH ST,S FAIRMONT AVE,0,None,35.44980000,35.44980000,-97.470300000,-97.470300000,0,No Special Jurisdiction,12,Motor Vehicle In-Transport,6,Angle,0,No,2,Intersection,3,T-Intersection,0,None,,,1,On Roadway,3,Dark - Lighted,10,Cloudy,0,No Additional Atmospheric Conditions,10,Cloudy,0,No,0000000,Not Applicable,19,7:00pm-7:59pm,2,2,19,7:00pm-7:59pm,9,9,19,7:00pm-7:59pm,27,27,0,None,0,None,0,None,1,1
2018,40,400522,Oklahoma,2,2,0,0,0,5,5,103,NOBLE (103),0,NOT APPLICABLE,22,22,11,November,2018,5,Thursday,15,3:00pm-3:59pm,7,7,0,This section IS NOT on the NHS,1,Rural,4,Minor Arterial,1,State Highway Agency,2,U.S. Highway,US-177,CR-BADLANDS,60,60,36.55050000,36.55050000,-97.077000000,-97.077000000,0,No Special Jurisdiction,12,Motor Vehicle In-Transport,6,Angle,0,No,2,Intersection,2,Four-Way Intersection,0,None,,,1,On Roadway,1,Daylight,1,Clear,0,No Additional Atmospheric Conditions,1,Clear,0,No,0000000,Not Applicable,17,5:00pm-5:59pm,10,10,17,5:00pm-5:59pm,31,31,18,6:00pm-6:59pm,52,52,0,None,0,None,0,None,1,0
2018,40,400523,Oklahoma,1,1,0,0,0,1,1,103,NOBLE (103),0,NOT APPLICABLE,30,30,11,November,2018,6,Friday,23,11:00pm-11:59pm,56,56,0,This section IS NOT on the NHS,1,Rural,7,Local,2,County Highway Agency,4,County Road,CR-COWBOY RD,,0,None,36.56520000,36.56520000,-97.174600000,-97.174600000,0,No Special Jurisdiction,34,Ditch,0,Not a Collision with Motor Vehicle In-Transport,0,No,1,Non-Junction,1,Not an Intersection,0,None,,,4,On Roadside,2,Dark - Not Lighted,10,Cloudy,0,No Additional Atmospheric Conditions,10,Cloudy,0,No,0000000,Not Applicable,0,0:00am-0:59am,18,18,0,0:00am-0:59am,34,34,1,1:00am-1:59am,46,46,0,None,0,None,0,None,1,1
2018,40,400524,Oklahoma,1,1,0,0,0,4,4,127,PUSHMATAHA (127),0,NOT APPLICABLE,30,30,11,November,2018,6,Friday,1,1:00am-1:59am,0,0,0,This section IS NOT on the NHS,1,Rural,7,Local,2,County Highway Agency,4,County Road,CR-WATSON RD,,0,None,34.46440000,34.46440000,-95.068900000,-95.068900000,0,No Special Jurisdiction,1,Rollover/Overturn,0,Not a Collision with Motor Vehicle In-Transport,0,No,1,Non-Junction,1,Not an Intersection,0,None,,,4,On Roadside,2,Dark - Not Lighted,1,Clear,0,No Additional Atmospheric Conditions,1,Clear,0,No,0000000,Not Applicable,1,1:00am-1:59am,24,24,2,2:00am-2:59am,21,21,5,5:00am-5:59am,25,25,0,None,0,None,0,None,1,1
2018,40,400525,Oklahoma,1,1,0,1,1,1,1,109,OKLAHOMA (109),3550,OKLAHOMA CITY,4,4,12,December,2018,3,Tuesday,6,6:00am-6:59am,46,46,1,This section IS ON the NHS,2,Urban,1,Interstate,1,State Highway Agency,1,Interstate,I-44,,0,None,35.52960000,35.52960000,-97.508200000,-97.508200000,0,No Special Jurisdiction,8,Pedestrian,0,Not a Collision with Motor Vehicle In-Transport,0,No,1,Non-Junction,1,Not an Intersection,0,None,,,1,On Roadway,2,Dark - Not Lighted,1,Clear,0,No Additional Atmospheric Conditions,1,Clear,0,No,0000000,Not Applicable,6,6:00am-6:59am,47,47,6,6:00am-6:59am,53,53,7,7:00am-7:59am,24,24,0,None,0,None,0,None,1,0
2018,40,400526,Oklahoma,2,2,0,0,0,3,3,143,TULSA (143),4780,TULSA,5,5,12,December,2018,4,Wednesday,20,8:00pm-8:59pm,30,30,0,This section IS NOT on the NHS,2,Urban,4,Minor Arterial,4,City or Municipal Highway Agency,6,Local Street - Municipality,N PEORIA AVE,E VIRGIN ST,0,None,36.18420000,36.18420000,-95.976000000,-95.976000000,0,No Special Jurisdiction,12,Motor Vehicle In-Transport,6,Angle,0,No,2,Intersection,2,Four-Way Intersection,0,None,,,1,On Roadway,3,Dark - Lighted,1,Clear,0,No Additional Atmospheric Conditions,1,Clear,0,No,0000000,Not Applicable,20,8:00pm-8:59pm,30,30,20,8:00pm-8:59pm,35,35,88,Not Applicable (Not Transported),88,Not Applicable (Not Transported),0,None,0,None,0,None,1,0
2018,40,400527,Oklahoma,2,2,0,0,0,2,2,143,TULSA (143),4780,TULSA,6,6,12,December,2018,5,Thursday,18,6:00pm-6:59pm,1,1,0,This section IS NOT on the NHS,2,Urban,4,Minor Arterial,4,City or Municipal Highway Agency,6,Local Street - Municipality,S MINGO RD,,0,None,36.11710000,36.11710000,-95.868700000,-95.868700000,0,No Special Jurisdiction,12,Motor Vehicle In-Transport,6,Angle,0,No,8,Driveway Access Related,1,Not an Intersection,0,None,,,1,On Roadway,2,Dark - Not Lighted,10,Cloudy,0,No Additional Atmospheric Conditions,10,Cloudy,0,No,0000000,Not Applicable,18,6:00pm-6:59pm,1,1,18,6:00pm-6:59pm,10,10,18,6:00pm-6:59pm,28,28,0,None,0,None,0,None,1,0
2018,40,400528,Oklahoma,2,2,0,0,0,3,3,5,ATOKA (5),0,NOT APPLICABLE,7,7,12,December,2018,6,Friday,18,6:00pm-6:59pm,28,28,1,This section IS ON the NHS,1,Rural,3,Principal Arterial - Other,1,State Highway Agency,2,U.S. Highway,US-69,CR-FREDS FISH CAMP RD,95,95,34.48790000,34.48790000,-96.048800000,-96.048800000,0,No Special Jurisdiction,12,Motor Vehicle In-Transport,6,Angle,0,No,2,Intersection,2,Four-Way Intersection,0,None,,,1,On Roadway,2,Dark - Not Lighted,2,Rain,0,No Additional Atmospheric Conditions,2,Rain,0,No,0000000,Not Applicable,18,6:00pm-6:59pm,28,28,18,6:00pm-6:59pm,38,38,20,8:00pm-8:59pm,4,4,0,None,0,None,0,None,1,0