caseyear,state,st_case,statename,ve_total,ve_forms,pvh_invl,peds,pernotmvit,permvit,persons,county,countyname,city,cityname,day,dayname,month,monthname,year,day_week,day_weekname,hour,hourname,minute,minutename,nhs,nhsname,rur_urb,rur_urbname,func_sys,func_sysname,rd_owner,rd_ownername,route,routename,tway_id,tway_id2,milept,mileptname,latitude,latitudename,longitud,longitudname,sp_jur,sp_jurname,harm_ev,harm_evname,man_coll,man_collname,reljct1,reljct1name,reljct2,reljct2name,typ_int,typ_intname,wrk_zone,wrk_zonename,road_fnc,road_fncname,rel_road,rel_roadname,lgt_cond,lgt_condname,weather1,weather1name,weather2,weather2name,weather,weathername,sch_bus,sch_busname,rail,railname,not_hour,not_hourname,not_min,not_minname,arr_hour,arr_hourname,arr_min,arr_minname,hosp_hr,hosp_hrname,hosp_mn,hosp_mnname,cf1,cf1name,cf2,cf2name,cf3,cf3name,fatals,drunk_dr
2018,40,400566,Oklahoma,2,2,0,0,0,3,3,93,MAJOR (93),0,NOT APPLICABLE,23,23,11,November,2018,6,Friday,12,12:00pm-12:59pm,5,5,0,This section IS NOT on the NHS,1,Rural,5,Major Collector,1,State Highway Agency,3,State Highway,SR-58,,66,66,36.24300000,36.24300000,-98.477200000,-98.477200000,0,No Special Jurisdiction,12,Motor Vehicle In-Transport,2,Front-to-Front,0,No,1,Non-Junction,1,Not an Intersection,0,None,,,1,On Roadway,1,Daylight,1,Clear,0,No Additional Atmospheric Conditions,1,Clear,0,No,0000000,Not Applicable,11,11:00am-11:59am,55,55,12,12:00pm-12:59pm,0,0,13,1:00pm-1:59pm,55,55,0,None,0,None,0,None,2,0
2018,40,400567,Oklahoma,2,2,0,0,0,2,2,13,BRYAN (13),0,NOT APPLICABLE,24,24,11,November,2018,7,Saturday,14,2:00pm-2:59pm,43,43,1,This section IS ON the NHS,1,Rural,3,Principal Arterial - Other,1,State Highway Agency,2,U.S. Highway,US-69 ENTRANCE RAMP,,0,None,33.87919444,33.87919444,-96.498855560,-96.498855560,0,No Special Jurisdiction,1,Rollover/Overturn,0,Not a Collision with Motor Vehicle In-Transport,1,Yes,5,Entrance/Exit Ramp Related,1,Not an Intersection,0,None,,,1,On Roadway,1,Daylight,1,Clear,0,No Additional Atmospheric Conditions,1,Clear,0,No,0000000,Not Applicable,99,Unknown,99,Unknown,99,Unknown EMS Scene Arrival Hour,99,Unknown EMS Scene Arrival Minutes,88,Not Applicable (Not Transported),88,Not Applicable (Not Transported),14,"Motor Vehicle struck by falling cargo,or something that came loose from or something that was set in motion by a vehicle",0,None,0,None,1,0
2018,40,400568,Oklahoma,1,1,0,0,0,1,1,79,LE FLORE (79),3798,POCOLA,25,25,11,November,2018,1,Sunday,7,7:00am-7:59am,25,25,1,This section IS ON the NHS,2,Urban,3,Principal Arterial - Other,1,State Highway Agency,2,U.S. Highway,US-271,,0,None,35.29127778,35.29127778,-94.441827780,-94.441827780,0,No Special Jurisdiction,1,Rollover/Overturn,0,Not a Collision with Motor Vehicle In-Transport,0,No,1,Non-Junction,1,Not an Intersection,0,None,,,3,On Median,1,Daylight,10,Cloudy,0,No Additional Atmospheric Conditions,10,Cloudy,0,No,0000000,Not Applicable,99,Unknown,99,Unknown,99,Unknown EMS Scene Arrival Hour,99,Unknown EMS Scene Arrival Minutes,88,Not Applicable (Not Transported),88,Not Applicable (Not Transported),0,None,0,None,0,None,1,1
2018,40,400569,Oklahoma,1,1,0,1,1,1,1,143,TULSA (143),4780,TULSA,19,19,12,December,2018,4,Wednesday,22,10:00pm-10:59pm,0,0,1,This section IS ON the NHS,2,Urban,1,Interstate,1,State Highway Agency,1,Interstate,I-244,,0,None,36.15350000,36.15350000,-96.001800000,-96.001800000,0,No Special Jurisdiction,8,Pedestrian,0,Not a Collision with Motor Vehicle In-Transport,0,No,1,Non-Junction,1,Not an Intersection,0,None,,,1,On Roadway,3,Dark - Lighted,2,Rain,0,No Additional Atmospheric Conditions,2,Rain,0,No,0000000,Not Applicable,21,9:00pm-9:59pm,54,54,22,10:00pm-10:59pm,0,0,88,Not Applicable (Not Transported),88,Not Applicable (Not Transported),0,None,0,None,0,None,1,0
2018,40,400570,Oklahoma,2,2,0,0,0,3,3,119,PAYNE (119),0,NOT APPLICABLE,26,26,12,December,2018,4,Wednesday,12,12:00pm-12:59pm,37,37,0,This section IS NOT on the NHS,1,Rural,5,Major Collector,1,State Highway Agency,3,State Highway,SR-51,,72,72,36.11670000,36.11670000,-96.921800000,-96.921800000,0,No Special Jurisdiction,12,Motor Vehicle In-Transport,2,Front-to-Front,0,No,1,Non-Junction,1,Not an Intersection,0,None,,,1,On Roadway,1,Daylight,2,Rain,0,No Additional Atmospheric Conditions,2,Rain,0,No,0000000,Not Applicable,12,12:00pm-12:59pm,51,51,13,1:00pm-1:59pm,0,0,14,2:00pm-2:59pm,38,38,0,None,0,None,0,None,1,0
2018,40,400571,Oklahoma,2,2,0,0,0,2,2,131,ROGERS (131),0,NOT APPLICABLE,28,28,12,December,2018,6,Friday,5,5:00am-5:59am,38,38,0,This section IS NOT on the NHS,1,Rural,5,Major Collector,1,State Highway Agency,3,State Highway,SR-20,,49,49,36.30730000,36.30730000,-95.528800000,-95.528800000,0,No Special Jurisdiction,12,Motor Vehicle In-Transport,6,Angle,0,No,1,Non-Junction,1,Not an Intersection,0,None,,,1,On Roadway,2,Dark - Not Lighted,1,Clear,0,No Additional Atmospheric Conditions,1,Clear,0,No,0000000,Not Applicable,5,5:00am-5:59am,37,37,5,5:00am-5:59am,47,47,6,6:00am-6:59am,24,24,0,None,0,None,0,None,1,0
2018,40,400572,Oklahoma,1,1,0,0,0,1,1,49,GARVIN (49),0,NOT APPLICABLE,19,19,11,November,2018,2,Monday,12,12:00pm-12:59pm,45,45,0,This section IS NOT on the NHS,1,Rural,5,Major Collector,1,State Highway Agency,3,State Highway,SR-74,,24,24,34.65560000,34.65560000,-97.405200000,-97.405200000,0,No Special Jurisdiction,35,Embankment,0,Not a Collision with Motor Vehicle In-Transport,0,No,1,Non-Junction,1,Not an Intersection,0,None,,,4,On Roadside,1,Daylight,1,Clear,0,No Additional Atmospheric Conditions,1,Clear,0,No,0000000,Not Applicable,12,12:00pm-12:59pm,58,58,13,1:00pm-1:59pm,27,27,14,2:00pm-2:59pm,9,9,0,None,0,None,0,None,1,0
2018,40,400573,Oklahoma,1,1,0,0,0,1,1,41,DELAWARE (41),0,NOT APPLICABLE,10,10,12,December,2018,2,Monday,1,1:00am-1:59am,7,7,0,This section IS NOT on the NHS,1,Rural,5,Major Collector,1,State Highway Agency,3,State Highway,SR-85,,36,36,36.56240000,36.56240000,-94.988700000,-94.988700000,0,No Special Jurisdiction,43,Other Fixed Object,0,Not a Collision with Motor Vehicle In-Transport,0,No,1,Non-Junction,1,Not an Intersection,0,None,,,4,On Roadside,2,Dark - Not Lighted,1,Clear,0,No Additional Atmospheric Conditions,1,Clear,0,No,0000000,Not Applicable,99,Unknown,99,Unknown,99,Unknown EMS Scene Arrival Hour,99,Unknown EMS Scene Arrival Minutes,88,Not Applicable (Not Transported),88,Not Applicable (Not Transported),0,None,0,None,0,None,1,1
2018,40,400574,Oklahoma,2,1,1,0,0,1,1,143,TULSA (143),4780,TULSA,7,7,12,December,2018,6,Friday,16,4:00pm-4:59pm,7,7,0,This section IS NOT on the NHS,2,Urban,7,Local,4,City or Municipal Highway Agency,6,Local Street - Municipality,E 57TH ST,,0,None,36.08020000,36.08020000,-95.949800000,-95.949800000,0,No Special Jurisdiction,42,Tree (Standing Only),0,Not a Collision with Motor Vehicle In-Transport,0,No,1,Non-Junction,1,Not an Intersection,0,None,,,5,Outside Trafficway,1,Daylight,10,Cloudy,0,No Additional Atmospheric Conditions,10,Cloudy,0,No,0000000,Not Applicable,16,4:00pm-4:59pm,6,6,16,4:00pm-4:59pm,13,13,88,Not Applicable (Not Transported),88,Not Applicable (Not Transported),14,"Motor Vehicle struck by falling cargo,or something that came loose from or something that was set in motion by a vehicle",0,None,0,None,1,0
2018,40,400575,Oklahoma,1,1,0,0,0,1,1,109,OKLAHOMA (109),3170,MIDWEST CITY,21,21,3,March,2018,4,Wednesday,19,7:00pm-7:59pm,6,6,0,This section IS NOT on the NHS,2,Urban,3,Principal Arterial - Other,1,State Highway Agency,2,U.S. Highway,US-62,,0,None,35.49321667,35.49321667,-97.400541670,-97.400541670,0,No Special Jurisdiction,59,Traffic Sign Support,0,Not a Collision with Motor Vehicle In-Transport,0,No,1,Non-Junction,1,Not an Intersection,0,None,,,4,On Roadside,5,Dusk,1,Clear,0,No Additional Atmospheric Conditions,1,Clear,0,No,0000000,Not Applicable,19,7:00pm-7:59pm,10,10,19,7:00pm-7:59pm,15,15,19,7:00pm-7:59pm,51,51,0,None,0,None,0,None,1,0
2018,40,400576,Oklahoma,1,1,0,0,0,1,1,25,CIMARRON (25),460,BOISE CITY,29,29,3,March,2018,5,Thursday,1,1:00am-1:59am,32,32,1,This section IS ON the NHS,1,Rural,3,Principal Arterial - Other,1,State Highway Agency,2,U.S. Highway,US-64,COURT HOUSE SQUARE,0,None,36.72970278,36.72970278,-102.512850000,-102.512850000,0,No Special Jurisdiction,19,Building,0,Not a Collision with Motor Vehicle In-Transport,0,No,3,Intersection-Related,5,Traffic Circle,0,None,,,5,Outside Trafficway,3,Dark - Lighted,1,Clear,0,No Additional Atmospheric Conditions,1,Clear,0,No,0000000,Not Applicable,99,Unknown,99,Unknown,99,Unknown EMS Scene Arrival Hour,99,Unknown EMS Scene Arrival Minutes,88,Not Applicable (Not Transported),88,Not Applicable (Not Transported),0,None,0,None,0,None,1,1
2018,40,400577,Oklahoma,2,2,0,0,0,3,3,19,CARTER (19),1352,DICKSON,3,3,4,April,2018,3,Tuesday,99,Unknown Hours,99,Unknown Minutes,0,This section IS NOT on the NHS,1,Rural,4,Minor Arterial,1,State Highway Agency,3,State Highway,SR-199,DOGWOOD RD,0,None,34.18719722,34.18719722,-97.055658330,-97.055658330,0,No Special Jurisdiction,12,Motor Vehicle In-Transport,6,Angle,0,No,2,Intersection,2,Four-Way Intersection,0,None,,,1,On Roadway,1,Daylight,1,Clear,0,No Additional Atmospheric Conditions,1,Clear,0,No,0000000,Not Applicable,7,7:00am-7:59am,35,35,7,7:00am-7:59am,45,45,7,7:00am-7:59am,58,58,0,None,0,None,0,None,1,0
2018,40,400578,Oklahoma,2,2,0,0,0,4,4,101,MUSKOGEE (101),2100,HASKELL,5,5,4,April,2018,5,Thursday,16,4:00pm-4:59pm,38,38,0,This section IS NOT on the NHS,1,Rural,5,Major Collector,1,State Highway Agency,3,State Highway,SR-72,NO NAME,0,None,35.83750833,35.83750833,-95.677611110,-95.677611110,0,No Special Jurisdiction,12,Motor Vehicle In-Transport,6,Angle,0,No,2,Intersection,3,T-Intersection,0,None,,,1,On Roadway,1,Daylight,10,Cloudy,0,No Additional Atmospheric Conditions,10,Cloudy,0,No,0000000,Not Applicable,16,4:00pm-4:59pm,49,49,17,5:00pm-5:59pm,4,4,17,5:00pm-5:59pm,35,35,0,None,0,None,0,None,2,0
2018,40,400579,Oklahoma,2,2,0,0,0,2,2,101,MUSKOGEE (101),3310,MUSKOGEE,6,6,4,April,2018,6,Friday,16,4:00pm-4:59pm,28,28,0,This section IS NOT on the NHS,2,Urban,7,Local,4,City or Municipal Highway Agency,6,Local Street - Municipality,GIBSON,N 41ST ST EAST,0,None,35.75506667,35.75506667,-95.311841670,-95.311841670,0,No Special Jurisdiction,12,Motor Vehicle In-Transport,6,Angle,0,No,2,Intersection,2,Four-Way Intersection,0,None,,,1,On Roadway,1,Daylight,1,Clear,0,No Additional Atmospheric Conditions,1,Clear,0,No,0000000,Not Applicable,16,4:00pm-4:59pm,27,27,16,4:00pm-4:59pm,33,33,17,5:00pm-5:59pm,31,31,0,None,0,None,0,None,1,0
2018,40,400580,Oklahoma,2,2,0,0,0,3,3,121,PITTSBURG (121),2630,KIOWA,10,10,4,April,2018,3,Tuesday,22,10:00pm-10:59pm,19,19,1,This section IS ON the NHS,1,Rural,3,Principal Arterial - Other,1,State Highway Agency,2,U.S. Highway,US-69,,0,None,34.71580000,34.71580000,-95.901600000,-95.901600000,0,No Special Jurisdiction,12,Motor Vehicle In-Transport,11,Other,0,No,1,Non-Junction,1,Not an Intersection,0,None,,,1,On Roadway,2,Dark - Not Lighted,1,Clear,0,No Additional Atmospheric Conditions,1,Clear,0,No,0000000,Not Applicable,99,Unknown,99,Unknown,99,Unknown EMS Scene Arrival Hour,99,Unknown EMS Scene Arrival Minutes,99,Unknown,99,Unknown EMS Hospital Arrival Time,0,None,0,None,0,None,1,0
2018,40,400581,Oklahoma,2,2,0,0,0,3,3,27,CLEVELAND (27),3430,NORMAN,5,5,6,June,2018,3,Tuesday,14,2:00pm-2:59pm,20,20,0,This section IS NOT on the NHS,1,Rural,5,Major Collector,2,County Highway Agency,4,County Road,CR-60TH AVE SE,ALAMEDA ST,0,None,35.21832222,35.21832222,-97.353025000,-97.353025000,0,No Special Jurisdiction,12,Motor Vehicle In-Transport,6,Angle,0,No,2,Intersection,2,Four-Way Intersection,0,None,,,1,On Roadway,1,Daylight,1,Clear,0,No Additional Atmospheric Conditions,1,Clear,0,No,0000000,Not Applicable,14,2:00pm-2:59pm,20,20,14,2:00pm-2:59pm,30,30,14,2:00pm-2:59pm,50,50,0,None,0,None,0,None,2,0
2018,40,400582,Oklahoma,2,2,0,0,0,2,2,15,CADDO (15),2230,HINTON,16,16,7,July,2018,2,Monday,12,12:00pm-12:59pm,45,45,1,This section IS ON the NHS,1,Rural,3,Principal Arterial - Other,1,State Highway Agency,2,U.S. Highway,US-281,,0,None,35.48444722,35.48444722,-98.350872220,-98.350872220,0,No Special Jurisdiction,12,Motor Vehicle In-Transport,6,Angle,0,No,1,Non-Junction,1,Not an Intersection,0,None,,,1,On Roadway,1,Daylight,1,Clear,0,No Additional Atmospheric Conditions,1,Clear,0,No,0000000,Not Applicable,99,Unknown,99,Unknown,99,Unknown EMS Scene Arrival Hour,99,Unknown EMS Scene Arrival Minutes,99,Unknown,99,Unknown EMS Hospital Arrival Time,0,None,0,None,0,None,1,0
2018,40,400583,Oklahoma,2,2,0,0,0,2,2,27,CLEVELAND (27),3430,NORMAN,9,9,8,August,2018,5,Thursday,12,12:00pm-12:59pm,36,36,0,This section IS NOT on the NHS,2,Urban,3,Principal Arterial - Other,1,State Highway Agency,2,U.S. Highway,US-77,,0,None,35.26948611,35.26948611,-97.479436110,-97.479436110,0,No Special Jurisdiction,12,Motor Vehicle In-Transport,2,Front-to-Front,0,No,1,Non-Junction,1,Not an Intersection,0,None,,,1,On Roadway,1,Daylight,10,Cloudy,0,No Additional Atmospheric Conditions,10,Cloudy,0,No,0000000,Not Applicable,12,12:00pm-12:59pm,36,36,12,12:00pm-12:59pm,45,45,13,1:00pm-1:59pm,4,4,0,None,0,None,0,None,1,0
2018,40,400584,Oklahoma,2,2,0,0,0,3,3,121,PITTSBURG (121),4205,SAVANNA,21,21,8,August,2018,3,Tuesday,14,2:00pm-2:59pm,53,53,1,This section IS ON the NHS,1,Rural,3,Principal Arterial - Other,1,State Highway Agency,2,U.S. Highway,US-69,O AVE,0,None,34.83785000,34.83785000,-95.835405560,-95.835405560,0,No Special Jurisdiction,12,Motor Vehicle In-Transport,1,Front-to-Rear,0,No,3,Intersection-Related,3,T-Intersection,0,None,,,1,On Roadway,1,Daylight,1,Clear,0,No Additional Atmospheric Conditions,1,Clear,0,No,0000000,Not Applicable,99,Unknown,99,Unknown,99,Unknown EMS Scene Arrival Hour,99,Unknown EMS Scene Arrival Minutes,99,Unknown,99,Unknown EMS Hospital Arrival Time,0,None,0,None,0,None,1,0
2018,40,400585,Oklahoma,2,2,0,0,0,3,3,27,CLEVELAND (27),3430,NORMAN,8,8,10,October,2018,2,Monday,15,3:00pm-3:59pm,54,54,0,This section IS NOT on the NHS,1,Rural,5,Major Collector,2,County Highway Agency,4,County Road,CR-60TH AVE SE,SR-9,0,None,35.18927778,35.18927778,-97.353072220,-97.353072220,0,No Special Jurisdiction,12,Motor Vehicle In-Transport,6,Angle,0,No,2,Intersection,2,Four-Way Intersection,0,None,,,1,On Roadway,1,Daylight,1,Clear,0,No Additional Atmospheric Conditions,1,Clear,0,No,0000000,Not Applicable,15,3:00pm-3:59pm,55,55,16,4:00pm-4:59pm,9,9,16,4:00pm-4:59pm,45,45,0,None,0,None,0,None,1,0
2018,40,400586,Oklahoma,2,2,0,0,0,3,3,17,CANADIAN (17),3320,MUSTANG,24,24,10,October,2018,4,Wednesday,21,9:00pm-9:59pm,1,1,0,This section IS NOT on the NHS,2,Urban,5,Major Collector,1,State Highway Agency,3,State Highway,SR-4,SW 89TH ST,0,None,35.37713611,35.37713611,-97.709408330,-97.709408330,0,No Special Jurisdiction,12,Motor Vehicle In-Transport,6,Angle,0,No,2,Intersection,2,Four-Way Intersection,0,None,,,1,On Roadway,2,Dark - Not Lighted,2,Rain,0,No Additional Atmospheric Conditions,2,Rain,0,No,0000000,Not Applicable,20,8:00pm-8:59pm,56,56,21,9:00pm-9:59pm,3,3,21,9:00pm-9:59pm,38,38,0,None,0,None,0,None,1,0
2018,40,400587,Oklahoma,1,1,0,0,0,2,2,27,CLEVELAND (27),3430,NORMAN,27,27,10,October,2018,7,Saturday,11,11:00am-11:59am,6,6,0,This section IS NOT on the NHS,1,Rural,5,Major Collector,2,County Highway Agency,4,County Road,CR-60TH AVE SE,,0,None,35.20037778,35.20037778,-97.353075000,-97.353075000,0,No Special Jurisdiction,42,Tree (Standing Only),0,Not a Collision with Motor Vehicle In-Transport,0,No,1,Non-Junction,1,Not an Intersection,0,None,,,4,On Roadside,1,Daylight,1,Clear,0,No Additional Atmospheric Conditions,1,Clear,0,No,0000000,Not Applicable,11,11:00am-11:59am,6,6,11,11:00am-11:59am,18,18,88,Not Applicable (Not Transported),88,Not Applicable (Not Transported),0,None,0,None,0,None,2,0
2018,40,400588,Oklahoma,1,1,0,1,1,1,1,21,CHEROKEE (21),4600,TAHLEQUAH,30,30,10,October,2018,3,Tuesday,12,12:00pm-12:59pm,44,44,0,This section IS NOT on the NHS,2,Urban,4,Minor Arterial,1,State Highway Agency,3,State Highway,SR-82,N BOX ST,0,None,35.91255000,35.91255000,-94.955497220,-94.955497220,0,No Special Jurisdiction,8,Pedestrian,0,Not a Collision with Motor Vehicle In-Transport,0,No,3,Intersection-Related,2,Four-Way Intersection,0,None,,,1,On Roadway,1,Daylight,1,Clear,0,No Additional Atmospheric Conditions,1,Clear,0,No,0000000,Not Applicable,12,12:00pm-12:59pm,43,43,12,12:00pm-12:59pm,46,46,13,1:00pm-1:59pm,11,11,0,None,0,None,0,None,1,0
2018,40,400589,Oklahoma,1,1,0,0,0,1,1,143,TULSA (143),4780,TULSA,27,27,12,December,2018,5,Thursday,13,1:00pm-1:59pm,4,4,1,This section IS ON the NHS,2,Urban,1,Interstate,1,State Highway Agency,1,Interstate,I-44 EXIT RAMP,US-169,0,None,36.14033889,36.14033889,-95.860461110,-95.860461110,0,No Special Jurisdiction,59,Traffic Sign Support,0,Not a Collision with Motor Vehicle In-Transport,1,Yes,5,Entrance/Exit Ramp Related,1,Not an Intersection,0,None,,,8,Gore,1,Daylight,10,Cloudy,0,No Additional Atmospheric Conditions,10,Cloudy,0,No,0000000,Not Applicable,13,1:00pm-1:59pm,4,4,13,1:00pm-1:59pm,17,17,88,Not Applicable (Not Transported),88,Not Applicable (Not Transported),0,None,0,None,0,None,1,0
2018,40,400590,Oklahoma,2,2,0,0,0,2,2,47,GARFIELD (47),1550,ENID,30,30,12,December,2018,1,Sunday,15,3:00pm-3:59pm,20,20,0,This section IS NOT on the NHS,2,Urban,7,Local,4,City or Municipal Highway Agency,6,Local Street - Municipality,RANDOLPH,N COOLIDGE,0,None,36.39801944,36.39801944,-97.915961110,-97.915961110,0,No Special Jurisdiction,12,Motor Vehicle In-Transport,6,Angle,0,No,1,Non-Junction,1,Not an Intersection,0,None,,,1,On Roadway,1,Daylight,10,Cloudy,0,No Additional Atmospheric Conditions,10,Cloudy,0,No,0000000,Not Applicable,15,3:00pm-3:59pm,20,20,15,3:00pm-3:59pm,26,26,15,3:00pm-3:59pm,55,55,0,None,0,None,0,None,1,0
2018,40,400591,Oklahoma,1,1,0,0,0,1,1,109,OKLAHOMA (109),3550,OKLAHOMA CITY,26,26,11,November,2018,2,Monday,23,11:00pm-11:59pm,26,26,1,This section IS ON the NHS,2,Urban,1,Interstate,1,State Highway Agency,1,Interstate,I-35 EXIT RAMP,,0,None,35.41568611,35.41568611,-97.490163890,-97.490163890,0,No Special Jurisdiction,1,Rollover/Overturn,0,Not a Collision with Motor Vehicle In-Transport,1,Yes,20,Entrance/Exit Ramp,1,Not an Intersection,0,None,,,1,On Roadway,3,Dark - Lighted,1,Clear,0,No Additional Atmospheric Conditions,1,Clear,0,No,0000000,Not Applicable,23,11:00pm-11:59pm,28,28,23,11:00pm-11:59pm,33,33,23,11:00pm-11:59pm,50,50,0,None,0,None,0,None,1,1
2018,40,400592,Oklahoma,1,1,0,0,0,2,2,1,ADAIR (1),0,NOT APPLICABLE,7,7,12,December,2018,6,Friday,0,0:00am-0:59am,38,38,0,This section IS NOT on the NHS,1,Rural,5,Major Collector,2,County Highway Agency,4,County Road,CR-SALEM,,0,None,35.73780000,35.73780000,-94.587700000,-94.587700000,0,No Special Jurisdiction,42,Tree (Standing Only),0,Not a Collision with Motor Vehicle In-Transport,0,No,1,Non-Junction,1,Not an Intersection,0,None,,,4,On Roadside,3,Dark - Lighted,10,Cloudy,0,No Additional Atmospheric Conditions,10,Cloudy,0,No,0000000,Not Applicable,0,0:00am-0:59am,43,43,0,0:00am-0:59am,53,53,1,1:00am-1:59am,23,23,20,Police Pursuit Involved,0,None,0,None,1,1
2018,40,400593,Oklahoma,2,2,0,0,0,3,3,101,MUSKOGEE (101),1690,FORT GIBSON,28,28,5,May,2018,2,Monday,10,10:00am-10:59am,26,26,0,This section IS NOT on the NHS,1,Rural,4,Minor Arterial,1,State Highway Agency,2,U.S. Highway,US-62,SR-80,0,None,35.78371111,35.78371111,-95.240086110,-95.240086110,0,No Special Jurisdiction,12,Motor Vehicle In-Transport,6,Angle,0,No,2,Intersection,2,Four-Way Intersection,0,None,,,1,On Roadway,1,Daylight,1,Clear,0,No Additional Atmospheric Conditions,1,Clear,0,No,0000000,Not Applicable,10,10:00am-10:59am,26,26,10,10:00am-10:59am,28,28,11,11:00am-11:59am,17,17,0,None,0,None,0,None,1,0
2018,40,400594,Oklahoma,2,2,0,0,0,2,2,21,CHEROKEE (21),4600,TAHLEQUAH,26,26,1,January,2018,6,Friday,13,1:00pm-1:59pm,29,29,0,This section IS NOT on the NHS,2,Urban,3,Principal Arterial - Other,4,City or Municipal Highway Agency,6,Local Street - Municipality,W CHOCTAW ST,WEST AVE,0,None,35.91402778,35.91402778,-94.981163890,-94.981163890,0,No Special Jurisdiction,12,Motor Vehicle In-Transport,6,Angle,0,No,2,Intersection,2,Four-Way Intersection,0,None,,,1,On Roadway,1,Daylight,1,Clear,0,No Additional Atmospheric Conditions,1,Clear,0,No,0000000,Not Applicable,13,1:00pm-1:59pm,31,31,13,1:00pm-1:59pm,40,40,14,2:00pm-2:59pm,52,52,0,None,0,None,0,None,1,0
2018,40,400595,Oklahoma,1,1,0,0,0,1,1,113,OSAGE (113),3680,PAWHUSKA,20,20,8,August,2018,2,Monday,17,5:00pm-5:59pm,4,4,0,This section IS NOT on the NHS,1,Rural,3,Principal Arterial - Other,4,City or Municipal Highway Agency,6,Local Street - Municipality,LYNN AVE,,0,None,36.66769722,36.66769722,-96.331691670,-96.331691670,0,No Special Jurisdiction,38,Fence,0,Not a Collision with Motor Vehicle In-Transport,0,No,1,Non-Junction,1,Not an Intersection,0,None,,,5,Outside Trafficway,8,Not Reported,98,Not Reported,0,No Additional Atmospheric Conditions,98,Not Reported,0,No,0000000,Not Applicable,17,5:00pm-5:59pm,6,6,17,5:00pm-5:59pm,8,8,17,5:00pm-5:59pm,22,22,0,None,0,None,0,None,1,0
2018,40,400596,Oklahoma,1,1,0,0,0,1,1,113,OSAGE (113),4330,SKIATOOK,2,2,10,October,2018,3,Tuesday,23,11:00pm-11:59pm,23,23,0,This section IS NOT on the NHS,2,Urban,4,Minor Arterial,4,City or Municipal Highway Agency,6,Local Street - Municipality,S OSAGE AVE,E 5TH ST,0,None,36.36563333,36.36563333,-96.001236110,-96.001236110,0,No Special Jurisdiction,30,Utility Pole/Light Support,0,Not a Collision with Motor Vehicle In-Transport,0,No,3,Intersection-Related,2,Four-Way Intersection,0,None,,,4,On Roadside,3,Dark - Lighted,1,Clear,0,No Additional Atmospheric Conditions,1,Clear,0,No,0000000,Not Applicable,23,11:00pm-11:59pm,26,26,23,11:00pm-11:59pm,29,29,88,Not Applicable (Not Transported),88,Not Applicable (Not Transported),0,None,0,None,0,None,1,0
2018,40,400597,Oklahoma,2,2,0,0,0,2,2,121,PITTSBURG (121),2660,KREBS,19,19,10,October,2018,6,Friday,13,1:00pm-1:59pm,45,45,0,This section IS NOT on the NHS,1,Rural,4,Minor Arterial,1,State Highway Agency,2,U.S. Highway,US-270,SILVA RD,0,None,34.91951389,34.91951389,-95.718761110,-95.718761110,0,No Special Jurisdiction,12,Motor Vehicle In-Transport,6,Angle,0,No,1,Non-Junction,1,Not an Intersection,0,None,,,1,On Roadway,1,Daylight,2,Rain,0,No Additional Atmospheric Conditions,2,Rain,0,No,0000000,Not Applicable,13,1:00pm-1:59pm,46,46,13,1:00pm-1:59pm,50,50,14,2:00pm-2:59pm,6,6,0,None,0,None,0,None,1,0
2018,40,400598,Oklahoma,1,1,0,1,1,1,1,31,COMANCHE (31),2750,LAWTON,29,29,10,October,2018,2,Monday,19,7:00pm-7:59pm,51,51,0,This section IS NOT on the NHS,2,Urban,3,Principal Arterial - Other,2,County Highway Agency,4,County Road,CR-SW LEE BLVD,,0,None,34.59426389,34.59426389,-98.402133330,-98.402133330,0,No Special Jurisdiction,8,Pedestrian,0,Not a Collision with Motor Vehicle In-Transport,0,No,1,Non-Junction,1,Not an Intersection,0,None,,,1,On Roadway,3,Dark - Lighted,10,Cloudy,0,No Additional Atmospheric Conditions,10,Cloudy,0,No,0000000,Not Applicable,19,7:00pm-7:59pm,53,53,19,7:00pm-7:59pm,55,55,20,8:00pm-8:59pm,12,12,0,None,0,None,0,None,1,0
2018,40,400599,Oklahoma,1,1,0,1,1,1,1,79,LE FLORE (79),480,BOKOSHE,3,3,12,December,2018,2,Monday,6,6:00am-6:59am,0,0,0,This section IS NOT on the NHS,1,Rural,5,Major Collector,1,State Highway Agency,3,State Highway,SR-31,,0,None,35.18660556,35.18660556,-94.790769440,-94.790769440,0,No Special Jurisdiction,8,Pedestrian,0,Not a Collision with Motor Vehicle In-Transport,0,No,1,Non-Junction,1,Not an Intersection,0,None,,,1,On Roadway,2,Dark - Not Lighted,1,Clear,0,No Additional Atmospheric Conditions,1,Clear,0,No,0000000,Not Applicable,6,6:00am-6:59am,45,45,7,7:00am-7:59am,15,15,8,8:00am-8:59am,36,36,0,None,0,None,0,None,1,0