caseyear,state,st_case,statename,ve_total,ve_forms,pvh_invl,peds,pernotmvit,permvit,persons,county,countyname,city,cityname,day,dayname,month,monthname,year,day_week,day_weekname,hour,hourname,minute,minutename,nhs,nhsname,rur_urb,rur_urbname,func_sys,func_sysname,rd_owner,rd_ownername,route,routename,tway_id,tway_id2,milept,mileptname,latitude,latitudename,longitud,longitudname,sp_jur,sp_jurname,harm_ev,harm_evname,man_coll,man_collname,reljct1,reljct1name,reljct2,reljct2name,typ_int,typ_intname,wrk_zone,wrk_zonename,road_fnc,road_fncname,rel_road,rel_roadname,lgt_cond,lgt_condname,weather1,weather1name,weather2,weather2name,weather,weathername,sch_bus,sch_busname,rail,railname,not_hour,not_hourname,not_min,not_minname,arr_hour,arr_hourname,arr_min,arr_minname,hosp_hr,hosp_hrname,hosp_mn,hosp_mnname,cf1,cf1name,cf2,cf2name,cf3,cf3name,fatals,drunk_dr
2019,40,400027,Oklahoma,2,2,0,0,0,2,2,131,ROGERS (131),0,NOT APPLICABLE,2,2,1,January,2019,4,Wednesday,13,1:00pm-1:59pm,29,29,1,This section IS ON the NHS,1,Rural,3,Principal Arterial - Other,1,State Highway Agency,2,U.S. Highway,US-169,,159,159,36.57890000,36.57890000,-95.673400000,-95.673400000,0,No Special Jurisdiction,12,Motor Vehicle In-Transport,2,Front-to-Front,0,No,1,Non-Junction,1,Not an Intersection,0,None,,,1,On Roadway,1,Daylight,10,Cloudy,0,No Additional Atmospheric Conditions,10,Cloudy,0,No,0000000,Not Applicable,99,Unknown,98,Unknown if Notified,99,Unknown EMS Scene Arrival Hour,98,Unknown if Arrived,88,Not Applicable (Not Transported),88,Not Applicable (Not Transported),0,None,0,None,0,None,1,0
2019,40,400028,Oklahoma,1,1,0,0,0,1,1,31,COMANCHE (31),0,NOT APPLICABLE,20,20,1,January,2019,1,Sunday,3,3:00am-3:59am,23,23,1,This section IS ON the NHS,1,Rural,3,Principal Arterial - Other,1,State Highway Agency,2,U.S. Highway,US-62,,68,68,34.63210000,34.63210000,-98.705300000,-98.705300000,0,No Special Jurisdiction,1,Rollover/Overturn,0,The First Harmful Event was Not a Collision with a Motor Vehicle in Transport,0,No,1,Non-Junction,1,Not an Intersection,0,None,,,1,On Roadway,2,Dark - Not Lighted,1,Clear,0,No Additional Atmospheric Conditions,1,Clear,0,No,0000000,Not Applicable,99,Unknown,99,Unknown,99,Unknown EMS Scene Arrival Hour,99,Unknown EMS Scene Arrival Minutes,99,Unknown,99,Unknown EMS Hospital Arrival Time,0,None,0,None,0,None,1,1
2019,40,400029,Oklahoma,1,1,0,0,0,1,1,107,OKFUSKEE (107),0,NOT APPLICABLE,1,1,2,February,2019,6,Friday,22,10:00pm-10:59pm,41,41,0,This section IS NOT on the NHS,1,Rural,5,Major Collector,1,State Highway Agency,2,U.S. Highway,US-62,,164,164,35.43200000,35.43200000,-96.160100000,-96.160100000,0,No Special Jurisdiction,42,Tree (Standing Only),0,The First Harmful Event was Not a Collision with a Motor Vehicle in Transport,0,No,1,Non-Junction,1,Not an Intersection,0,None,,,4,On Roadside,2,Dark - Not Lighted,1,Clear,0,No Additional Atmospheric Conditions,1,Clear,0,No,0000000,Not Applicable,22,10:00pm-10:59pm,45,45,23,11:00pm-11:59pm,1,1,0,0:00am-0:59am,24,24,0,None,0,None,0,None,1,1
2019,40,400030,Oklahoma,2,1,1,1,2,1,2,111,OKMULGEE (111),0,NOT APPLICABLE,10,10,1,January,2019,5,Thursday,11,11:00am-11:59am,13,13,1,This section IS ON the NHS,1,Rural,1,Interstate,1,State Highway Agency,1,Interstate,I-40,,0,None,35.43360000,35.43360000,-95.934900000,-95.934900000,0,No Special Jurisdiction,14,Parked Motor Vehicle,0,The First Harmful Event was Not a Collision with a Motor Vehicle in Transport,0,No,1,Non-Junction,1,Not an Intersection,0,None,,,2,On Shoulder,1,Daylight,10,Cloudy,0,No Additional Atmospheric Conditions,10,Cloudy,0,No,0000000,Not Applicable,11,11:00am-11:59am,18,18,11,11:00am-11:59am,39,39,12,12:00pm-12:59pm,24,24,0,None,0,None,0,None,1,0
2019,40,400031,Oklahoma,2,2,0,0,0,4,4,131,ROGERS (131),0,NOT APPLICABLE,13,13,1,January,2019,1,Sunday,19,7:00pm-7:59pm,5,5,1,This section IS ON the NHS,1,Rural,3,Principal Arterial - Other,1,State Highway Agency,2,U.S. Highway,US-412,,1,1,36.16270000,36.16270000,-95.730100000,-95.730100000,0,No Special Jurisdiction,12,Motor Vehicle In-Transport,1,Front-to-Rear,0,No,1,Non-Junction,1,Not an Intersection,0,None,,,1,On Roadway,2,Dark - Not Lighted,10,Cloudy,0,No Additional Atmospheric Conditions,10,Cloudy,0,No,0000000,Not Applicable,19,7:00pm-7:59pm,22,22,19,7:00pm-7:59pm,31,31,20,8:00pm-8:59pm,3,3,0,None,0,None,0,None,1,0
2019,40,400032,Oklahoma,2,2,0,0,0,2,2,109,OKLAHOMA (109),3550,OKLAHOMA CITY,18,18,1,January,2019,6,Friday,15,3:00pm-3:59pm,23,23,0,This section IS NOT on the NHS,2,Urban,3,Principal Arterial - Other,4,City or Municipal Highway Agency,6,Local Street - Municipality,N MERIDIAN AVE,,0,None,35.49613056,35.49613056,-97.601194440,-97.601194440,0,No Special Jurisdiction,12,Motor Vehicle In-Transport,2,Front-to-Front,0,No,8,Driveway Access Related,1,Not an Intersection,0,None,,,1,On Roadway,1,Daylight,1,Clear,0,No Additional Atmospheric Conditions,1,Clear,0,No,0000000,Not Applicable,14,2:00pm-2:59pm,50,50,14,2:00pm-2:59pm,57,57,15,3:00pm-3:59pm,31,31,0,None,0,None,0,None,1,0
2019,40,400033,Oklahoma,3,3,0,0,0,6,6,17,CANADIAN (17),1540,EL RENO,19,19,1,January,2019,7,Saturday,23,11:00pm-11:59pm,51,51,1,This section IS ON the NHS,2,Urban,1,Interstate,1,State Highway Agency,1,Interstate,I-40,,0,None,35.52420000,35.52420000,-98.028300000,-98.028300000,0,No Special Jurisdiction,12,Motor Vehicle In-Transport,6,Angle,0,No,1,Non-Junction,1,Not an Intersection,0,None,,,1,On Roadway,2,Dark - Not Lighted,1,Clear,0,No Additional Atmospheric Conditions,1,Clear,0,No,0000000,Not Applicable,99,Unknown,99,Unknown,99,Unknown EMS Scene Arrival Hour,99,Unknown EMS Scene Arrival Minutes,99,Unknown,99,Unknown EMS Hospital Arrival Time,14,"Motor Vehicle struck by falling cargo,or something that came loose from or something that was set in motion by a vehicle",0,None,0,None,1,1
2019,40,400034,Oklahoma,1,1,0,0,0,1,1,27,CLEVELAND (27),3420,NOBLE,28,28,1,January,2019,2,Monday,23,11:00pm-11:59pm,44,44,0,This section IS NOT on the NHS,1,Rural,7,Local,2,County Highway Agency,4,County Road,CR-MAGUIRE RD,,0,None,35.13130000,35.13130000,-97.281900000,-97.281900000,0,No Special Jurisdiction,32,Culvert,0,The First Harmful Event was Not a Collision with a Motor Vehicle in Transport,0,No,1,Non-Junction,1,Not an Intersection,0,None,,,4,On Roadside,2,Dark - Not Lighted,1,Clear,0,No Additional Atmospheric Conditions,1,Clear,0,No,0000000,Not Applicable,23,11:00pm-11:59pm,38,38,23,11:00pm-11:59pm,47,47,88,Not Applicable (Not Transported),88,Not Applicable (Not Transported),0,None,0,None,0,None,1,1
2019,40,400035,Oklahoma,1,1,0,1,1,1,1,79,LE FLORE (79),0,NOT APPLICABLE,30,30,1,January,2019,4,Wednesday,19,7:00pm-7:59pm,52,52,1,This section IS ON the NHS,1,Rural,3,Principal Arterial - Other,1,State Highway Agency,2,U.S. Highway,US-59,,121,121,35.35100000,35.35100000,-94.771600000,-94.771600000,0,No Special Jurisdiction,8,Pedestrian,0,The First Harmful Event was Not a Collision with a Motor Vehicle in Transport,0,No,1,Non-Junction,1,Not an Intersection,0,None,,,1,On Roadway,2,Dark - Not Lighted,1,Clear,0,No Additional Atmospheric Conditions,1,Clear,0,No,0000000,Not Applicable,99,Unknown,99,Unknown,99,Unknown EMS Scene Arrival Hour,99,Unknown EMS Scene Arrival Minutes,88,Not Applicable (Not Transported),88,Not Applicable (Not Transported),0,None,0,None,0,None,1,0
2019,40,400036,Oklahoma,2,2,0,0,0,4,4,145,WAGONER (145),0,NOT APPLICABLE,1,1,2,February,2019,6,Friday,12,12:00pm-12:59pm,27,27,0,This section IS NOT on the NHS,1,Rural,7,Local,2,County Highway Agency,4,County Road,CR-EW650,,0,None,36.07520000,36.07520000,-95.348200000,-95.348200000,0,No Special Jurisdiction,12,Motor Vehicle In-Transport,2,Front-to-Front,0,No,1,Non-Junction,1,Not an Intersection,0,None,,,1,On Roadway,1,Daylight,10,Cloudy,0,No Additional Atmospheric Conditions,10,Cloudy,0,No,0000000,Not Applicable,12,12:00pm-12:59pm,19,19,12,12:00pm-12:59pm,30,30,13,1:00pm-1:59pm,43,43,0,None,0,None,0,None,1,0
2019,40,400037,Oklahoma,2,2,0,0,0,2,2,119,PAYNE (119),0,NOT APPLICABLE,5,5,2,February,2019,3,Tuesday,15,3:00pm-3:59pm,10,10,0,This section IS NOT on the NHS,1,Rural,4,Minor Arterial,1,State Highway Agency,2,U.S. Highway,US-177,CR-MCMURTRY RD,60,60,36.18840556,36.18840556,-97.069855560,-97.069855560,0,No Special Jurisdiction,12,Motor Vehicle In-Transport,6,Angle,0,No,2,Intersection,2,Four-Way Intersection,0,None,,,1,On Roadway,1,Daylight,10,Cloudy,0,No Additional Atmospheric Conditions,10,Cloudy,0,No,0000000,Not Applicable,99,Unknown,99,Unknown,99,Unknown EMS Scene Arrival Hour,99,Unknown EMS Scene Arrival Minutes,99,Unknown,99,Unknown EMS Hospital Arrival Time,0,None,0,None,0,None,1,0
2019,40,400038,Oklahoma,1,1,0,0,0,1,1,111,OKMULGEE (111),0,NOT APPLICABLE,8,8,2,February,2019,6,Friday,1,1:00am-1:59am,51,51,1,This section IS ON the NHS,1,Rural,1,Interstate,1,State Highway Agency,1,Interstate,I-40,,0,None,35.42780000,35.42780000,-96.076200000,-96.076200000,0,No Special Jurisdiction,42,Tree (Standing Only),0,The First Harmful Event was Not a Collision with a Motor Vehicle in Transport,0,No,1,Non-Junction,1,Not an Intersection,0,None,,,4,On Roadside,2,Dark - Not Lighted,1,Clear,0,No Additional Atmospheric Conditions,1,Clear,0,No,0000000,Not Applicable,2,2:00am-2:59am,17,17,2,2:00am-2:59am,25,25,88,Not Applicable (Not Transported),88,Not Applicable (Not Transported),0,None,0,None,0,None,1,1
2019,40,400039,Oklahoma,2,2,0,0,0,2,2,109,OKLAHOMA (109),3550,OKLAHOMA CITY,9,9,2,February,2019,7,Saturday,2,2:00am-2:59am,8,8,0,This section IS NOT on the NHS,2,Urban,2,Principal Arterial - Other Freeways and Expressways,1,State Highway Agency,3,State Highway,SR-152,,0,None,35.41284722,35.41284722,-97.657213890,-97.657213890,0,No Special Jurisdiction,12,Motor Vehicle In-Transport,2,Front-to-Front,0,No,1,Non-Junction,1,Not an Intersection,1,Construction,,,1,On Roadway,2,Dark - Not Lighted,10,Cloudy,0,No Additional Atmospheric Conditions,10,Cloudy,0,No,0000000,Not Applicable,2,2:00am-2:59am,18,18,2,2:00am-2:59am,24,24,3,3:00am-3:59am,5,5,0,None,0,None,0,None,1,1
2019,40,400040,Oklahoma,2,2,0,0,0,2,2,119,PAYNE (119),0,NOT APPLICABLE,12,12,2,February,2019,3,Tuesday,12,12:00pm-12:59pm,0,0,0,This section IS NOT on the NHS,1,Rural,4,Minor Arterial,2,County Highway Agency,4,County Road,CR-LINWOOD,,0,None,35.95600000,35.95600000,-96.749400000,-96.749400000,0,No Special Jurisdiction,12,Motor Vehicle In-Transport,2,Front-to-Front,0,No,1,Non-Junction,1,Not an Intersection,0,None,,,1,On Roadway,1,Daylight,1,Clear,0,No Additional Atmospheric Conditions,1,Clear,0,No,0000000,Not Applicable,12,12:00pm-12:59pm,0,0,12,12:00pm-12:59pm,5,5,88,Not Applicable (Not Transported),88,Not Applicable (Not Transported),0,None,0,None,0,None,1,0
2019,40,400041,Oklahoma,1,1,0,1,1,2,2,109,OKLAHOMA (109),3550,OKLAHOMA CITY,11,11,1,January,2019,6,Friday,6,6:00am-6:59am,43,43,0,This section IS NOT on the NHS,2,Urban,3,Principal Arterial - Other,4,City or Municipal Highway Agency,6,Local Street - Municipality,S PENN AVE,,0,None,35.42613056,35.42613056,-97.547975000,-97.547975000,0,No Special Jurisdiction,8,Pedestrian,0,The First Harmful Event was Not a Collision with a Motor Vehicle in Transport,0,No,1,Non-Junction,1,Not an Intersection,0,None,,,1,On Roadway,3,Dark - Lighted,2,Rain,0,No Additional Atmospheric Conditions,2,Rain,0,No,0000000,Not Applicable,6,6:00am-6:59am,41,41,6,6:00am-6:59am,50,50,88,Not Applicable (Not Transported),88,Not Applicable (Not Transported),0,None,0,None,0,None,1,0
2019,40,400042,Oklahoma,1,1,0,1,1,1,1,137,STEPHENS (137),0,NOT APPLICABLE,1,1,2,February,2019,6,Friday,99,Unknown Hours,99,Unknown Minutes,0,This section IS NOT on the NHS,1,Rural,4,Minor Arterial,1,State Highway Agency,3,State Highway,SR-53,,68,68,34.36210000,34.36210000,-98.019700000,-98.019700000,0,No Special Jurisdiction,9,Pedalcyclist,0,The First Harmful Event was Not a Collision with a Motor Vehicle in Transport,0,No,1,Non-Junction,1,Not an Intersection,0,None,,,1,On Roadway,2,Dark - Not Lighted,1,Clear,0,No Additional Atmospheric Conditions,1,Clear,0,No,0000000,Not Applicable,18,6:00pm-6:59pm,6,6,18,6:00pm-6:59pm,46,46,19,7:00pm-7:59pm,41,41,0,None,0,None,0,None,1,0
2019,40,400043,Oklahoma,2,2,0,0,0,2,2,5,ATOKA (5),0,NOT APPLICABLE,3,3,2,February,2019,1,Sunday,5,5:00am-5:59am,45,45,1,This section IS ON the NHS,1,Rural,3,Principal Arterial - Other,1,State Highway Agency,3,State Highway,SR-3,,197,197,34.25930000,34.25930000,-95.835100000,-95.835100000,0,No Special Jurisdiction,12,Motor Vehicle In-Transport,2,Front-to-Front,0,No,1,Non-Junction,1,Not an Intersection,0,None,,,1,On Roadway,2,Dark - Not Lighted,10,Cloudy,0,No Additional Atmospheric Conditions,10,Cloudy,0,No,0000000,Not Applicable,5,5:00am-5:59am,52,52,6,6:00am-6:59am,3,3,7,7:00am-7:59am,15,15,0,None,0,None,0,None,1,1
2019,40,400044,Oklahoma,3,3,0,0,0,3,3,105,NOWATA (105),0,NOT APPLICABLE,10,10,2,February,2019,1,Sunday,23,11:00pm-11:59pm,39,39,1,This section IS ON the NHS,1,Rural,3,Principal Arterial - Other,1,State Highway Agency,2,U.S. Highway,US-169,,54,54,36.77870000,36.77870000,-95.629600000,-95.629600000,0,No Special Jurisdiction,12,Motor Vehicle In-Transport,2,Front-to-Front,0,No,1,Non-Junction,1,Not an Intersection,0,None,,,1,On Roadway,2,Dark - Not Lighted,2,Rain,0,No Additional Atmospheric Conditions,2,Rain,0,No,0000000,Not Applicable,99,Unknown,99,Unknown,99,Unknown EMS Scene Arrival Hour,99,Unknown EMS Scene Arrival Minutes,99,Unknown,99,Unknown EMS Hospital Arrival Time,14,"Motor Vehicle struck by falling cargo,or something that came loose from or something that was set in motion by a vehicle",0,None,0,None,1,1
2019,40,400046,Oklahoma,1,1,0,1,1,1,1,109,OKLAHOMA (109),3550,OKLAHOMA CITY,15,15,2,February,2019,6,Friday,2,2:00am-2:59am,40,40,1,This section IS ON the NHS,2,Urban,1,Interstate,1,State Highway Agency,1,Interstate,I-40,,0,None,35.44780000,35.44780000,-97.427800000,-97.427800000,0,No Special Jurisdiction,8,Pedestrian,0,The First Harmful Event was Not a Collision with a Motor Vehicle in Transport,0,No,1,Non-Junction,1,Not an Intersection,0,None,,,1,On Roadway,3,Dark - Lighted,1,Clear,0,No Additional Atmospheric Conditions,1,Clear,0,No,0000000,Not Applicable,2,2:00am-2:59am,40,40,2,2:00am-2:59am,44,44,88,Not Applicable (Not Transported),88,Not Applicable (Not Transported),0,None,0,None,0,None,1,0
2019,40,400047,Oklahoma,2,2,0,0,0,3,3,21,CHEROKEE (21),0,NOT APPLICABLE,20,20,2,February,2019,4,Wednesday,11,11:00am-11:59am,24,24,0,This section IS NOT on the NHS,1,Rural,5,Major Collector,1,State Highway Agency,3,State Highway,SR-82,,166,166,35.80930000,35.80930000,-94.967400000,-94.967400000,0,No Special Jurisdiction,12,Motor Vehicle In-Transport,6,Angle,0,No,8,Driveway Access Related,1,Not an Intersection,0,None,,,1,On Roadway,1,Daylight,1,Clear,0,No Additional Atmospheric Conditions,1,Clear,0,No,0000000,Not Applicable,11,11:00am-11:59am,33,33,11,11:00am-11:59am,57,57,12,12:00pm-12:59pm,42,42,0,None,0,None,0,None,1,0
2019,40,400048,Oklahoma,1,1,0,0,0,1,1,27,CLEVELAND (27),3550,OKLAHOMA CITY,21,21,2,February,2019,5,Thursday,23,11:00pm-11:59pm,16,16,0,This section IS NOT on the NHS,1,Rural,5,Major Collector,2,County Highway Agency,4,County Road,CR-S PEEBLY RD,,0,None,35.31370000,35.31370000,-97.212400000,-97.212400000,0,No Special Jurisdiction,32,Culvert,0,The First Harmful Event was Not a Collision with a Motor Vehicle in Transport,0,No,1,Non-Junction,1,Not an Intersection,0,None,,,4,On Roadside,2,Dark - Not Lighted,10,Cloudy,0,No Additional Atmospheric Conditions,10,Cloudy,0,No,0000000,Not Applicable,23,11:00pm-11:59pm,17,17,23,11:00pm-11:59pm,28,28,88,Not Applicable (Not Transported),88,Not Applicable (Not Transported),0,None,0,None,0,None,1,1
2019,40,400049,Oklahoma,1,1,0,1,1,1,1,143,TULSA (143),4780,TULSA,25,25,2,February,2019,2,Monday,0,0:00am-0:59am,20,20,0,This section IS NOT on the NHS,2,Urban,4,Minor Arterial,4,City or Municipal Highway Agency,6,Local Street - Municipality,E 91ST ST,,0,None,36.03180000,36.03180000,-95.915100000,-95.915100000,0,No Special Jurisdiction,8,Pedestrian,0,The First Harmful Event was Not a Collision with a Motor Vehicle in Transport,0,No,1,Non-Junction,1,Not an Intersection,0,None,,,1,On Roadway,2,Dark - Not Lighted,10,Cloudy,0,No Additional Atmospheric Conditions,10,Cloudy,0,No,0000000,Not Applicable,0,0:00am-0:59am,32,32,0,0:00am-0:59am,32,32,88,Not Applicable (Not Transported),88,Not Applicable (Not Transported),0,None,0,None,0,None,1,0
2019,40,400050,Oklahoma,2,2,0,0,0,3,3,91,MCINTOSH (91),0,NOT APPLICABLE,26,26,2,February,2019,3,Tuesday,12,12:00pm-12:59pm,16,16,0,This section IS NOT on the NHS,1,Rural,5,Major Collector,1,State Highway Agency,2,U.S. Highway,US-69B,CR-EW109,17,17,35.43520000,35.43520000,-95.542200000,-95.542200000,0,No Special Jurisdiction,12,Motor Vehicle In-Transport,6,Angle,0,No,3,Intersection-Related,2,Four-Way Intersection,0,None,,,1,On Roadway,1,Daylight,10,Cloudy,0,No Additional Atmospheric Conditions,10,Cloudy,0,No,0000000,Not Applicable,99,Unknown,99,Unknown,99,Unknown EMS Scene Arrival Hour,99,Unknown EMS Scene Arrival Minutes,88,Not Applicable (Not Transported),88,Not Applicable (Not Transported),0,None,0,None,0,None,1,0
2019,40,400051,Oklahoma,1,1,0,0,0,3,3,131,ROGERS (131),0,NOT APPLICABLE,6,6,2,February,2019,4,Wednesday,16,4:00pm-4:59pm,30,30,0,This section IS NOT on the NHS,1,Rural,7,Local,2,County Highway Agency,4,County Road,CR-E 96TH ST N,,0,None,36.29290000,36.29290000,-95.769800000,-95.769800000,0,No Special Jurisdiction,42,Tree (Standing Only),0,The First Harmful Event was Not a Collision with a Motor Vehicle in Transport,0,No,1,Non-Junction,1,Not an Intersection,0,None,,,4,On Roadside,1,Daylight,5,"Fog, Smog, Smoke",0,No Additional Atmospheric Conditions,5,"Fog, Smog, Smoke",0,No,0000000,Not Applicable,16,4:00pm-4:59pm,31,31,16,4:00pm-4:59pm,45,45,17,5:00pm-5:59pm,8,8,0,None,0,None,0,None,1,0
2019,40,400052,Oklahoma,1,1,0,0,0,1,1,83,LOGAN (83),0,NOT APPLICABLE,11,11,1,January,2019,6,Friday,22,10:00pm-10:59pm,24,24,0,This section IS NOT on the NHS,1,Rural,5,Major Collector,1,State Highway Agency,2,U.S. Highway,US-77,,13,13,35.89930000,35.89930000,-97.424800000,-97.424800000,0,No Special Jurisdiction,42,Tree (Standing Only),0,The First Harmful Event was Not a Collision with a Motor Vehicle in Transport,0,No,1,Non-Junction,1,Not an Intersection,0,None,,,4,On Roadside,2,Dark - Not Lighted,2,Rain,0,No Additional Atmospheric Conditions,2,Rain,0,No,0000000,Not Applicable,22,10:00pm-10:59pm,48,48,22,10:00pm-10:59pm,50,50,23,11:00pm-11:59pm,35,35,0,None,0,None,0,None,1,1
2019,40,400053,Oklahoma,1,1,0,1,1,1,1,109,OKLAHOMA (109),3550,OKLAHOMA CITY,27,27,2,February,2019,4,Wednesday,19,7:00pm-7:59pm,23,23,0,This section IS NOT on the NHS,2,Urban,4,Minor Arterial,4,City or Municipal Highway Agency,6,Local Street - Municipality,W BRITTON RD,,0,None,35.56560000,35.56560000,-97.524100000,-97.524100000,0,No Special Jurisdiction,8,Pedestrian,0,The First Harmful Event was Not a Collision with a Motor Vehicle in Transport,0,No,1,Non-Junction,1,Not an Intersection,0,None,,,1,On Roadway,2,Dark - Not Lighted,98,Not Reported,0,No Additional Atmospheric Conditions,98,Not Reported,0,No,0000000,Not Applicable,19,7:00pm-7:59pm,23,23,19,7:00pm-7:59pm,33,33,19,7:00pm-7:59pm,45,45,0,None,0,None,0,None,1,0
2019,40,400054,Oklahoma,2,2,0,0,0,3,3,147,WASHINGTON (147),0,NOT APPLICABLE,28,28,2,February,2019,5,Thursday,16,4:00pm-4:59pm,51,51,1,This section IS ON the NHS,1,Rural,3,Principal Arterial - Other,1,State Highway Agency,2,U.S. Highway,US-75,SR-10,2,2,36.90200000,36.90200000,-95.915600000,-95.915600000,0,No Special Jurisdiction,12,Motor Vehicle In-Transport,6,Angle,0,No,2,Intersection,2,Four-Way Intersection,0,None,,,1,On Roadway,1,Daylight,10,Cloudy,0,No Additional Atmospheric Conditions,10,Cloudy,0,No,0000000,Not Applicable,16,4:00pm-4:59pm,50,50,17,5:00pm-5:59pm,2,2,17,5:00pm-5:59pm,30,30,0,None,0,None,0,None,1,0
2019,40,400055,Oklahoma,1,1,0,0,0,1,1,47,GARFIELD (47),0,NOT APPLICABLE,1,1,3,March,2019,6,Friday,3,3:00am-3:59am,54,54,1,This section IS ON the NHS,1,Rural,3,Principal Arterial - Other,1,State Highway Agency,2,U.S. Highway,US-81,,105,105,36.53730000,36.53730000,-97.872400000,-97.872400000,0,No Special Jurisdiction,32,Culvert,0,The First Harmful Event was Not a Collision with a Motor Vehicle in Transport,0,No,1,Non-Junction,1,Not an Intersection,0,None,,,4,On Roadside,2,Dark - Not Lighted,10,Cloudy,0,No Additional Atmospheric Conditions,10,Cloudy,0,No,0000000,Not Applicable,99,Unknown,98,Unknown if Notified,99,Unknown EMS Scene Arrival Hour,98,Unknown if Arrived,88,Not Applicable (Not Transported),88,Not Applicable (Not Transported),0,None,0,None,0,None,1,0
2019,40,400056,Oklahoma,2,2,0,0,0,4,4,125,POTTAWATOMIE (125),4300,SHAWNEE,2,2,1,January,2019,4,Wednesday,19,7:00pm-7:59pm,7,7,0,This section IS NOT on the NHS,1,Rural,5,Major Collector,2,County Highway Agency,4,County Road,CR-BENEDICT ST,,0,None,35.33283611,35.33283611,-96.959866670,-96.959866670,0,No Special Jurisdiction,12,Motor Vehicle In-Transport,2,Front-to-Front,0,No,1,Non-Junction,1,Not an Intersection,0,None,,,1,On Roadway,2,Dark - Not Lighted,98,Not Reported,0,No Additional Atmospheric Conditions,98,Not Reported,0,No,0000000,Not Applicable,19,7:00pm-7:59pm,10,10,19,7:00pm-7:59pm,38,38,20,8:00pm-8:59pm,58,58,0,None,0,None,0,None,1,0
2019,40,400057,Oklahoma,2,2,0,0,0,3,3,51,GRADY (51),0,NOT APPLICABLE,16,16,2,February,2019,7,Saturday,23,11:00pm-11:59pm,0,0,0,This section IS NOT on the NHS,1,Rural,5,Major Collector,1,State Highway Agency,3,State Highway,SR-92,,172,172,35.28310000,35.28310000,-97.822900000,-97.822900000,0,No Special Jurisdiction,12,Motor Vehicle In-Transport,6,Angle,0,No,1,Non-Junction,1,Not an Intersection,0,None,,,1,On Roadway,2,Dark - Not Lighted,1,Clear,0,No Additional Atmospheric Conditions,1,Clear,0,No,0000000,Not Applicable,99,Unknown,99,Unknown,99,Unknown EMS Scene Arrival Hour,99,Unknown EMS Scene Arrival Minutes,99,Unknown,99,Unknown EMS Hospital Arrival Time,0,None,0,None,0,None,1,1
2019,40,400058,Oklahoma,3,3,0,0,0,3,3,43,DEWEY (43),0,NOT APPLICABLE,17,17,2,February,2019,1,Sunday,13,1:00pm-1:59pm,6,6,1,This section IS ON the NHS,1,Rural,3,Principal Arterial - Other,1,State Highway Agency,2,U.S. Highway,US-270,,105,105,36.03360000,36.03360000,-98.795900000,-98.795900000,0,No Special Jurisdiction,12,Motor Vehicle In-Transport,6,Angle,0,No,1,Non-Junction,1,Not an Intersection,0,None,,,2,On Shoulder,1,Daylight,1,Clear,0,No Additional Atmospheric Conditions,1,Clear,0,No,0000000,Not Applicable,13,1:00pm-1:59pm,11,11,13,1:00pm-1:59pm,33,33,14,2:00pm-2:59pm,54,54,0,None,0,None,0,None,1,0
2019,40,400059,Oklahoma,1,1,0,0,0,1,1,123,PONTOTOC (123),0,NOT APPLICABLE,21,21,2,February,2019,5,Thursday,12,12:00pm-12:59pm,2,2,0,This section IS NOT on the NHS,1,Rural,7,Local,2,County Highway Agency,4,County Road,CR-SANDY CREEK RD,,0,None,34.78360000,34.78360000,-96.709100000,-96.709100000,0,No Special Jurisdiction,43,Other Fixed Object,0,The First Harmful Event was Not a Collision with a Motor Vehicle in Transport,0,No,1,Non-Junction,1,Not an Intersection,0,None,,,4,On Roadside,1,Daylight,10,Cloudy,0,No Additional Atmospheric Conditions,10,Cloudy,0,No,0000000,Not Applicable,99,Unknown,98,Unknown if Notified,99,Unknown EMS Scene Arrival Hour,98,Unknown if Arrived,88,Not Applicable (Not Transported),88,Not Applicable (Not Transported),0,None,0,None,0,None,1,0
2019,40,400060,Oklahoma,1,1,0,1,1,1,1,143,TULSA (143),4780,TULSA,25,25,2,February,2019,2,Monday,19,7:00pm-7:59pm,15,15,0,This section IS NOT on the NHS,2,Urban,4,Minor Arterial,4,City or Municipal Highway Agency,6,Local Street - Municipality,E ADMIRAL PL,,0,None,36.16050000,36.16050000,-95.893100000,-95.893100000,0,No Special Jurisdiction,8,Pedestrian,0,The First Harmful Event was Not a Collision with a Motor Vehicle in Transport,0,No,1,Non-Junction,1,Not an Intersection,0,None,,,1,On Roadway,3,Dark - Lighted,1,Clear,0,No Additional Atmospheric Conditions,1,Clear,0,No,0000000,Not Applicable,19,7:00pm-7:59pm,16,16,19,7:00pm-7:59pm,22,22,19,7:00pm-7:59pm,46,46,0,None,0,None,0,None,1,1