caseyear,state,st_case,statename,ve_total,ve_forms,pvh_invl,peds,pernotmvit,permvit,persons,county,countyname,city,cityname,day,dayname,month,monthname,year,day_week,day_weekname,hour,hourname,minute,minutename,nhs,nhsname,rur_urb,rur_urbname,func_sys,func_sysname,rd_owner,rd_ownername,route,routename,tway_id,tway_id2,milept,mileptname,latitude,latitudename,longitud,longitudname,sp_jur,sp_jurname,harm_ev,harm_evname,man_coll,man_collname,reljct1,reljct1name,reljct2,reljct2name,typ_int,typ_intname,wrk_zone,wrk_zonename,road_fnc,road_fncname,rel_road,rel_roadname,lgt_cond,lgt_condname,weather1,weather1name,weather2,weather2name,weather,weathername,sch_bus,sch_busname,rail,railname,not_hour,not_hourname,not_min,not_minname,arr_hour,arr_hourname,arr_min,arr_minname,hosp_hr,hosp_hrname,hosp_mn,hosp_mnname,cf1,cf1name,cf2,cf2name,cf3,cf3name,fatals,drunk_dr
2019,40,400096,Oklahoma,2,2,0,0,0,2,2,133,SEMINOLE (133),0,NOT APPLICABLE,27,27,3,March,2019,4,Wednesday,13,1:00pm-1:59pm,36,36,0,This section IS NOT on the NHS,1,Rural,4,Minor Arterial,1,State Highway Agency,2,U.S. Highway,US-270,,15,15,35.14550000,35.14550000,-96.529500000,-96.529500000,0,No Special Jurisdiction,12,Motor Vehicle In-Transport,2,Front-to-Front,0,No,1,Non-Junction,1,Not an Intersection,0,None,,,1,On Roadway,1,Daylight,1,Clear,0,No Additional Atmospheric Conditions,1,Clear,0,No,0000000,Not Applicable,13,1:00pm-1:59pm,38,38,14,2:00pm-2:59pm,2,2,15,3:00pm-3:59pm,8,8,0,None,0,None,0,None,1,0
2019,40,400097,Oklahoma,2,2,0,0,0,3,3,143,TULSA (143),400,BIXBY,11,11,2,February,2019,2,Monday,4,4:00am-4:59am,28,28,0,This section IS NOT on the NHS,2,Urban,3,Principal Arterial - Other,1,State Highway Agency,2,U.S. Highway,US-64,,0,None,35.91557778,35.91557778,-95.841355560,-95.841355560,0,No Special Jurisdiction,12,Motor Vehicle In-Transport,2,Front-to-Front,0,No,1,Non-Junction,1,Not an Intersection,4,"Work Zone, Type Unknown",,,1,On Roadway,2,Dark - Not Lighted,2,Rain,0,No Additional Atmospheric Conditions,2,Rain,0,No,0000000,Not Applicable,4,4:00am-4:59am,29,29,4,4:00am-4:59am,43,43,5,5:00am-5:59am,22,22,0,None,0,None,0,None,1,0
2019,40,400098,Oklahoma,1,1,0,0,0,1,1,143,TULSA (143),400,BIXBY,6,6,3,March,2019,4,Wednesday,23,11:00pm-11:59pm,50,50,0,This section IS NOT on the NHS,2,Urban,4,Minor Arterial,4,City or Municipal Highway Agency,6,Local Street - Municipality,S MINGO RD,,0,None,35.98384167,35.98384167,-95.868700000,-95.868700000,0,No Special Jurisdiction,42,Tree (Standing Only),0,The First Harmful Event was Not a Collision with a Motor Vehicle in Transport,0,No,1,Non-Junction,1,Not an Intersection,0,None,,,4,On Roadside,2,Dark - Not Lighted,10,Cloudy,0,No Additional Atmospheric Conditions,10,Cloudy,0,No,0000000,Not Applicable,22,10:00pm-10:59pm,31,31,22,10:00pm-10:59pm,38,38,88,Not Applicable (Not Transported),88,Not Applicable (Not Transported),0,None,0,None,0,None,1,1
2019,40,400099,Oklahoma,2,2,0,0,0,2,2,131,ROGERS (131),0,NOT APPLICABLE,12,12,3,March,2019,3,Tuesday,13,1:00pm-1:59pm,25,25,0,This section IS NOT on the NHS,1,Rural,5,Major Collector,1,State Highway Agency,3,State Highway,SR-66,CR-SPENCER CREEK RD,60,60,36.38260000,36.38260000,-95.556700000,-95.556700000,0,No Special Jurisdiction,12,Motor Vehicle In-Transport,6,Angle,0,No,2,Intersection,2,Four-Way Intersection,0,None,,,1,On Roadway,1,Daylight,10,Cloudy,0,No Additional Atmospheric Conditions,10,Cloudy,0,No,0000000,Not Applicable,13,1:00pm-1:59pm,26,26,13,1:00pm-1:59pm,32,32,14,2:00pm-2:59pm,21,21,0,None,0,None,0,None,1,0
2019,40,400100,Oklahoma,1,1,0,0,0,4,4,123,PONTOTOC (123),0,NOT APPLICABLE,15,15,3,March,2019,6,Friday,15,3:00pm-3:59pm,29,29,0,This section IS NOT on the NHS,1,Rural,5,Major Collector,1,State Highway Agency,3,State Highway,SR-59A,,10,10,34.88360000,34.88360000,-96.912900000,-96.912900000,0,No Special Jurisdiction,1,Rollover/Overturn,0,The First Harmful Event was Not a Collision with a Motor Vehicle in Transport,0,No,1,Non-Junction,1,Not an Intersection,0,None,,,1,On Roadway,1,Daylight,10,Cloudy,0,No Additional Atmospheric Conditions,10,Cloudy,0,No,0000000,Not Applicable,16,4:00pm-4:59pm,6,6,16,4:00pm-4:59pm,53,53,17,5:00pm-5:59pm,42,42,0,None,0,None,0,None,1,0
2019,40,400101,Oklahoma,2,2,0,0,0,3,3,143,TULSA (143),4780,TULSA,16,16,3,March,2019,7,Saturday,12,12:00pm-12:59pm,16,16,1,This section IS ON the NHS,2,Urban,2,Principal Arterial - Other Freeways and Expressways,1,State Highway Agency,2,U.S. Highway,US-169 EXIT RAMP,E ADMIRAL PL,0,None,36.16060000,36.16060000,-95.860300000,-95.860300000,0,No Special Jurisdiction,12,Motor Vehicle In-Transport,6,Angle,1,Yes,2,Intersection,3,T-Intersection,0,None,,,1,On Roadway,1,Daylight,1,Clear,0,No Additional Atmospheric Conditions,1,Clear,0,No,0000000,Not Applicable,12,12:00pm-12:59pm,15,15,12,12:00pm-12:59pm,20,20,13,1:00pm-1:59pm,2,2,0,None,0,None,0,None,1,0
2019,40,400102,Oklahoma,2,2,0,0,0,3,3,13,BRYAN (13),0,NOT APPLICABLE,22,22,3,March,2019,6,Friday,15,3:00pm-3:59pm,10,10,1,This section IS ON the NHS,1,Rural,3,Principal Arterial - Other,1,State Highway Agency,2,U.S. Highway,US-70,CR-RANGER STATION RD,27,27,33.99880000,33.99880000,-96.587100000,-96.587100000,0,No Special Jurisdiction,12,Motor Vehicle In-Transport,1,Front-to-Rear,0,No,3,Intersection-Related,3,T-Intersection,0,None,,,1,On Roadway,1,Daylight,1,Clear,0,No Additional Atmospheric Conditions,1,Clear,0,No,0000000,Not Applicable,15,3:00pm-3:59pm,11,11,15,3:00pm-3:59pm,47,47,17,5:00pm-5:59pm,19,19,0,None,0,None,0,None,1,0
2019,40,400103,Oklahoma,1,1,0,0,0,1,1,119,PAYNE (119),0,NOT APPLICABLE,31,31,3,March,2019,1,Sunday,2,2:00am-2:59am,53,53,0,This section IS NOT on the NHS,1,Rural,6,Minor Collector,2,County Highway Agency,4,County Road,CR-MCELROY,,0,None,36.13070000,36.13070000,-96.999500000,-96.999500000,0,No Special Jurisdiction,35,Embankment,0,The First Harmful Event was Not a Collision with a Motor Vehicle in Transport,0,No,1,Non-Junction,1,Not an Intersection,0,None,,,4,On Roadside,2,Dark - Not Lighted,1,Clear,0,No Additional Atmospheric Conditions,1,Clear,0,No,0000000,Not Applicable,99,Unknown,98,Unknown if Notified,99,Unknown EMS Scene Arrival Hour,98,Unknown if Arrived,88,Not Applicable (Not Transported),88,Not Applicable (Not Transported),0,None,0,None,0,None,1,1
2019,40,400104,Oklahoma,1,1,0,1,1,1,1,143,TULSA (143),4780,TULSA,2,2,4,April,2019,3,Tuesday,6,6:00am-6:59am,27,27,0,This section IS NOT on the NHS,2,Urban,4,Minor Arterial,4,City or Municipal Highway Agency,6,Local Street - Municipality,S HARVARD AVE,E 30TH ST,0,None,36.12060000,36.12060000,-95.940300000,-95.940300000,0,No Special Jurisdiction,8,Pedestrian,0,The First Harmful Event was Not a Collision with a Motor Vehicle in Transport,0,No,3,Intersection-Related,2,Four-Way Intersection,0,None,,,1,On Roadway,3,Dark - Lighted,98,Not Reported,0,No Additional Atmospheric Conditions,98,Not Reported,0,No,0000000,Not Applicable,6,6:00am-6:59am,26,26,6,6:00am-6:59am,32,32,6,6:00am-6:59am,46,46,0,None,0,None,0,None,1,0
2019,40,400105,Oklahoma,3,3,0,0,0,7,7,19,CARTER (19),0,NOT APPLICABLE,4,4,4,April,2019,5,Thursday,17,5:00pm-5:59pm,55,55,1,This section IS ON the NHS,1,Rural,1,Interstate,1,State Highway Agency,1,Interstate,I-35,,0,None,34.33770000,34.33770000,-97.150100000,-97.150100000,0,No Special Jurisdiction,12,Motor Vehicle In-Transport,1,Front-to-Rear,0,No,1,Non-Junction,1,Not an Intersection,4,"Work Zone, Type Unknown",,,1,On Roadway,1,Daylight,10,Cloudy,0,No Additional Atmospheric Conditions,10,Cloudy,0,No,0000000,Not Applicable,17,5:00pm-5:59pm,53,53,18,6:00pm-6:59pm,7,7,18,6:00pm-6:59pm,55,55,0,None,0,None,0,None,1,0
2019,40,400106,Oklahoma,2,2,0,0,0,2,2,133,SEMINOLE (133),0,NOT APPLICABLE,6,6,4,April,2019,7,Saturday,1,1:00am-1:59am,0,0,1,This section IS ON the NHS,1,Rural,3,Principal Arterial - Other,1,State Highway Agency,2,U.S. Highway,US-377,,25,25,35.18888056,35.18888056,-96.674900000,-96.674900000,0,No Special Jurisdiction,12,Motor Vehicle In-Transport,1,Front-to-Rear,0,No,1,Non-Junction,1,Not an Intersection,0,None,,,1,On Roadway,2,Dark - Not Lighted,1,Clear,0,No Additional Atmospheric Conditions,1,Clear,0,No,0000000,Not Applicable,1,1:00am-1:59am,6,6,1,1:00am-1:59am,25,25,2,2:00am-2:59am,6,6,0,None,0,None,0,None,1,0
2019,40,400107,Oklahoma,1,1,0,0,0,1,1,137,STEPHENS (137),0,NOT APPLICABLE,6,6,4,April,2019,7,Saturday,10,10:00am-10:59am,22,22,1,This section IS ON the NHS,1,Rural,3,Principal Arterial - Other,1,State Highway Agency,3,State Highway,SR-7,,234,234,34.44510000,34.44510000,-97.580000000,-97.580000000,0,No Special Jurisdiction,38,Fence,0,The First Harmful Event was Not a Collision with a Motor Vehicle in Transport,0,No,1,Non-Junction,1,Not an Intersection,0,None,,,5,Outside Trafficway,1,Daylight,2,Rain,0,No Additional Atmospheric Conditions,2,Rain,0,No,0000000,Not Applicable,99,Unknown,99,Unknown,99,Unknown EMS Scene Arrival Hour,99,Unknown EMS Scene Arrival Minutes,88,Not Applicable (Not Transported),88,Not Applicable (Not Transported),0,None,0,None,0,None,1,0
2019,40,400108,Oklahoma,2,2,0,0,0,3,3,135,SEQUOYAH (135),0,NOT APPLICABLE,11,11,4,April,2019,5,Thursday,7,7:00am-7:59am,23,23,1,This section IS ON the NHS,1,Rural,1,Interstate,1,State Highway Agency,1,Interstate,I-40,,0,None,35.42390000,35.42390000,-94.496900000,-94.496900000,0,No Special Jurisdiction,12,Motor Vehicle In-Transport,1,Front-to-Rear,0,No,1,Non-Junction,1,Not an Intersection,0,None,,,1,On Roadway,1,Daylight,1,Clear,0,No Additional Atmospheric Conditions,1,Clear,0,No,0000000,Not Applicable,7,7:00am-7:59am,33,33,7,7:00am-7:59am,56,56,8,8:00am-8:59am,35,35,0,None,0,None,0,None,1,0
2019,40,400109,Oklahoma,1,1,0,0,0,1,1,121,PITTSBURG (121),0,NOT APPLICABLE,8,8,3,March,2019,6,Friday,5,5:00am-5:59am,40,40,0,This section IS NOT on the NHS,1,Rural,4,Minor Arterial,1,State Highway Agency,2,U.S. Highway,US-270,,113,113,34.94280000,34.94280000,-95.901200000,-95.901200000,0,No Special Jurisdiction,11,Live Animal,0,The First Harmful Event was Not a Collision with a Motor Vehicle in Transport,0,No,1,Non-Junction,1,Not an Intersection,0,None,,,1,On Roadway,2,Dark - Not Lighted,5,"Fog, Smog, Smoke",0,No Additional Atmospheric Conditions,5,"Fog, Smog, Smoke",0,No,0000000,Not Applicable,5,5:00am-5:59am,44,44,5,5:00am-5:59am,50,50,6,6:00am-6:59am,25,25,0,None,0,None,0,None,1,0
2019,40,400111,Oklahoma,2,2,0,1,1,2,2,109,OKLAHOMA (109),1480,EDMOND,8,8,2,February,2019,6,Friday,6,6:00am-6:59am,50,50,0,This section IS NOT on the NHS,2,Urban,3,Principal Arterial - Other,1,State Highway Agency,2,U.S. Highway,US-77,,0,None,35.65275278,35.65275278,-97.465933330,-97.465933330,0,No Special Jurisdiction,8,Pedestrian,0,The First Harmful Event was Not a Collision with a Motor Vehicle in Transport,0,No,1,Non-Junction,1,Not an Intersection,0,None,,,1,On Roadway,2,Dark - Not Lighted,1,Clear,0,No Additional Atmospheric Conditions,1,Clear,0,No,0000000,Not Applicable,6,6:00am-6:59am,50,50,6,6:00am-6:59am,54,54,7,7:00am-7:59am,14,14,14,"Motor Vehicle struck by falling cargo,or something that came loose from or something that was set in motion by a vehicle",0,None,0,None,1,0
2019,40,400112,Oklahoma,2,2,0,0,0,3,3,27,CLEVELAND (27),3550,OKLAHOMA CITY,6,6,4,April,2019,7,Saturday,19,7:00pm-7:59pm,47,47,0,This section IS NOT on the NHS,2,Urban,3,Principal Arterial - Other,1,State Highway Agency,2,U.S. Highway,US-77H,INDIAN HILLS RD,0,None,35.29070000,35.29070000,-97.405900000,-97.405900000,0,No Special Jurisdiction,12,Motor Vehicle In-Transport,6,Angle,0,No,2,Intersection,2,Four-Way Intersection,0,None,,,1,On Roadway,5,Dusk,10,Cloudy,0,No Additional Atmospheric Conditions,10,Cloudy,0,No,0000000,Not Applicable,99,Unknown,99,Unknown,99,Unknown EMS Scene Arrival Hour,99,Unknown EMS Scene Arrival Minutes,88,Not Applicable (Not Transported),88,Not Applicable (Not Transported),0,None,0,None,0,None,1,0
2019,40,400113,Oklahoma,1,1,0,0,0,1,1,145,WAGONER (145),0,NOT APPLICABLE,10,10,4,April,2019,4,Wednesday,6,6:00am-6:59am,51,51,0,This section IS NOT on the NHS,1,Rural,7,Local,2,County Highway Agency,4,County Road,CR-250,,0,None,35.91536389,35.91536389,-95.440847220,-95.440847220,0,No Special Jurisdiction,42,Tree (Standing Only),0,The First Harmful Event was Not a Collision with a Motor Vehicle in Transport,0,No,1,Non-Junction,1,Not an Intersection,0,None,,,4,On Roadside,4,Dawn,1,Clear,0,No Additional Atmospheric Conditions,1,Clear,0,No,0000000,Not Applicable,7,7:00am-7:59am,11,11,7,7:00am-7:59am,21,21,88,Not Applicable (Not Transported),88,Not Applicable (Not Transported),0,None,0,None,0,None,1,1
2019,40,400114,Oklahoma,2,2,0,0,0,2,2,49,GARVIN (49),0,NOT APPLICABLE,12,12,4,April,2019,6,Friday,6,6:00am-6:59am,39,39,0,This section IS NOT on the NHS,1,Rural,5,Major Collector,1,State Highway Agency,3,State Highway,SR-76,,76,76,34.79120000,34.79120000,-97.598200000,-97.598200000,0,No Special Jurisdiction,12,Motor Vehicle In-Transport,2,Front-to-Front,0,No,1,Non-Junction,1,Not an Intersection,0,None,,,1,On Roadway,2,Dark - Not Lighted,10,Cloudy,0,No Additional Atmospheric Conditions,10,Cloudy,0,No,0000000,Not Applicable,6,6:00am-6:59am,38,38,6,6:00am-6:59am,40,40,7,7:00am-7:59am,41,41,0,None,0,None,0,None,1,0
2019,40,400115,Oklahoma,1,1,0,0,0,1,1,147,WASHINGTON (147),0,NOT APPLICABLE,19,19,4,April,2019,6,Friday,1,1:00am-1:59am,33,33,1,This section IS ON the NHS,1,Rural,3,Principal Arterial - Other,1,State Highway Agency,2,U.S. Highway,US-75,,121,121,36.89910000,36.89910000,-95.914700000,-95.914700000,0,No Special Jurisdiction,1,Rollover/Overturn,0,The First Harmful Event was Not a Collision with a Motor Vehicle in Transport,0,No,1,Non-Junction,1,Not an Intersection,0,None,,,1,On Roadway,2,Dark - Not Lighted,10,Cloudy,0,No Additional Atmospheric Conditions,10,Cloudy,0,No,0000000,Not Applicable,99,Unknown,99,Unknown,99,Unknown EMS Scene Arrival Hour,99,Unknown EMS Scene Arrival Minutes,88,Not Applicable (Not Transported),88,Not Applicable (Not Transported),0,None,0,None,0,None,1,0
2019,40,400116,Oklahoma,2,2,0,1,1,5,5,143,TULSA (143),4780,TULSA,19,19,4,April,2019,6,Friday,21,9:00pm-9:59pm,14,14,0,This section IS NOT on the NHS,2,Urban,4,Minor Arterial,4,City or Municipal Highway Agency,6,Local Street - Municipality,E 31ST ST S,,0,None,36.11900000,36.11900000,-95.865400000,-95.865400000,0,No Special Jurisdiction,8,Pedestrian,0,The First Harmful Event was Not a Collision with a Motor Vehicle in Transport,0,No,1,Non-Junction,1,Not an Intersection,0,None,,,1,On Roadway,2,Dark - Not Lighted,1,Clear,0,No Additional Atmospheric Conditions,1,Clear,0,No,0000000,Not Applicable,21,9:00pm-9:59pm,13,13,21,9:00pm-9:59pm,19,19,88,Not Applicable (Not Transported),88,Not Applicable (Not Transported),0,None,0,None,0,None,1,0
2019,40,400117,Oklahoma,2,2,0,0,0,9,9,109,OKLAHOMA (109),3550,OKLAHOMA CITY,20,20,4,April,2019,7,Saturday,11,11:00am-11:59am,28,28,0,This section IS NOT on the NHS,2,Urban,7,Local,4,City or Municipal Highway Agency,6,Local Street - Municipality,S WESTMINSTER RD,SE 74TH ST,0,None,35.39176111,35.39176111,-97.335505560,-97.335505560,0,No Special Jurisdiction,12,Motor Vehicle In-Transport,6,Angle,0,No,2,Intersection,2,Four-Way Intersection,0,None,,,1,On Roadway,1,Daylight,1,Clear,0,No Additional Atmospheric Conditions,1,Clear,0,No,0000000,Not Applicable,11,11:00am-11:59am,29,29,11,11:00am-11:59am,47,47,12,12:00pm-12:59pm,9,9,0,None,0,None,0,None,1,1
2019,40,400118,Oklahoma,2,2,0,0,0,2,2,27,CLEVELAND (27),3420,NOBLE,3,3,2,February,2019,1,Sunday,11,11:00am-11:59am,0,0,0,This section IS NOT on the NHS,2,Urban,7,Local,2,County Highway Agency,4,County Road,CR-MAGUIRE RD,48TH ST,0,None,35.13139722,35.13139722,-97.370777780,-97.370777780,0,No Special Jurisdiction,12,Motor Vehicle In-Transport,6,Angle,0,No,2,Intersection,3,T-Intersection,0,None,,,1,On Roadway,1,Daylight,1,Clear,0,No Additional Atmospheric Conditions,1,Clear,0,No,0000000,Not Applicable,11,11:00am-11:59am,5,5,11,11:00am-11:59am,8,8,11,11:00am-11:59am,37,37,0,None,0,None,0,None,1,0
2019,40,400119,Oklahoma,2,2,0,0,0,3,3,79,LE FLORE (79),0,NOT APPLICABLE,6,6,4,April,2019,7,Saturday,3,3:00am-3:59am,40,40,0,This section IS NOT on the NHS,1,Rural,5,Major Collector,1,State Highway Agency,3,State Highway,SR-112,CR-OLD SH 112,74,74,35.15020000,35.15020000,-94.522600000,-94.522600000,0,No Special Jurisdiction,12,Motor Vehicle In-Transport,6,Angle,0,No,2,Intersection,2,Four-Way Intersection,0,None,,,1,On Roadway,2,Dark - Not Lighted,10,Cloudy,0,No Additional Atmospheric Conditions,10,Cloudy,0,No,0000000,Not Applicable,99,Unknown,99,Unknown,99,Unknown EMS Scene Arrival Hour,99,Unknown EMS Scene Arrival Minutes,99,Unknown,99,Unknown EMS Hospital Arrival Time,0,None,0,None,0,None,1,0
2019,40,400120,Oklahoma,2,2,0,0,0,5,5,109,OKLAHOMA (109),3550,OKLAHOMA CITY,19,19,4,April,2019,6,Friday,17,5:00pm-5:59pm,40,40,0,This section IS NOT on the NHS,2,Urban,3,Principal Arterial - Other,4,City or Municipal Highway Agency,6,Local Street - Municipality,SW 44TH ST,S VILLA AVE,0,None,35.42070000,35.42070000,-97.556800000,-97.556800000,0,No Special Jurisdiction,12,Motor Vehicle In-Transport,6,Angle,0,No,2,Intersection,2,Four-Way Intersection,0,None,,,1,On Roadway,1,Daylight,10,Cloudy,0,No Additional Atmospheric Conditions,10,Cloudy,0,No,0000000,Not Applicable,17,5:00pm-5:59pm,43,43,17,5:00pm-5:59pm,51,51,18,6:00pm-6:59pm,10,10,20,Police Pursuit Involved,0,None,0,None,2,0
2019,40,400121,Oklahoma,2,2,0,0,0,4,4,49,GARVIN (49),0,NOT APPLICABLE,26,26,3,March,2019,3,Tuesday,17,5:00pm-5:59pm,20,20,0,This section IS NOT on the NHS,1,Rural,5,Major Collector,1,State Highway Agency,2,U.S. Highway,US-77,,0,None,34.74710000,34.74710000,-97.250600000,-97.250600000,0,No Special Jurisdiction,54,"Motor Vehicle In-Transport Strikes or is Struck by Cargo, Persons or Objects Set-in-Motion from/by Another Motor Vehicle In Transport",11,Other,0,No,1,Non-Junction,1,Not an Intersection,0,None,,,1,On Roadway,1,Daylight,1,Clear,0,No Additional Atmospheric Conditions,1,Clear,0,No,0000000,Not Applicable,99,Unknown,98,Unknown if Notified,99,Unknown EMS Scene Arrival Hour,98,Unknown if Arrived,88,Not Applicable (Not Transported),88,Not Applicable (Not Transported),14,"Motor Vehicle struck by falling cargo,or something that came loose from or something that was set in motion by a vehicle",0,None,0,None,2,0
2019,40,400122,Oklahoma,2,2,0,0,0,2,2,143,TULSA (143),0,NOT APPLICABLE,28,28,3,March,2019,5,Thursday,19,7:00pm-7:59pm,30,30,0,This section IS NOT on the NHS,1,Rural,4,Minor Arterial,1,State Highway Agency,3,State Highway,SR-151,WEKIWA RD,20,20,36.15460000,36.15460000,-96.249900000,-96.249900000,0,No Special Jurisdiction,12,Motor Vehicle In-Transport,6,Angle,0,No,2,Intersection,2,Four-Way Intersection,0,None,,,1,On Roadway,5,Dusk,10,Cloudy,0,No Additional Atmospheric Conditions,10,Cloudy,0,No,0000000,Not Applicable,19,7:00pm-7:59pm,31,31,19,7:00pm-7:59pm,44,44,20,8:00pm-8:59pm,37,37,0,None,0,None,0,None,1,1
2019,40,400123,Oklahoma,2,2,0,0,0,2,2,143,TULSA (143),4780,TULSA,2,2,4,April,2019,3,Tuesday,21,9:00pm-9:59pm,44,44,0,This section IS NOT on the NHS,2,Urban,4,Minor Arterial,4,City or Municipal Highway Agency,6,Local Street - Municipality,SOUTHWEST BLVD,,0,None,36.13030000,36.13030000,-96.006900000,-96.006900000,0,No Special Jurisdiction,12,Motor Vehicle In-Transport,6,Angle,0,No,8,Driveway Access Related,1,Not an Intersection,0,None,,,1,On Roadway,3,Dark - Lighted,1,Clear,0,No Additional Atmospheric Conditions,1,Clear,0,No,0000000,Not Applicable,21,9:00pm-9:59pm,46,46,21,9:00pm-9:59pm,52,52,22,10:00pm-10:59pm,5,5,0,None,0,None,0,None,1,0
2019,40,400124,Oklahoma,1,1,0,0,0,1,1,141,TILLMAN (141),0,NOT APPLICABLE,20,20,4,April,2019,7,Saturday,0,0:00am-0:59am,41,41,0,This section IS NOT on the NHS,1,Rural,5,Major Collector,1,State Highway Agency,2,U.S. Highway,US-70,,267,267,34.23170000,34.23170000,-98.672300000,-98.672300000,0,No Special Jurisdiction,1,Rollover/Overturn,0,The First Harmful Event was Not a Collision with a Motor Vehicle in Transport,0,No,1,Non-Junction,1,Not an Intersection,0,None,,,4,On Roadside,2,Dark - Not Lighted,1,Clear,0,No Additional Atmospheric Conditions,1,Clear,0,No,0000000,Not Applicable,0,0:00am-0:59am,24,24,0,0:00am-0:59am,32,32,1,1:00am-1:59am,50,50,0,None,0,None,0,None,1,0
2019,40,400125,Oklahoma,1,1,0,1,1,1,1,109,OKLAHOMA (109),3550,OKLAHOMA CITY,24,24,4,April,2019,4,Wednesday,20,8:00pm-8:59pm,56,56,0,This section IS NOT on the NHS,2,Urban,4,Minor Arterial,4,City or Municipal Highway Agency,6,Local Street - Municipality,N WESTERN AVE,,0,None,35.57870000,35.57870000,-97.531300000,-97.531300000,0,No Special Jurisdiction,8,Pedestrian,0,The First Harmful Event was Not a Collision with a Motor Vehicle in Transport,0,No,1,Non-Junction,1,Not an Intersection,0,None,,,1,On Roadway,2,Dark - Not Lighted,10,Cloudy,0,No Additional Atmospheric Conditions,10,Cloudy,0,No,0000000,Not Applicable,20,8:00pm-8:59pm,57,57,21,9:00pm-9:59pm,5,5,21,9:00pm-9:59pm,36,36,0,None,0,None,0,None,1,0
2019,40,400126,Oklahoma,1,1,0,0,0,2,2,143,TULSA (143),4780,TULSA,4,4,4,April,2019,5,Thursday,23,11:00pm-11:59pm,15,15,0,This section IS NOT on the NHS,2,Urban,3,Principal Arterial - Other,4,City or Municipal Highway Agency,6,Local Street - Municipality,RIVERSIDE DR,,0,None,36.07960000,36.07960000,-95.984000000,-95.984000000,0,No Special Jurisdiction,33,Curb,0,The First Harmful Event was Not a Collision with a Motor Vehicle in Transport,0,No,1,Non-Junction,1,Not an Intersection,0,None,,,3,On Median,2,Dark - Not Lighted,1,Clear,0,No Additional Atmospheric Conditions,1,Clear,0,No,0000000,Not Applicable,23,11:00pm-11:59pm,20,20,23,11:00pm-11:59pm,28,28,23,11:00pm-11:59pm,48,48,0,None,0,None,0,None,1,1
2019,40,400127,Oklahoma,1,1,0,0,0,3,3,135,SEQUOYAH (135),0,NOT APPLICABLE,13,13,4,April,2019,7,Saturday,15,3:00pm-3:59pm,0,0,1,This section IS ON the NHS,1,Rural,1,Interstate,1,State Highway Agency,1,Interstate,I-40,,0,None,35.42550000,35.42550000,-94.709300000,-94.709300000,0,No Special Jurisdiction,34,Ditch,0,The First Harmful Event was Not a Collision with a Motor Vehicle in Transport,0,No,1,Non-Junction,1,Not an Intersection,0,None,,,3,On Median,1,Daylight,2,Rain,0,No Additional Atmospheric Conditions,2,Rain,0,No,0000000,Not Applicable,15,3:00pm-3:59pm,3,3,15,3:00pm-3:59pm,17,17,16,4:00pm-4:59pm,7,7,0,None,0,None,0,None,1,0
2019,40,400129,Oklahoma,2,2,0,0,0,2,2,5,ATOKA (5),0,NOT APPLICABLE,19,19,4,April,2019,6,Friday,3,3:00am-3:59am,45,45,0,This section IS NOT on the NHS,1,Rural,5,Major Collector,1,State Highway Agency,3,State Highway,SR-7,,115,115,34.37460000,34.37460000,-96.214800000,-96.214800000,0,No Special Jurisdiction,11,Live Animal,0,The First Harmful Event was Not a Collision with a Motor Vehicle in Transport,0,No,1,Non-Junction,1,Not an Intersection,0,None,,,1,On Roadway,2,Dark - Not Lighted,1,Clear,0,No Additional Atmospheric Conditions,1,Clear,0,No,0000000,Not Applicable,3,3:00am-3:59am,47,47,3,3:00am-3:59am,56,56,6,6:00am-6:59am,0,0,0,None,0,None,0,None,2,0
2019,40,400130,Oklahoma,3,3,0,0,0,5,5,21,CHEROKEE (21),0,NOT APPLICABLE,24,24,4,April,2019,4,Wednesday,9,9:00am-9:59am,36,36,0,This section IS NOT on the NHS,1,Rural,5,Major Collector,1,State Highway Agency,3,State Highway,SR-100,,20,20,35.76530000,35.76530000,-94.866700000,-94.866700000,0,No Special Jurisdiction,12,Motor Vehicle In-Transport,2,Front-to-Front,0,No,1,Non-Junction,1,Not an Intersection,0,None,,,1,On Roadway,1,Daylight,10,Cloudy,0,No Additional Atmospheric Conditions,10,Cloudy,0,No,0000000,Not Applicable,99,Unknown,99,Unknown,99,Unknown EMS Scene Arrival Hour,99,Unknown EMS Scene Arrival Minutes,99,Unknown,99,Unknown EMS Hospital Arrival Time,14,"Motor Vehicle struck by falling cargo,or something that came loose from or something that was set in motion by a vehicle",0,None,0,None,1,0
2019,40,400131,Oklahoma,1,1,0,0,0,1,1,91,MCINTOSH (91),0,NOT APPLICABLE,25,25,4,April,2019,5,Thursday,17,5:00pm-5:59pm,40,40,0,This section IS NOT on the NHS,1,Rural,7,Local,11,"State Park, Forest, or Reservation Agency",6,Local Street - Municipality,GENTRY CREEK CIRCLE DR,,0,None,35.49770000,35.49770000,-95.665300000,-95.665300000,0,No Special Jurisdiction,1,Rollover/Overturn,0,The First Harmful Event was Not a Collision with a Motor Vehicle in Transport,0,No,1,Non-Junction,1,Not an Intersection,0,None,,,4,On Roadside,1,Daylight,10,Cloudy,0,No Additional Atmospheric Conditions,10,Cloudy,0,No,0000000,Not Applicable,99,Unknown,99,Unknown,99,Unknown EMS Scene Arrival Hour,99,Unknown EMS Scene Arrival Minutes,88,Not Applicable (Not Transported),88,Not Applicable (Not Transported),0,None,0,None,0,None,1,1