caseyear,state,st_case,statename,ve_total,ve_forms,pvh_invl,peds,pernotmvit,permvit,persons,county,countyname,city,cityname,day,dayname,month,monthname,year,day_week,day_weekname,hour,hourname,minute,minutename,nhs,nhsname,rur_urb,rur_urbname,func_sys,func_sysname,rd_owner,rd_ownername,route,routename,tway_id,tway_id2,milept,mileptname,latitude,latitudename,longitud,longitudname,sp_jur,sp_jurname,harm_ev,harm_evname,man_coll,man_collname,reljct1,reljct1name,reljct2,reljct2name,typ_int,typ_intname,wrk_zone,wrk_zonename,road_fnc,road_fncname,rel_road,rel_roadname,lgt_cond,lgt_condname,weather1,weather1name,weather2,weather2name,weather,weathername,sch_bus,sch_busname,rail,railname,not_hour,not_hourname,not_min,not_minname,arr_hour,arr_hourname,arr_min,arr_minname,hosp_hr,hosp_hrname,hosp_mn,hosp_mnname,cf1,cf1name,cf2,cf2name,cf3,cf3name,fatals,drunk_dr
2019,40,400132,Oklahoma,1,1,0,0,0,1,1,1,ADAIR (1),0,NOT APPLICABLE,26,26,4,April,2019,6,Friday,1,1:00am-1:59am,2,2,0,This section IS NOT on the NHS,1,Rural,7,Local,2,County Highway Agency,4,County Road,CR-940,,0,None,35.64110000,35.64110000,-94.678300000,-94.678300000,0,No Special Jurisdiction,1,Rollover/Overturn,0,The First Harmful Event was Not a Collision with a Motor Vehicle in Transport,0,No,1,Non-Junction,1,Not an Intersection,0,None,,,4,On Roadside,2,Dark - Not Lighted,10,Cloudy,0,No Additional Atmospheric Conditions,10,Cloudy,0,No,0000000,Not Applicable,0,0:00am-0:59am,55,55,1,1:00am-1:59am,13,13,88,Not Applicable (Not Transported),88,Not Applicable (Not Transported),0,None,0,None,0,None,1,1
2019,40,400133,Oklahoma,1,1,0,1,1,1,1,109,OKLAHOMA (109),3550,OKLAHOMA CITY,20,20,4,April,2019,7,Saturday,0,0:00am-0:59am,41,41,1,This section IS ON the NHS,2,Urban,1,Interstate,1,State Highway Agency,1,Interstate,I-44 EXIT RAMP,,0,None,35.43470000,35.43470000,-97.570400000,-97.570400000,0,No Special Jurisdiction,8,Pedestrian,0,The First Harmful Event was Not a Collision with a Motor Vehicle in Transport,1,Yes,20,Entrance/Exit Ramp,1,Not an Intersection,0,None,,,1,On Roadway,3,Dark - Lighted,1,Clear,0,No Additional Atmospheric Conditions,1,Clear,0,No,0000000,Not Applicable,0,0:00am-0:59am,42,42,0,0:00am-0:59am,45,45,1,1:00am-1:59am,10,10,0,None,0,None,0,None,1,0
2019,40,400134,Oklahoma,1,1,0,2,2,1,1,143,TULSA (143),4780,TULSA,23,23,4,April,2019,3,Tuesday,20,8:00pm-8:59pm,30,30,0,This section IS NOT on the NHS,2,Urban,3,Principal Arterial - Other,4,City or Municipal Highway Agency,6,Local Street - Municipality,RIVERSIDE DR,,0,None,36.11910000,36.11910000,-95.984900000,-95.984900000,0,No Special Jurisdiction,15,Non-Motorist on Personal Conveyance,0,The First Harmful Event was Not a Collision with a Motor Vehicle in Transport,0,No,1,Non-Junction,1,Not an Intersection,0,None,,,1,On Roadway,2,Dark - Not Lighted,10,Cloudy,0,No Additional Atmospheric Conditions,10,Cloudy,0,No,0000000,Not Applicable,20,8:00pm-8:59pm,29,29,20,8:00pm-8:59pm,37,37,20,8:00pm-8:59pm,53,53,0,None,0,None,0,None,1,0
2019,40,400135,Oklahoma,2,2,0,0,0,2,2,11,BLAINE (11),0,NOT APPLICABLE,26,26,4,April,2019,6,Friday,9,9:00am-9:59am,43,43,1,This section IS ON the NHS,1,Rural,3,Principal Arterial - Other,1,State Highway Agency,3,State Highway,SR-3,,10,10,35.84100000,35.84100000,-98.223700000,-98.223700000,0,No Special Jurisdiction,12,Motor Vehicle In-Transport,6,Angle,0,No,1,Non-Junction,1,Not an Intersection,0,None,,,1,On Roadway,1,Daylight,1,Clear,0,No Additional Atmospheric Conditions,1,Clear,0,No,0000000,Not Applicable,9,9:00am-9:59am,49,49,10,10:00am-10:59am,2,2,99,Unknown,99,Unknown EMS Hospital Arrival Time,0,None,0,None,0,None,1,0
2019,40,400136,Oklahoma,2,2,0,0,0,2,2,125,POTTAWATOMIE (125),0,NOT APPLICABLE,3,3,5,May,2019,6,Friday,10,10:00am-10:59am,28,28,1,This section IS ON the NHS,1,Rural,3,Principal Arterial - Other,1,State Highway Agency,3,State Highway,SR-99,,23,23,35.43350000,35.43350000,-96.665200000,-96.665200000,0,No Special Jurisdiction,12,Motor Vehicle In-Transport,6,Angle,0,No,1,Non-Junction,1,Not an Intersection,0,None,,,1,On Roadway,1,Daylight,1,Clear,0,No Additional Atmospheric Conditions,1,Clear,0,No,0000000,Not Applicable,10,10:00am-10:59am,32,32,10,10:00am-10:59am,38,38,88,Not Applicable (Not Transported),88,Not Applicable (Not Transported),0,None,0,None,0,None,1,0
2019,40,400137,Oklahoma,2,2,0,0,0,5,5,101,MUSKOGEE (101),0,NOT APPLICABLE,3,3,5,May,2019,6,Friday,15,3:00pm-3:59pm,45,45,0,This section IS NOT on the NHS,1,Rural,4,Minor Arterial,1,State Highway Agency,3,State Highway,SR-2,,144,144,35.46010000,35.46010000,-95.288000000,-95.288000000,0,No Special Jurisdiction,12,Motor Vehicle In-Transport,2,Front-to-Front,0,No,1,Non-Junction,1,Not an Intersection,0,None,,,1,On Roadway,1,Daylight,2,Rain,0,No Additional Atmospheric Conditions,2,Rain,0,No,0000000,Not Applicable,15,3:00pm-3:59pm,42,42,15,3:00pm-3:59pm,47,47,17,5:00pm-5:59pm,31,31,0,None,0,None,0,None,1,0
2019,40,400138,Oklahoma,1,1,0,0,0,1,1,105,NOWATA (105),0,NOT APPLICABLE,4,4,5,May,2019,7,Saturday,23,11:00pm-11:59pm,0,0,0,This section IS NOT on the NHS,1,Rural,5,Major Collector,2,County Highway Agency,4,County Road,CR-EW3,,0,None,36.97120000,36.97120000,-95.604300000,-95.604300000,0,No Special Jurisdiction,34,Ditch,0,The First Harmful Event was Not a Collision with a Motor Vehicle in Transport,0,No,1,Non-Junction,1,Not an Intersection,0,None,,,4,On Roadside,3,Dark - Lighted,1,Clear,0,No Additional Atmospheric Conditions,1,Clear,0,No,0000000,Not Applicable,99,Unknown,99,Unknown,99,Unknown EMS Scene Arrival Hour,99,Unknown EMS Scene Arrival Minutes,88,Not Applicable (Not Transported),88,Not Applicable (Not Transported),0,None,0,None,0,None,1,1
2019,40,400139,Oklahoma,1,1,0,0,0,2,2,51,GRADY (51),3416,NINNEKAH,15,15,2,February,2019,6,Friday,9,9:00am-9:59am,25,25,0,This section IS NOT on the NHS,1,Rural,7,Local,2,County Highway Agency,4,County Road,CR-1430,,0,None,34.94223056,34.94223056,-97.930547220,-97.930547220,0,No Special Jurisdiction,10,Railway Vehicle,0,The First Harmful Event was Not a Collision with a Motor Vehicle in Transport,0,No,6,Railway Grade Crossing,1,Not an Intersection,0,None,,,1,On Roadway,1,Daylight,10,Cloudy,0,No Additional Atmospheric Conditions,10,Cloudy,0,No,595536Y,595536Y,99,Unknown,98,Unknown if Notified,99,Unknown EMS Scene Arrival Hour,98,Unknown if Arrived,88,Not Applicable (Not Transported),88,Not Applicable (Not Transported),0,None,0,None,0,None,2,0
2019,40,400140,Oklahoma,3,3,0,0,0,4,4,101,MUSKOGEE (101),0,NOT APPLICABLE,7,7,4,April,2019,1,Sunday,12,12:00pm-12:59pm,56,56,1,This section IS ON the NHS,1,Rural,3,Principal Arterial - Other,1,State Highway Agency,2,U.S. Highway,US-69,CR-OKTAHA RD,104,104,35.67930000,35.67930000,-95.415000000,-95.415000000,0,No Special Jurisdiction,12,Motor Vehicle In-Transport,6,Angle,0,No,2,Intersection,3,T-Intersection,0,None,,,1,On Roadway,1,Daylight,10,Cloudy,0,No Additional Atmospheric Conditions,10,Cloudy,0,No,0000000,Not Applicable,12,12:00pm-12:59pm,53,53,13,1:00pm-1:59pm,6,6,14,2:00pm-2:59pm,0,0,0,None,0,None,0,None,1,0
2019,40,400141,Oklahoma,1,1,0,1,1,1,1,109,OKLAHOMA (109),3550,OKLAHOMA CITY,8,8,4,April,2019,2,Monday,7,7:00am-7:59am,19,19,0,This section IS NOT on the NHS,2,Urban,3,Principal Arterial - Other,4,City or Municipal Highway Agency,6,Local Street - Municipality,NW 63RD ST,,0,None,35.53650000,35.53650000,-97.564200000,-97.564200000,0,No Special Jurisdiction,8,Pedestrian,0,The First Harmful Event was Not a Collision with a Motor Vehicle in Transport,0,No,1,Non-Junction,1,Not an Intersection,0,None,,,1,On Roadway,1,Daylight,1,Clear,0,No Additional Atmospheric Conditions,1,Clear,0,No,0000000,Not Applicable,7,7:00am-7:59am,20,20,99,Unknown EMS Scene Arrival Hour,97,Officially Cancelled,99,Unknown,97,Officially Canceled,0,None,0,None,0,None,1,0
2019,40,400142,Oklahoma,2,2,0,0,0,2,2,125,POTTAWATOMIE (125),1460,EARLSBORO,6,6,5,May,2019,2,Monday,1,1:00am-1:59am,6,6,0,This section IS NOT on the NHS,1,Rural,5,Major Collector,1,State Highway Agency,3,State Highway,SR-9A,,0,None,35.38280000,35.38280000,-96.807100000,-96.807100000,0,No Special Jurisdiction,12,Motor Vehicle In-Transport,6,Angle,0,No,8,Driveway Access Related,1,Not an Intersection,0,None,,,1,On Roadway,2,Dark - Not Lighted,2,Rain,0,No Additional Atmospheric Conditions,2,Rain,0,No,0000000,Not Applicable,1,1:00am-1:59am,4,4,1,1:00am-1:59am,17,17,1,1:00am-1:59am,44,44,0,None,0,None,0,None,1,0
2019,40,400143,Oklahoma,2,2,0,0,0,2,2,109,OKLAHOMA (109),3550,OKLAHOMA CITY,6,6,5,May,2019,2,Monday,17,5:00pm-5:59pm,48,48,0,This section IS NOT on the NHS,2,Urban,3,Principal Arterial - Other,1,State Highway Agency,2,U.S. Highway,US-62,,0,None,35.49320278,35.49320278,-97.443997220,-97.443997220,0,No Special Jurisdiction,12,Motor Vehicle In-Transport,6,Angle,0,No,1,Non-Junction,1,Not an Intersection,0,None,,,1,On Roadway,1,Daylight,10,Cloudy,0,No Additional Atmospheric Conditions,10,Cloudy,0,No,0000000,Not Applicable,17,5:00pm-5:59pm,45,45,17,5:00pm-5:59pm,50,50,18,6:00pm-6:59pm,22,22,0,None,0,None,0,None,1,0
2019,40,400144,Oklahoma,2,2,0,0,0,6,6,103,NOBLE (103),0,NOT APPLICABLE,7,7,5,May,2019,3,Tuesday,16,4:00pm-4:59pm,1,1,0,This section IS NOT on the NHS,1,Rural,4,Minor Arterial,1,State Highway Agency,2,U.S. Highway,US-177,,41,41,36.46170000,36.46170000,-97.068100000,-97.068100000,0,No Special Jurisdiction,12,Motor Vehicle In-Transport,6,Angle,0,No,1,Non-Junction,1,Not an Intersection,0,None,,,1,On Roadway,1,Daylight,1,Clear,0,No Additional Atmospheric Conditions,1,Clear,0,No,0000000,Not Applicable,16,4:00pm-4:59pm,21,21,16,4:00pm-4:59pm,36,36,17,5:00pm-5:59pm,24,24,0,None,0,None,0,None,1,0
2019,40,400145,Oklahoma,2,1,1,0,2,1,3,15,CADDO (15),0,NOT APPLICABLE,8,8,5,May,2019,4,Wednesday,4,4:00am-4:59am,46,46,1,This section IS ON the NHS,1,Rural,1,Interstate,1,State Highway Agency,1,Interstate,I-40,,0,None,35.53000000,35.53000000,-98.528400000,-98.528400000,0,No Special Jurisdiction,14,Parked Motor Vehicle,0,The First Harmful Event was Not a Collision with a Motor Vehicle in Transport,0,No,1,Non-Junction,1,Not an Intersection,0,None,,,2,On Shoulder,2,Dark - Not Lighted,2,Rain,0,No Additional Atmospheric Conditions,2,Rain,0,No,0000000,Not Applicable,99,Unknown,99,Unknown,99,Unknown EMS Scene Arrival Hour,99,Unknown EMS Scene Arrival Minutes,99,Unknown,99,Unknown EMS Hospital Arrival Time,0,None,0,None,0,None,1,0
2019,40,400146,Oklahoma,1,1,0,0,0,2,2,47,GARFIELD (47),0,NOT APPLICABLE,12,12,5,May,2019,1,Sunday,22,10:00pm-10:59pm,35,35,0,This section IS NOT on the NHS,1,Rural,7,Local,2,County Highway Agency,4,County Road,CR-HAYWARD,,0,None,36.28940000,36.28940000,-97.988300000,-97.988300000,0,No Special Jurisdiction,58,Ground,0,The First Harmful Event was Not a Collision with a Motor Vehicle in Transport,0,No,1,Non-Junction,1,Not an Intersection,0,None,,,1,On Roadway,2,Dark - Not Lighted,1,Clear,0,No Additional Atmospheric Conditions,1,Clear,0,No,0000000,Not Applicable,22,10:00pm-10:59pm,49,49,23,11:00pm-11:59pm,12,12,88,Not Applicable (Not Transported),88,Not Applicable (Not Transported),7,"Surface Washed Out(caved-in, road slippage)",0,None,0,None,1,1
2019,40,400147,Oklahoma,2,2,0,0,0,3,3,109,OKLAHOMA (109),3550,OKLAHOMA CITY,14,14,5,May,2019,3,Tuesday,21,9:00pm-9:59pm,20,20,0,This section IS NOT on the NHS,2,Urban,3,Principal Arterial - Other,4,City or Municipal Highway Agency,6,Local Street - Municipality,S MERIDIAN AVE,SW 22ND ST,0,None,35.44245278,35.44245278,-97.601063890,-97.601063890,0,No Special Jurisdiction,12,Motor Vehicle In-Transport,6,Angle,0,No,2,Intersection,3,T-Intersection,0,None,,,1,On Roadway,3,Dark - Lighted,10,Cloudy,0,No Additional Atmospheric Conditions,10,Cloudy,0,No,0000000,Not Applicable,21,9:00pm-9:59pm,21,21,21,9:00pm-9:59pm,28,28,21,9:00pm-9:59pm,51,51,0,None,0,None,0,None,1,2
2019,40,400148,Oklahoma,6,6,0,0,0,7,7,27,CLEVELAND (27),3430,NORMAN,5,5,2,February,2019,3,Tuesday,11,11:00am-11:59am,50,50,0,This section IS NOT on the NHS,2,Urban,3,Principal Arterial - Other,1,State Highway Agency,2,U.S. Highway,US-77,W TECUMSEH RD,0,None,35.26221111,35.26221111,-97.474594440,-97.474594440,0,No Special Jurisdiction,12,Motor Vehicle In-Transport,1,Front-to-Rear,0,No,3,Intersection-Related,2,Four-Way Intersection,0,None,,,1,On Roadway,1,Daylight,5,"Fog, Smog, Smoke",0,No Additional Atmospheric Conditions,5,"Fog, Smog, Smoke",0,No,0000000,Not Applicable,11,11:00am-11:59am,50,50,11,11:00am-11:59am,54,54,12,12:00pm-12:59pm,25,25,14,"Motor Vehicle struck by falling cargo,or something that came loose from or something that was set in motion by a vehicle",0,None,0,None,1,0
2019,40,400149,Oklahoma,1,1,0,0,0,1,1,121,PITTSBURG (121),0,NOT APPLICABLE,19,19,4,April,2019,6,Friday,99,Unknown Hours,99,Unknown Minutes,1,This section IS ON the NHS,2,Urban,3,Principal Arterial - Other,31,State Toll Road,8,Other,INDIAN NATION TURNPIKE,,175,175,35.10300000,35.10300000,-95.889900000,-95.889900000,0,No Special Jurisdiction,35,Embankment,0,The First Harmful Event was Not a Collision with a Motor Vehicle in Transport,0,No,1,Non-Junction,1,Not an Intersection,0,None,,,4,On Roadside,9,Reported as Unknown,10,Cloudy,0,No Additional Atmospheric Conditions,10,Cloudy,0,No,0000000,Not Applicable,7,7:00am-7:59am,51,51,8,8:00am-8:59am,12,12,9,9:00am-9:59am,2,2,0,None,0,None,0,None,1,1
2019,40,400150,Oklahoma,2,2,0,0,0,2,2,71,KAY (71),0,NOT APPLICABLE,26,26,4,April,2019,6,Friday,22,10:00pm-10:59pm,42,42,1,This section IS ON the NHS,1,Rural,1,Interstate,1,State Highway Agency,1,Interstate,I-35,,0,None,36.74400000,36.74400000,-97.346000000,-97.346000000,0,No Special Jurisdiction,12,Motor Vehicle In-Transport,1,Front-to-Rear,0,No,1,Non-Junction,1,Not an Intersection,0,None,,,1,On Roadway,2,Dark - Not Lighted,10,Cloudy,0,No Additional Atmospheric Conditions,10,Cloudy,0,No,0000000,Not Applicable,99,Unknown,99,Unknown,99,Unknown EMS Scene Arrival Hour,99,Unknown EMS Scene Arrival Minutes,88,Not Applicable (Not Transported),88,Not Applicable (Not Transported),0,None,0,None,0,None,1,0
2019,40,400151,Oklahoma,2,2,0,0,0,6,6,109,OKLAHOMA (109),3550,OKLAHOMA CITY,5,5,5,May,2019,1,Sunday,20,8:00pm-8:59pm,42,42,0,This section IS NOT on the NHS,2,Urban,4,Minor Arterial,4,City or Municipal Highway Agency,6,Local Street - Municipality,SW 29TH ST,,0,None,35.43510000,35.43510000,-97.560600000,-97.560600000,0,No Special Jurisdiction,12,Motor Vehicle In-Transport,6,Angle,0,No,8,Driveway Access Related,1,Not an Intersection,0,None,,,1,On Roadway,5,Dusk,10,Cloudy,0,No Additional Atmospheric Conditions,10,Cloudy,0,No,0000000,Not Applicable,20,8:00pm-8:59pm,42,42,20,8:00pm-8:59pm,45,45,21,9:00pm-9:59pm,32,32,0,None,0,None,0,None,1,0
2019,40,400152,Oklahoma,2,2,0,1,1,2,2,109,OKLAHOMA (109),3550,OKLAHOMA CITY,6,6,5,May,2019,2,Monday,22,10:00pm-10:59pm,42,42,1,This section IS ON the NHS,2,Urban,1,Interstate,1,State Highway Agency,1,Interstate,I-35,,0,None,35.43490000,35.43490000,-97.486100000,-97.486100000,0,No Special Jurisdiction,8,Pedestrian,0,The First Harmful Event was Not a Collision with a Motor Vehicle in Transport,0,No,1,Non-Junction,1,Not an Intersection,0,None,,,1,On Roadway,3,Dark - Lighted,1,Clear,0,No Additional Atmospheric Conditions,1,Clear,0,No,0000000,Not Applicable,22,10:00pm-10:59pm,43,43,22,10:00pm-10:59pm,47,47,88,Not Applicable (Not Transported),88,Not Applicable (Not Transported),0,None,0,None,0,None,1,0
2019,40,400153,Oklahoma,1,1,0,0,0,1,1,11,BLAINE (11),0,NOT APPLICABLE,13,13,5,May,2019,2,Monday,2,2:00am-2:59am,25,25,0,This section IS NOT on the NHS,1,Rural,7,Local,2,County Highway Agency,4,County Road,CR-EW630,,0,None,36.10120000,36.10120000,-98.541500000,-98.541500000,0,No Special Jurisdiction,42,Tree (Standing Only),0,The First Harmful Event was Not a Collision with a Motor Vehicle in Transport,0,No,1,Non-Junction,1,Not an Intersection,0,None,,,4,On Roadside,2,Dark - Not Lighted,1,Clear,0,No Additional Atmospheric Conditions,1,Clear,0,No,0000000,Not Applicable,2,2:00am-2:59am,48,48,3,3:00am-3:59am,1,1,88,Not Applicable (Not Transported),88,Not Applicable (Not Transported),0,None,0,None,0,None,1,1
2019,40,400154,Oklahoma,2,2,0,0,0,5,5,117,PAWNEE (117),0,NOT APPLICABLE,15,15,5,May,2019,4,Wednesday,10,10:00am-10:59am,33,33,0,This section IS NOT on the NHS,1,Rural,4,Minor Arterial,1,State Highway Agency,3,State Highway,SR-64,SR-18,107,107,36.31500000,36.31500000,-96.779200000,-96.779200000,0,No Special Jurisdiction,12,Motor Vehicle In-Transport,6,Angle,0,No,3,Intersection-Related,3,T-Intersection,0,None,,,1,On Roadway,1,Daylight,1,Clear,0,No Additional Atmospheric Conditions,1,Clear,0,No,0000000,Not Applicable,10,10:00am-10:59am,41,41,11,11:00am-11:59am,16,16,11,11:00am-11:59am,16,16,0,None,0,None,0,None,2,0
2019,40,400155,Oklahoma,1,1,0,0,0,1,1,143,TULSA (143),4780,TULSA,16,16,5,May,2019,5,Thursday,2,2:00am-2:59am,15,15,0,This section IS NOT on the NHS,2,Urban,4,Minor Arterial,4,City or Municipal Highway Agency,6,Local Street - Municipality,SOUTHWEST BLVD,,0,None,36.10450000,36.10450000,-96.020800000,-96.020800000,0,No Special Jurisdiction,33,Curb,0,The First Harmful Event was Not a Collision with a Motor Vehicle in Transport,0,No,1,Non-Junction,1,Not an Intersection,0,None,,,4,On Roadside,3,Dark - Lighted,1,Clear,0,No Additional Atmospheric Conditions,1,Clear,0,No,0000000,Not Applicable,2,2:00am-2:59am,15,15,2,2:00am-2:59am,20,20,88,Not Applicable (Not Transported),88,Not Applicable (Not Transported),0,None,0,None,0,None,1,1
2019,40,400157,Oklahoma,2,2,0,0,0,2,2,143,TULSA (143),0,NOT APPLICABLE,18,18,5,May,2019,7,Saturday,10,10:00am-10:59am,37,37,0,This section IS NOT on the NHS,1,Rural,5,Major Collector,2,County Highway Agency,4,County Road,CR-51ST ST S,,0,None,36.08840000,36.08840000,-96.072200000,-96.072200000,0,No Special Jurisdiction,12,Motor Vehicle In-Transport,6,Angle,0,No,1,Non-Junction,1,Not an Intersection,0,None,,,1,On Roadway,1,Daylight,2,Rain,0,No Additional Atmospheric Conditions,2,Rain,0,No,0000000,Not Applicable,99,Unknown,98,Unknown if Notified,99,Unknown EMS Scene Arrival Hour,98,Unknown if Arrived,88,Not Applicable (Not Transported),88,Not Applicable (Not Transported),0,None,0,None,0,None,1,1
2019,40,400158,Oklahoma,1,1,0,1,1,1,1,109,OKLAHOMA (109),3550,OKLAHOMA CITY,18,18,5,May,2019,7,Saturday,23,11:00pm-11:59pm,23,23,1,This section IS ON the NHS,2,Urban,1,Interstate,1,State Highway Agency,1,Interstate,I-40,,0,None,35.46010000,35.46010000,-97.618100000,-97.618100000,0,No Special Jurisdiction,8,Pedestrian,0,The First Harmful Event was Not a Collision with a Motor Vehicle in Transport,0,No,1,Non-Junction,1,Not an Intersection,0,None,,,1,On Roadway,3,Dark - Lighted,1,Clear,0,No Additional Atmospheric Conditions,1,Clear,0,No,0000000,Not Applicable,23,11:00pm-11:59pm,28,28,23,11:00pm-11:59pm,35,35,88,Not Applicable (Not Transported),88,Not Applicable (Not Transported),0,None,0,None,0,None,1,1
2019,40,400159,Oklahoma,1,1,0,0,0,2,2,97,MAYES (97),0,NOT APPLICABLE,27,27,4,April,2019,7,Saturday,0,0:00am-0:59am,55,55,0,This section IS NOT on the NHS,1,Rural,5,Major Collector,2,County Highway Agency,4,County Road,CR-S437,,0,None,36.25580000,36.25580000,-95.220100000,-95.220100000,0,No Special Jurisdiction,42,Tree (Standing Only),0,The First Harmful Event was Not a Collision with a Motor Vehicle in Transport,0,No,1,Non-Junction,1,Not an Intersection,0,None,,,4,On Roadside,2,Dark - Not Lighted,10,Cloudy,0,No Additional Atmospheric Conditions,10,Cloudy,0,No,0000000,Not Applicable,0,0:00am-0:59am,58,58,1,1:00am-1:59am,10,10,2,2:00am-2:59am,18,18,0,None,0,None,0,None,1,0
2019,40,400160,Oklahoma,1,1,0,0,0,1,1,61,HASKELL (61),0,NOT APPLICABLE,6,6,5,May,2019,2,Monday,15,3:00pm-3:59pm,10,10,0,This section IS NOT on the NHS,1,Rural,5,Major Collector,2,County Highway Agency,4,County Road,CR-E1270,,0,None,35.17430000,35.17430000,-95.272700000,-95.272700000,0,No Special Jurisdiction,1,Rollover/Overturn,0,The First Harmful Event was Not a Collision with a Motor Vehicle in Transport,0,No,1,Non-Junction,1,Not an Intersection,0,None,,,4,On Roadside,1,Daylight,1,Clear,0,No Additional Atmospheric Conditions,1,Clear,0,No,0000000,Not Applicable,15,3:00pm-3:59pm,1,1,15,3:00pm-3:59pm,18,18,88,Not Applicable (Not Transported),88,Not Applicable (Not Transported),0,None,0,None,0,None,1,1
2019,40,400161,Oklahoma,1,1,0,0,0,1,1,89,MCCURTAIN (89),0,NOT APPLICABLE,12,12,5,May,2019,1,Sunday,7,7:00am-7:59am,0,0,0,This section IS NOT on the NHS,1,Rural,3,Principal Arterial - Other,1,State Highway Agency,2,U.S. Highway,US-259,,136,136,33.82290000,33.82290000,-94.826500000,-94.826500000,0,No Special Jurisdiction,32,Culvert,0,The First Harmful Event was Not a Collision with a Motor Vehicle in Transport,0,No,1,Non-Junction,1,Not an Intersection,0,None,,,4,On Roadside,1,Daylight,1,Clear,0,No Additional Atmospheric Conditions,1,Clear,0,No,0000000,Not Applicable,99,Unknown,99,Unknown,99,Unknown EMS Scene Arrival Hour,99,Unknown EMS Scene Arrival Minutes,88,Not Applicable (Not Transported),88,Not Applicable (Not Transported),0,None,0,None,0,None,1,1
2019,40,400162,Oklahoma,1,1,0,0,0,1,1,91,MCINTOSH (91),0,NOT APPLICABLE,13,13,5,May,2019,2,Monday,99,Unknown Hours,99,Unknown Minutes,0,This section IS NOT on the NHS,1,Rural,7,Local,2,County Highway Agency,4,County Road,CR-4120,,0,None,35.21710000,35.21710000,-95.734400000,-95.734400000,0,No Special Jurisdiction,1,Rollover/Overturn,0,The First Harmful Event was Not a Collision with a Motor Vehicle in Transport,0,No,1,Non-Junction,1,Not an Intersection,0,None,,,1,On Roadway,1,Daylight,1,Clear,0,No Additional Atmospheric Conditions,1,Clear,0,No,0000000,Not Applicable,11,11:00am-11:59am,15,15,11,11:00am-11:59am,37,37,12,12:00pm-12:59pm,22,22,0,None,0,None,0,None,1,0
2019,40,400163,Oklahoma,1,1,0,0,0,2,2,117,PAWNEE (117),0,NOT APPLICABLE,15,15,5,May,2019,4,Wednesday,0,0:00am-0:59am,42,42,0,This section IS NOT on the NHS,1,Rural,4,Minor Arterial,1,State Highway Agency,3,State Highway,SR-18,,26,26,36.19720000,36.19720000,-96.784400000,-96.784400000,0,No Special Jurisdiction,42,Tree (Standing Only),0,The First Harmful Event was Not a Collision with a Motor Vehicle in Transport,0,No,1,Non-Junction,1,Not an Intersection,0,None,,,4,On Roadside,2,Dark - Not Lighted,1,Clear,0,No Additional Atmospheric Conditions,1,Clear,0,No,0000000,Not Applicable,0,0:00am-0:59am,42,42,0,0:00am-0:59am,58,58,2,2:00am-2:59am,15,15,0,None,0,None,0,None,1,0
2019,40,400164,Oklahoma,2,2,0,0,0,2,2,109,OKLAHOMA (109),3550,OKLAHOMA CITY,16,16,5,May,2019,5,Thursday,12,12:00pm-12:59pm,12,12,0,This section IS NOT on the NHS,2,Urban,7,Local,4,City or Municipal Highway Agency,6,Local Street - Municipality,MELROSE LN,,0,None,35.47155556,35.47155556,-97.624525000,-97.624525000,0,No Special Jurisdiction,12,Motor Vehicle In-Transport,2,Front-to-Front,0,No,8,Driveway Access Related,1,Not an Intersection,0,None,,,1,On Roadway,1,Daylight,1,Clear,0,No Additional Atmospheric Conditions,1,Clear,0,No,0000000,Not Applicable,12,12:00pm-12:59pm,12,12,12,12:00pm-12:59pm,18,18,88,Not Applicable (Not Transported),88,Not Applicable (Not Transported),0,None,0,None,0,None,1,1
2019,40,400165,Oklahoma,2,2,0,0,0,3,3,31,COMANCHE (31),0,NOT APPLICABLE,22,22,5,May,2019,4,Wednesday,11,11:00am-11:59am,4,4,1,This section IS ON the NHS,1,Rural,3,Principal Arterial - Other,1,State Highway Agency,2,U.S. Highway,US-62,CHERRY RD,19,19,34.81130000,34.81130000,-98.387600000,-98.387600000,0,No Special Jurisdiction,12,Motor Vehicle In-Transport,6,Angle,0,No,3,Intersection-Related,2,Four-Way Intersection,0,None,,,2,On Shoulder,1,Daylight,10,Cloudy,0,No Additional Atmospheric Conditions,10,Cloudy,0,No,0000000,Not Applicable,99,Unknown,99,Unknown,99,Unknown EMS Scene Arrival Hour,99,Unknown EMS Scene Arrival Minutes,99,Unknown,99,Unknown EMS Hospital Arrival Time,0,None,0,None,0,None,1,0