caseyear,state,st_case,statename,ve_total,ve_forms,pvh_invl,peds,pernotmvit,permvit,persons,county,countyname,city,cityname,day,dayname,month,monthname,year,day_week,day_weekname,hour,hourname,minute,minutename,nhs,nhsname,rur_urb,rur_urbname,func_sys,func_sysname,rd_owner,rd_ownername,route,routename,tway_id,tway_id2,milept,mileptname,latitude,latitudename,longitud,longitudname,sp_jur,sp_jurname,harm_ev,harm_evname,man_coll,man_collname,reljct1,reljct1name,reljct2,reljct2name,typ_int,typ_intname,wrk_zone,wrk_zonename,road_fnc,road_fncname,rel_road,rel_roadname,lgt_cond,lgt_condname,weather1,weather1name,weather2,weather2name,weather,weathername,sch_bus,sch_busname,rail,railname,not_hour,not_hourname,not_min,not_minname,arr_hour,arr_hourname,arr_min,arr_minname,hosp_hr,hosp_hrname,hosp_mn,hosp_mnname,cf1,cf1name,cf2,cf2name,cf3,cf3name,fatals,drunk_dr
2019,40,400166,Oklahoma,1,1,0,1,1,1,1,143,TULSA (143),3630,OWASSO,22,22,5,May,2019,4,Wednesday,3,3:00am-3:59am,38,38,1,This section IS ON the NHS,2,Urban,2,Principal Arterial - Other Freeways and Expressways,1,State Highway Agency,2,U.S. Highway,US-169,,0,None,36.27236111,36.27236111,-95.847963890,-95.847963890,0,No Special Jurisdiction,8,Pedestrian,0,The First Harmful Event was Not a Collision with a Motor Vehicle in Transport,0,No,1,Non-Junction,1,Not an Intersection,0,None,,,1,On Roadway,2,Dark - Not Lighted,10,Cloudy,0,No Additional Atmospheric Conditions,10,Cloudy,0,No,0000000,Not Applicable,3,3:00am-3:59am,39,39,3,3:00am-3:59am,44,44,88,Not Applicable (Not Transported),88,Not Applicable (Not Transported),0,None,0,None,0,None,1,0
2019,40,400167,Oklahoma,1,1,0,0,0,1,1,135,SEQUOYAH (135),0,NOT APPLICABLE,24,24,5,May,2019,6,Friday,99,Unknown Hours,99,Unknown Minutes,1,This section IS ON the NHS,1,Rural,1,Interstate,1,State Highway Agency,1,Interstate,I-40 EXIT RAMP,SR-64D,0,None,35.44950000,35.44950000,-94.442100000,-94.442100000,0,No Special Jurisdiction,34,Ditch,0,The First Harmful Event was Not a Collision with a Motor Vehicle in Transport,1,Yes,3,Intersection-Related,3,T-Intersection,0,None,,,4,On Roadside,1,Daylight,10,Cloudy,0,No Additional Atmospheric Conditions,10,Cloudy,0,No,0000000,Not Applicable,14,2:00pm-2:59pm,27,27,14,2:00pm-2:59pm,34,34,88,Not Applicable (Not Transported),88,Not Applicable (Not Transported),0,None,0,None,0,None,1,0
2019,40,400168,Oklahoma,1,1,0,0,0,1,1,9,BECKHAM (9),0,NOT APPLICABLE,25,25,5,May,2019,7,Saturday,13,1:00pm-1:59pm,57,57,1,This section IS ON the NHS,1,Rural,1,Interstate,1,State Highway Agency,1,Interstate,I-40,,0,None,35.29370000,35.29370000,-99.619900000,-99.619900000,0,No Special Jurisdiction,59,Traffic Sign Support,0,The First Harmful Event was Not a Collision with a Motor Vehicle in Transport,0,No,1,Non-Junction,1,Not an Intersection,0,None,,,4,On Roadside,1,Daylight,10,Cloudy,0,No Additional Atmospheric Conditions,10,Cloudy,0,No,0000000,Not Applicable,14,2:00pm-2:59pm,9,9,14,2:00pm-2:59pm,37,37,15,3:00pm-3:59pm,58,58,0,None,0,None,0,None,1,0
2019,40,400169,Oklahoma,1,1,0,1,1,3,3,109,OKLAHOMA (109),3550,OKLAHOMA CITY,28,28,5,May,2019,3,Tuesday,15,3:00pm-3:59pm,39,39,0,This section IS NOT on the NHS,2,Urban,3,Principal Arterial - Other,1,State Highway Agency,2,U.S. Highway,US-62,,0,None,35.49310000,35.49310000,-97.472500000,-97.472500000,0,No Special Jurisdiction,8,Pedestrian,0,The First Harmful Event was Not a Collision with a Motor Vehicle in Transport,0,No,8,Driveway Access Related,1,Not an Intersection,0,None,,,1,On Roadway,1,Daylight,10,Cloudy,0,No Additional Atmospheric Conditions,10,Cloudy,0,No,0000000,Not Applicable,15,3:00pm-3:59pm,39,39,15,3:00pm-3:59pm,44,44,16,4:00pm-4:59pm,0,0,0,None,0,None,0,None,1,0
2019,40,400170,Oklahoma,2,2,0,0,0,2,2,109,OKLAHOMA (109),3550,OKLAHOMA CITY,31,31,5,May,2019,6,Friday,11,11:00am-11:59am,37,37,0,This section IS NOT on the NHS,2,Urban,7,Local,4,City or Municipal Highway Agency,6,Local Street - Municipality,NW 19TH ST,WESTERN AVE,0,None,35.48910000,35.48910000,-97.529900000,-97.529900000,0,No Special Jurisdiction,12,Motor Vehicle In-Transport,6,Angle,0,No,2,Intersection,2,Four-Way Intersection,0,None,,,1,On Roadway,1,Daylight,1,Clear,0,No Additional Atmospheric Conditions,1,Clear,0,No,0000000,Not Applicable,11,11:00am-11:59am,37,37,11,11:00am-11:59am,47,47,12,12:00pm-12:59pm,55,55,0,None,0,None,0,None,1,0
2019,40,400171,Oklahoma,2,2,0,0,0,6,6,89,MCCURTAIN (89),2370,IDABEL,22,22,3,March,2019,6,Friday,17,5:00pm-5:59pm,22,22,1,This section IS ON the NHS,2,Urban,3,Principal Arterial - Other,1,State Highway Agency,2,U.S. Highway,US-70,NE LINCOLN RD,0,None,33.89545278,33.89545278,-94.789444440,-94.789444440,0,No Special Jurisdiction,12,Motor Vehicle In-Transport,6,Angle,0,No,2,Intersection,3,T-Intersection,0,None,,,1,On Roadway,1,Daylight,1,Clear,0,No Additional Atmospheric Conditions,1,Clear,0,No,0000000,Not Applicable,99,Unknown,99,Unknown,99,Unknown EMS Scene Arrival Hour,99,Unknown EMS Scene Arrival Minutes,99,Unknown,99,Unknown EMS Hospital Arrival Time,0,None,0,None,0,None,1,0
2019,40,400172,Oklahoma,1,1,0,0,0,2,2,85,LOVE (85),0,NOT APPLICABLE,12,12,5,May,2019,1,Sunday,19,7:00pm-7:59pm,17,17,0,This section IS NOT on the NHS,1,Rural,5,Major Collector,1,State Highway Agency,3,State Highway,SR-96,,24,24,33.91810000,33.91810000,-97.282400000,-97.282400000,0,No Special Jurisdiction,1,Rollover/Overturn,0,The First Harmful Event was Not a Collision with a Motor Vehicle in Transport,0,No,1,Non-Junction,1,Not an Intersection,0,None,,,4,On Roadside,1,Daylight,1,Clear,0,No Additional Atmospheric Conditions,1,Clear,0,No,0000000,Not Applicable,19,7:00pm-7:59pm,23,23,19,7:00pm-7:59pm,43,43,20,8:00pm-8:59pm,56,56,0,None,0,None,0,None,1,0
2019,40,400173,Oklahoma,2,2,0,0,0,2,2,105,NOWATA (105),0,NOT APPLICABLE,4,4,6,June,2019,3,Tuesday,11,11:00am-11:59am,49,49,0,This section IS NOT on the NHS,1,Rural,3,Principal Arterial - Other,1,State Highway Agency,2,U.S. Highway,US-60,,39,39,36.71360000,36.71360000,-95.744600000,-95.744600000,0,No Special Jurisdiction,12,Motor Vehicle In-Transport,2,Front-to-Front,0,No,1,Non-Junction,1,Not an Intersection,0,None,,,1,On Roadway,1,Daylight,10,Cloudy,0,No Additional Atmospheric Conditions,10,Cloudy,0,No,0000000,Not Applicable,11,11:00am-11:59am,51,51,12,12:00pm-12:59pm,19,19,13,1:00pm-1:59pm,1,1,0,None,0,None,0,None,1,0
2019,40,400174,Oklahoma,2,2,0,0,0,3,3,5,ATOKA (5),0,NOT APPLICABLE,4,4,6,June,2019,3,Tuesday,12,12:00pm-12:59pm,43,43,1,This section IS ON the NHS,1,Rural,3,Principal Arterial - Other,1,State Highway Agency,2,U.S. Highway,US-69,,178,178,34.59210000,34.59210000,-95.982300000,-95.982300000,0,No Special Jurisdiction,12,Motor Vehicle In-Transport,1,Front-to-Rear,0,No,1,Non-Junction,1,Not an Intersection,4,"Work Zone, Type Unknown",,,1,On Roadway,1,Daylight,2,Rain,0,No Additional Atmospheric Conditions,2,Rain,0,No,0000000,Not Applicable,12,12:00pm-12:59pm,45,45,13,1:00pm-1:59pm,3,3,88,Not Applicable (Not Transported),88,Not Applicable (Not Transported),0,None,0,None,0,None,2,1
2019,40,400175,Oklahoma,1,1,0,0,0,6,6,65,JACKSON (65),0,NOT APPLICABLE,7,7,6,June,2019,6,Friday,22,10:00pm-10:59pm,45,45,0,This section IS NOT on the NHS,1,Rural,7,Local,2,County Highway Agency,4,County Road,CR-166,,0,None,34.60880000,34.60880000,-99.304700000,-99.304700000,0,No Special Jurisdiction,35,Embankment,0,The First Harmful Event was Not a Collision with a Motor Vehicle in Transport,0,No,1,Non-Junction,1,Not an Intersection,0,None,,,4,On Roadside,2,Dark - Not Lighted,1,Clear,0,No Additional Atmospheric Conditions,1,Clear,0,No,0000000,Not Applicable,22,10:00pm-10:59pm,43,43,22,10:00pm-10:59pm,53,53,23,11:00pm-11:59pm,47,47,0,None,0,None,0,None,1,0
2019,40,400176,Oklahoma,2,2,0,0,0,4,4,37,CREEK (37),4190,SAPULPA,8,8,3,March,2019,6,Friday,18,6:00pm-6:59pm,53,53,0,This section IS NOT on the NHS,2,Urban,7,Local,4,City or Municipal Highway Agency,6,Local Street - Municipality,S HICKORY ST,,0,None,35.98612222,35.98612222,-96.118911110,-96.118911110,0,No Special Jurisdiction,12,Motor Vehicle In-Transport,6,Angle,0,No,1,Non-Junction,1,Not an Intersection,0,None,,,1,On Roadway,5,Dusk,1,Clear,0,No Additional Atmospheric Conditions,1,Clear,0,No,0000000,Not Applicable,18,6:00pm-6:59pm,53,53,19,7:00pm-7:59pm,4,4,19,7:00pm-7:59pm,23,23,0,None,0,None,0,None,2,1
2019,40,400177,Oklahoma,2,2,0,0,0,5,5,119,PAYNE (119),0,NOT APPLICABLE,21,21,4,April,2019,1,Sunday,21,9:00pm-9:59pm,40,40,0,This section IS NOT on the NHS,1,Rural,4,Minor Arterial,1,State Highway Agency,3,State Highway,SR-33,,66,66,35.98570000,35.98570000,-96.810200000,-96.810200000,0,No Special Jurisdiction,12,Motor Vehicle In-Transport,2,Front-to-Front,0,No,1,Non-Junction,1,Not an Intersection,0,None,,,2,On Shoulder,2,Dark - Not Lighted,1,Clear,0,No Additional Atmospheric Conditions,1,Clear,0,No,0000000,Not Applicable,21,9:00pm-9:59pm,49,49,22,10:00pm-10:59pm,9,9,23,11:00pm-11:59pm,37,37,0,None,0,None,0,None,1,0
2019,40,400178,Oklahoma,3,3,0,0,0,4,4,149,WASHITA (149),0,NOT APPLICABLE,8,8,5,May,2019,4,Wednesday,14,2:00pm-2:59pm,56,56,1,This section IS ON the NHS,1,Rural,1,Interstate,1,State Highway Agency,1,Interstate,I-40,,0,None,35.42180000,35.42180000,-99.255000000,-99.255000000,0,No Special Jurisdiction,12,Motor Vehicle In-Transport,1,Front-to-Rear,0,No,1,Non-Junction,1,Not an Intersection,4,"Work Zone, Type Unknown",,,1,On Roadway,1,Daylight,10,Cloudy,0,No Additional Atmospheric Conditions,10,Cloudy,0,No,0000000,Not Applicable,15,3:00pm-3:59pm,6,6,15,3:00pm-3:59pm,13,13,15,3:00pm-3:59pm,46,46,14,"Motor Vehicle struck by falling cargo,or something that came loose from or something that was set in motion by a vehicle",0,None,0,None,1,0
2019,40,400179,Oklahoma,1,1,0,0,0,2,2,39,CUSTER (39),0,NOT APPLICABLE,14,14,5,May,2019,3,Tuesday,2,2:00am-2:59am,15,15,1,This section IS ON the NHS,1,Rural,1,Interstate,1,State Highway Agency,1,Interstate,I-40,,0,None,35.52110000,35.52110000,-98.832200000,-98.832200000,0,No Special Jurisdiction,1,Rollover/Overturn,0,The First Harmful Event was Not a Collision with a Motor Vehicle in Transport,0,No,1,Non-Junction,1,Not an Intersection,0,None,,,4,On Roadside,2,Dark - Not Lighted,1,Clear,0,No Additional Atmospheric Conditions,1,Clear,0,No,0000000,Not Applicable,2,2:00am-2:59am,25,25,2,2:00am-2:59am,35,35,4,4:00am-4:59am,0,0,0,None,0,None,0,None,1,0
2019,40,400180,Oklahoma,2,2,0,0,0,5,5,17,CANADIAN (17),5290,YUKON,4,4,6,June,2019,3,Tuesday,7,7:00am-7:59am,9,9,1,This section IS ON the NHS,2,Urban,1,Interstate,1,State Highway Agency,1,Interstate,I-40,,0,None,35.48670000,35.48670000,-97.760200000,-97.760200000,0,No Special Jurisdiction,12,Motor Vehicle In-Transport,1,Front-to-Rear,0,No,1,Non-Junction,1,Not an Intersection,0,None,,,1,On Roadway,1,Daylight,2,Rain,0,No Additional Atmospheric Conditions,2,Rain,0,No,0000000,Not Applicable,7,7:00am-7:59am,11,11,7,7:00am-7:59am,22,22,88,Not Applicable (Not Transported),88,Not Applicable (Not Transported),23,Indication of a Stalled/Disabled Vehicle,0,None,0,None,1,0
2019,40,400181,Oklahoma,1,1,0,0,0,1,1,17,CANADIAN (17),3550,OKLAHOMA CITY,15,15,6,June,2019,7,Saturday,19,7:00pm-7:59pm,6,6,0,This section IS NOT on the NHS,2,Urban,3,Principal Arterial - Other,1,State Highway Agency,3,State Highway,SR-4,,0,None,35.42670000,35.42670000,-97.724700000,-97.724700000,0,No Special Jurisdiction,33,Curb,0,The First Harmful Event was Not a Collision with a Motor Vehicle in Transport,0,No,1,Non-Junction,1,Not an Intersection,0,None,,,4,On Roadside,1,Daylight,10,Cloudy,0,No Additional Atmospheric Conditions,10,Cloudy,0,No,0000000,Not Applicable,19,7:00pm-7:59pm,6,6,19,7:00pm-7:59pm,21,21,19,7:00pm-7:59pm,46,46,0,None,0,None,0,None,1,0
2019,40,400182,Oklahoma,1,1,0,0,0,1,1,89,MCCURTAIN (89),0,NOT APPLICABLE,8,8,6,June,2019,7,Saturday,0,0:00am-0:59am,15,15,0,This section IS NOT on the NHS,1,Rural,3,Principal Arterial - Other,1,State Highway Agency,2,U.S. Highway,US-259,,54,54,34.37150000,34.37150000,-94.716200000,-94.716200000,0,No Special Jurisdiction,42,Tree (Standing Only),0,The First Harmful Event was Not a Collision with a Motor Vehicle in Transport,0,No,1,Non-Junction,1,Not an Intersection,0,None,,,4,On Roadside,2,Dark - Not Lighted,10,Cloudy,0,No Additional Atmospheric Conditions,10,Cloudy,0,No,0000000,Not Applicable,99,Unknown,99,Unknown,99,Unknown EMS Scene Arrival Hour,99,Unknown EMS Scene Arrival Minutes,88,Not Applicable (Not Transported),88,Not Applicable (Not Transported),0,None,0,None,0,None,1,1
2019,40,400183,Oklahoma,1,1,0,0,0,2,2,15,CADDO (15),0,NOT APPLICABLE,9,9,6,June,2019,1,Sunday,10,10:00am-10:59am,29,29,1,This section IS ON the NHS,1,Rural,1,Interstate,1,State Highway Agency,1,Interstate,I-40,,0,None,35.52900000,35.52900000,-98.447600000,-98.447600000,0,No Special Jurisdiction,1,Rollover/Overturn,0,The First Harmful Event was Not a Collision with a Motor Vehicle in Transport,0,No,1,Non-Junction,1,Not an Intersection,0,None,,,4,On Roadside,1,Daylight,10,Cloudy,0,No Additional Atmospheric Conditions,10,Cloudy,0,No,0000000,Not Applicable,99,Unknown,99,Unknown,99,Unknown EMS Scene Arrival Hour,99,Unknown EMS Scene Arrival Minutes,99,Unknown,99,Unknown EMS Hospital Arrival Time,0,None,0,None,0,None,1,0
2019,40,400184,Oklahoma,2,2,0,0,0,2,2,115,OTTAWA (115),0,NOT APPLICABLE,12,12,5,May,2019,1,Sunday,0,0:00am-0:59am,43,43,1,This section IS ON the NHS,1,Rural,1,Interstate,1,State Highway Agency,1,Interstate,I-44,,0,None,36.92930000,36.92930000,-94.728200000,-94.728200000,0,No Special Jurisdiction,12,Motor Vehicle In-Transport,2,Front-to-Front,0,No,1,Non-Junction,1,Not an Intersection,0,None,,,1,On Roadway,2,Dark - Not Lighted,10,Cloudy,0,No Additional Atmospheric Conditions,10,Cloudy,0,No,0000000,Not Applicable,99,Unknown,99,Unknown,99,Unknown EMS Scene Arrival Hour,99,Unknown EMS Scene Arrival Minutes,88,Not Applicable (Not Transported),88,Not Applicable (Not Transported),0,None,0,None,0,None,2,1
2019,40,400185,Oklahoma,1,1,0,0,0,4,4,79,LE FLORE (79),3840,POTEAU,29,29,5,May,2019,4,Wednesday,17,5:00pm-5:59pm,32,32,0,This section IS NOT on the NHS,1,Rural,7,Local,4,City or Municipal Highway Agency,6,Local Street - Municipality,WITTEVILLE DR,,0,None,35.07710278,35.07710278,-94.642188890,-94.642188890,0,No Special Jurisdiction,33,Curb,0,The First Harmful Event was Not a Collision with a Motor Vehicle in Transport,0,No,1,Non-Junction,1,Not an Intersection,0,None,,,4,On Roadside,1,Daylight,2,Rain,0,No Additional Atmospheric Conditions,2,Rain,0,No,0000000,Not Applicable,99,Unknown,99,Unknown,99,Unknown EMS Scene Arrival Hour,99,Unknown EMS Scene Arrival Minutes,99,Unknown,99,Unknown EMS Hospital Arrival Time,0,None,0,None,0,None,1,0
2019,40,400186,Oklahoma,2,2,0,0,0,7,7,109,OKLAHOMA (109),0,NOT APPLICABLE,1,1,6,June,2019,7,Saturday,8,8:00am-8:59am,15,15,0,This section IS NOT on the NHS,1,Rural,5,Major Collector,1,State Highway Agency,3,State Highway,SR-74,CR-WATERLOO,154,154,35.72560000,35.72560000,-97.584600000,-97.584600000,0,No Special Jurisdiction,12,Motor Vehicle In-Transport,9,Rear-to-Side,0,No,3,Intersection-Related,2,Four-Way Intersection,0,None,,,1,On Roadway,1,Daylight,1,Clear,0,No Additional Atmospheric Conditions,1,Clear,0,No,0000000,Not Applicable,8,8:00am-8:59am,11,11,8,8:00am-8:59am,22,22,8,8:00am-8:59am,56,56,0,None,0,None,0,None,1,0
2019,40,400187,Oklahoma,1,1,0,0,0,1,1,127,PUSHMATAHA (127),0,NOT APPLICABLE,7,7,6,June,2019,6,Friday,5,5:00am-5:59am,50,50,0,This section IS NOT on the NHS,1,Rural,4,Minor Arterial,1,State Highway Agency,2,U.S. Highway,US-271,,396,396,34.61070000,34.61070000,-95.326100000,-95.326100000,0,No Special Jurisdiction,42,Tree (Standing Only),0,The First Harmful Event was Not a Collision with a Motor Vehicle in Transport,0,No,1,Non-Junction,1,Not an Intersection,0,None,,,4,On Roadside,1,Daylight,10,Cloudy,0,No Additional Atmospheric Conditions,10,Cloudy,0,No,0000000,Not Applicable,99,Unknown,99,Unknown,99,Unknown EMS Scene Arrival Hour,99,Unknown EMS Scene Arrival Minutes,88,Not Applicable (Not Transported),88,Not Applicable (Not Transported),0,None,0,None,0,None,1,1
2019,40,400188,Oklahoma,2,2,0,0,0,3,3,109,OKLAHOMA (109),3550,OKLAHOMA CITY,10,10,6,June,2019,2,Monday,15,3:00pm-3:59pm,31,31,1,This section IS ON the NHS,2,Urban,1,Interstate,1,State Highway Agency,1,Interstate,I-35,,0,None,35.59320000,35.59320000,-97.432900000,-97.432900000,0,No Special Jurisdiction,12,Motor Vehicle In-Transport,6,Angle,0,No,1,Non-Junction,1,Not an Intersection,0,None,,,1,On Roadway,1,Daylight,1,Clear,0,No Additional Atmospheric Conditions,1,Clear,0,No,0000000,Not Applicable,15,3:00pm-3:59pm,33,33,15,3:00pm-3:59pm,42,42,16,4:00pm-4:59pm,3,3,0,None,0,None,0,None,1,0
2019,40,400189,Oklahoma,1,1,0,0,0,1,1,89,MCCURTAIN (89),0,NOT APPLICABLE,11,11,6,June,2019,3,Tuesday,13,1:00pm-1:59pm,55,55,1,This section IS ON the NHS,1,Rural,3,Principal Arterial - Other,1,State Highway Agency,2,U.S. Highway,US-259,,145,145,33.83710000,33.83710000,-94.826500000,-94.826500000,0,No Special Jurisdiction,42,Tree (Standing Only),0,The First Harmful Event was Not a Collision with a Motor Vehicle in Transport,0,No,1,Non-Junction,1,Not an Intersection,0,None,,,4,On Roadside,1,Daylight,10,Cloudy,0,No Additional Atmospheric Conditions,10,Cloudy,0,No,0000000,Not Applicable,99,Unknown,99,Unknown,99,Unknown EMS Scene Arrival Hour,99,Unknown EMS Scene Arrival Minutes,88,Not Applicable (Not Transported),88,Not Applicable (Not Transported),0,None,0,None,0,None,1,0
2019,40,400190,Oklahoma,2,2,0,0,0,2,2,115,OTTAWA (115),0,NOT APPLICABLE,14,14,6,June,2019,6,Friday,11,11:00am-11:59am,49,49,0,This section IS NOT on the NHS,1,Rural,5,Major Collector,1,State Highway Agency,3,State Highway,SR-10,,104,104,36.87120000,36.87120000,-94.801200000,-94.801200000,0,No Special Jurisdiction,33,Curb,0,The First Harmful Event was Not a Collision with a Motor Vehicle in Transport,0,No,1,Non-Junction,1,Not an Intersection,0,None,,,4,On Roadside,1,Daylight,1,Clear,0,No Additional Atmospheric Conditions,1,Clear,0,No,0000000,Not Applicable,99,Unknown,99,Unknown,99,Unknown EMS Scene Arrival Hour,99,Unknown EMS Scene Arrival Minutes,88,Not Applicable (Not Transported),88,Not Applicable (Not Transported),0,None,0,None,0,None,1,0
2019,40,400191,Oklahoma,1,1,0,1,1,1,1,107,OKFUSKEE (107),0,NOT APPLICABLE,17,17,6,June,2019,2,Monday,22,10:00pm-10:59pm,35,35,0,This section IS NOT on the NHS,1,Rural,5,Major Collector,1,State Highway Agency,2,U.S. Highway,US-62,,25,25,35.45140000,35.45140000,-96.351400000,-96.351400000,0,No Special Jurisdiction,8,Pedestrian,0,The First Harmful Event was Not a Collision with a Motor Vehicle in Transport,0,No,1,Non-Junction,1,Not an Intersection,0,None,,,1,On Roadway,2,Dark - Not Lighted,10,Cloudy,0,No Additional Atmospheric Conditions,10,Cloudy,0,No,0000000,Not Applicable,22,10:00pm-10:59pm,32,32,22,10:00pm-10:59pm,42,42,88,Not Applicable (Not Transported),88,Not Applicable (Not Transported),0,None,0,None,0,None,1,0
2019,40,400192,Oklahoma,1,1,0,0,0,1,1,89,MCCURTAIN (89),2370,IDABEL,14,14,3,March,2019,5,Thursday,21,9:00pm-9:59pm,31,31,0,This section IS NOT on the NHS,2,Urban,7,Local,4,City or Municipal Highway Agency,6,Local Street - Municipality,SW SEMINOLE AVE,,0,None,33.88831667,33.88831667,-94.843691670,-94.843691670,0,No Special Jurisdiction,40,Fire Hydrant,0,The First Harmful Event was Not a Collision with a Motor Vehicle in Transport,0,No,1,Non-Junction,1,Not an Intersection,0,None,,,4,On Roadside,3,Dark - Lighted,1,Clear,0,No Additional Atmospheric Conditions,1,Clear,0,No,0000000,Not Applicable,99,Unknown,99,Unknown,99,Unknown EMS Scene Arrival Hour,99,Unknown EMS Scene Arrival Minutes,88,Not Applicable (Not Transported),88,Not Applicable (Not Transported),0,None,0,None,0,None,1,1
2019,40,400193,Oklahoma,1,1,0,0,0,1,1,83,LOGAN (83),0,NOT APPLICABLE,3,3,4,April,2019,4,Wednesday,1,1:00am-1:59am,45,45,0,This section IS NOT on the NHS,1,Rural,7,Local,2,County Highway Agency,4,County Road,CR-84,,0,None,35.75430000,35.75430000,-97.378800000,-97.378800000,0,No Special Jurisdiction,32,Culvert,0,The First Harmful Event was Not a Collision with a Motor Vehicle in Transport,0,No,1,Non-Junction,1,Not an Intersection,0,None,,,4,On Roadside,2,Dark - Not Lighted,1,Clear,0,No Additional Atmospheric Conditions,1,Clear,0,No,0000000,Not Applicable,1,1:00am-1:59am,48,48,2,2:00am-2:59am,2,2,88,Not Applicable (Not Transported),88,Not Applicable (Not Transported),0,None,0,None,0,None,1,1
2019,40,400194,Oklahoma,2,2,0,0,0,3,3,109,OKLAHOMA (109),1480,EDMOND,10,10,4,April,2019,4,Wednesday,13,1:00pm-1:59pm,1,1,0,This section IS NOT on the NHS,2,Urban,3,Principal Arterial - Other,4,City or Municipal Highway Agency,6,Local Street - Municipality,W EDMOND RD,,0,None,35.65292778,35.65292778,-97.487566670,-97.487566670,0,No Special Jurisdiction,12,Motor Vehicle In-Transport,6,Angle,0,No,8,Driveway Access Related,1,Not an Intersection,4,"Work Zone, Type Unknown",,,1,On Roadway,1,Daylight,1,Clear,0,No Additional Atmospheric Conditions,1,Clear,0,No,0000000,Not Applicable,13,1:00pm-1:59pm,2,2,13,1:00pm-1:59pm,4,4,13,1:00pm-1:59pm,28,28,0,None,0,None,0,None,1,0
2019,40,400195,Oklahoma,2,2,0,0,0,3,3,51,GRADY (51),0,NOT APPLICABLE,28,28,4,April,2019,1,Sunday,19,7:00pm-7:59pm,43,43,1,This section IS ON the NHS,1,Rural,3,Principal Arterial - Other,1,State Highway Agency,2,U.S. Highway,US-81,CR-1320,30,30,35.10220000,35.10220000,-97.961400000,-97.961400000,0,No Special Jurisdiction,12,Motor Vehicle In-Transport,2,Front-to-Front,0,No,2,Intersection,3,T-Intersection,0,None,,,1,On Roadway,1,Daylight,1,Clear,0,No Additional Atmospheric Conditions,1,Clear,0,No,0000000,Not Applicable,19,7:00pm-7:59pm,43,43,19,7:00pm-7:59pm,46,46,20,8:00pm-8:59pm,9,9,0,None,0,None,0,None,1,0
2019,40,400196,Oklahoma,1,1,0,0,0,1,1,143,TULSA (143),4780,TULSA,17,17,4,April,2019,4,Wednesday,19,7:00pm-7:59pm,55,55,1,This section IS ON the NHS,2,Urban,3,Principal Arterial - Other,1,State Highway Agency,2,U.S. Highway,US-169,,0,None,36.22045000,36.22045000,-95.851541670,-95.851541670,0,No Special Jurisdiction,34,Ditch,0,The First Harmful Event was Not a Collision with a Motor Vehicle in Transport,0,No,1,Non-Junction,1,Not an Intersection,0,None,,,4,On Roadside,5,Dusk,10,Cloudy,0,No Additional Atmospheric Conditions,10,Cloudy,0,No,0000000,Not Applicable,19,7:00pm-7:59pm,54,54,20,8:00pm-8:59pm,3,3,20,8:00pm-8:59pm,38,38,0,None,0,None,0,None,1,1
2019,40,400197,Oklahoma,1,1,0,0,0,3,3,131,ROGERS (131),990,CLAREMORE,25,25,5,May,2019,7,Saturday,1,1:00am-1:59am,18,18,0,This section IS NOT on the NHS,2,Urban,7,Local,2,County Highway Agency,4,County Road,CR-S4150,,0,None,36.29725833,36.29725833,-95.614863890,-95.614863890,0,No Special Jurisdiction,40,Fire Hydrant,0,The First Harmful Event was Not a Collision with a Motor Vehicle in Transport,0,No,1,Non-Junction,1,Not an Intersection,0,None,,,4,On Roadside,3,Dark - Lighted,2,Rain,0,No Additional Atmospheric Conditions,2,Rain,0,No,0000000,Not Applicable,1,1:00am-1:59am,21,21,1,1:00am-1:59am,27,27,2,2:00am-2:59am,2,2,0,None,0,None,0,None,1,1
2019,40,400198,Oklahoma,2,2,0,0,0,2,2,131,ROGERS (131),0,NOT APPLICABLE,10,10,6,June,2019,2,Monday,18,6:00pm-6:59pm,28,28,1,This section IS ON the NHS,1,Rural,3,Principal Arterial - Other,1,State Highway Agency,2,U.S. Highway,US-412,,89,89,36.17080000,36.17080000,-95.574100000,-95.574100000,0,No Special Jurisdiction,12,Motor Vehicle In-Transport,1,Front-to-Rear,0,No,1,Non-Junction,1,Not an Intersection,0,None,,,1,On Roadway,1,Daylight,10,Cloudy,0,No Additional Atmospheric Conditions,10,Cloudy,0,No,0000000,Not Applicable,18,6:00pm-6:59pm,36,36,18,6:00pm-6:59pm,40,40,88,Not Applicable (Not Transported),88,Not Applicable (Not Transported),27,Backup Due to Prior Crash,0,None,0,None,1,0
2019,40,400199,Oklahoma,1,1,0,1,1,2,2,105,NOWATA (105),0,NOT APPLICABLE,15,15,6,June,2019,7,Saturday,23,11:00pm-11:59pm,35,35,1,This section IS ON the NHS,1,Rural,3,Principal Arterial - Other,1,State Highway Agency,2,U.S. Highway,US-60,,18,18,36.71850000,36.71850000,-95.782200000,-95.782200000,0,No Special Jurisdiction,8,Pedestrian,0,The First Harmful Event was Not a Collision with a Motor Vehicle in Transport,0,No,1,Non-Junction,1,Not an Intersection,0,None,,,1,On Roadway,2,Dark - Not Lighted,10,Cloudy,0,No Additional Atmospheric Conditions,10,Cloudy,0,No,0000000,Not Applicable,99,Unknown,99,Unknown,99,Unknown EMS Scene Arrival Hour,99,Unknown EMS Scene Arrival Minutes,88,Not Applicable (Not Transported),88,Not Applicable (Not Transported),0,None,0,None,0,None,1,0