caseyear,state,st_case,statename,ve_total,ve_forms,pvh_invl,peds,pernotmvit,permvit,persons,county,countyname,city,cityname,day,dayname,month,monthname,year,day_week,day_weekname,hour,hourname,minute,minutename,nhs,nhsname,rur_urb,rur_urbname,func_sys,func_sysname,rd_owner,rd_ownername,route,routename,tway_id,tway_id2,milept,mileptname,latitude,latitudename,longitud,longitudname,sp_jur,sp_jurname,harm_ev,harm_evname,man_coll,man_collname,reljct1,reljct1name,reljct2,reljct2name,typ_int,typ_intname,wrk_zone,wrk_zonename,road_fnc,road_fncname,rel_road,rel_roadname,lgt_cond,lgt_condname,weather1,weather1name,weather2,weather2name,weather,weathername,sch_bus,sch_busname,rail,railname,not_hour,not_hourname,not_min,not_minname,arr_hour,arr_hourname,arr_min,arr_minname,hosp_hr,hosp_hrname,hosp_mn,hosp_mnname,cf1,cf1name,cf2,cf2name,cf3,cf3name,fatals,drunk_dr
2019,40,400369,Oklahoma,2,2,0,0,0,2,2,113,OSAGE (113),4330,SKIATOOK,22,22,2,February,2019,6,Friday,8,8:00am-8:59am,56,56,0,This section IS NOT on the NHS,2,Urban,3,Principal Arterial - Other,1,State Highway Agency,3,State Highway,SR-20,,0,None,36.36863889,36.36863889,-96.015652780,-96.015652780,0,No Special Jurisdiction,12,Motor Vehicle In-Transport,6,Angle,0,No,8,Driveway Access Related,1,Not an Intersection,0,None,,,1,On Roadway,1,Daylight,10,Cloudy,0,No Additional Atmospheric Conditions,10,Cloudy,0,No,0000000,Not Applicable,99,Unknown,99,Unknown,99,Unknown EMS Scene Arrival Hour,99,Unknown EMS Scene Arrival Minutes,99,Unknown,99,Unknown EMS Hospital Arrival Time,0,None,0,None,0,None,1,0
2019,40,400370,Oklahoma,2,2,0,0,0,3,3,17,CANADIAN (17),3320,MUSTANG,22,22,2,February,2019,6,Friday,17,5:00pm-5:59pm,26,26,0,This section IS NOT on the NHS,2,Urban,3,Principal Arterial - Other,1,State Highway Agency,3,State Highway,SR-4,W BRANCHES WAY,0,None,35.39861389,35.39861389,-97.724613890,-97.724613890,0,No Special Jurisdiction,12,Motor Vehicle In-Transport,6,Angle,0,No,2,Intersection,3,T-Intersection,0,None,,,1,On Roadway,1,Daylight,2,Rain,0,No Additional Atmospheric Conditions,2,Rain,0,No,0000000,Not Applicable,17,5:00pm-5:59pm,28,28,17,5:00pm-5:59pm,29,29,18,6:00pm-6:59pm,10,10,0,None,0,None,0,None,1,0
2019,40,400371,Oklahoma,2,2,0,0,0,3,3,143,TULSA (143),2440,JENKS,1,1,3,March,2019,6,Friday,15,3:00pm-3:59pm,49,49,0,This section IS NOT on the NHS,2,Urban,7,Local,4,City or Municipal Highway Agency,6,Local Street - Municipality,A ST,5TH ST,0,None,35.94015556,35.94015556,-95.883475000,-95.883475000,0,No Special Jurisdiction,12,Motor Vehicle In-Transport,6,Angle,0,No,2,Intersection,2,Four-Way Intersection,0,None,,,1,On Roadway,1,Daylight,10,Cloudy,0,No Additional Atmospheric Conditions,10,Cloudy,0,No,0000000,Not Applicable,15,3:00pm-3:59pm,51,51,15,3:00pm-3:59pm,55,55,16,4:00pm-4:59pm,25,25,0,None,0,None,0,None,1,0
2019,40,400372,Oklahoma,2,2,0,0,0,2,2,125,POTTAWATOMIE (125),4300,SHAWNEE,11,11,4,April,2019,5,Thursday,21,9:00pm-9:59pm,0,0,0,This section IS NOT on the NHS,2,Urban,7,Local,4,City or Municipal Highway Agency,6,Local Street - Municipality,W FEDERAL ST,N POTTENGER AVE,0,None,35.35448333,35.35448333,-96.932972220,-96.932972220,0,No Special Jurisdiction,12,Motor Vehicle In-Transport,9,Rear-to-Side,0,No,3,Intersection-Related,3,T-Intersection,0,None,,,1,On Roadway,3,Dark - Lighted,1,Clear,0,No Additional Atmospheric Conditions,1,Clear,0,No,0000000,Not Applicable,20,8:00pm-8:59pm,30,30,21,9:00pm-9:59pm,1,1,21,9:00pm-9:59pm,48,48,0,None,0,None,0,None,1,0
2019,40,400373,Oklahoma,2,2,0,0,0,2,2,5,ATOKA (5),260,ATOKA,29,29,6,June,2019,7,Saturday,18,6:00pm-6:59pm,31,31,0,This section IS NOT on the NHS,1,Rural,7,Local,4,City or Municipal Highway Agency,6,Local Street - Municipality,COURT ST,W PITTS CROSSING,0,None,34.37429444,34.37429444,-96.109916670,-96.109916670,0,No Special Jurisdiction,12,Motor Vehicle In-Transport,6,Angle,0,No,3,Intersection-Related,2,Four-Way Intersection,0,None,,,1,On Roadway,1,Daylight,1,Clear,0,No Additional Atmospheric Conditions,1,Clear,0,No,0000000,Not Applicable,18,6:00pm-6:59pm,32,32,18,6:00pm-6:59pm,40,40,19,7:00pm-7:59pm,0,0,0,None,0,None,0,None,1,1
2019,40,400374,Oklahoma,3,3,0,0,0,4,4,147,WASHINGTON (147),300,BARTLESVILLE,1,1,7,July,2019,2,Monday,21,9:00pm-9:59pm,25,25,0,This section IS NOT on the NHS,2,Urban,4,Minor Arterial,4,City or Municipal Highway Agency,6,Local Street - Municipality,VIRGINIA AVE,,0,None,36.75904167,36.75904167,-95.989536110,-95.989536110,0,No Special Jurisdiction,12,Motor Vehicle In-Transport,6,Angle,0,No,1,Non-Junction,1,Not an Intersection,0,None,,,1,On Roadway,2,Dark - Not Lighted,1,Clear,0,No Additional Atmospheric Conditions,1,Clear,0,No,0000000,Not Applicable,21,9:00pm-9:59pm,26,26,21,9:00pm-9:59pm,33,33,21,9:00pm-9:59pm,57,57,0,None,0,None,0,None,1,1
2019,40,400375,Oklahoma,2,2,0,0,0,2,2,117,PAWNEE (117),1020,CLEVELAND,24,24,1,January,2019,5,Thursday,8,8:00am-8:59am,7,7,0,This section IS NOT on the NHS,1,Rural,4,Minor Arterial,1,State Highway Agency,2,U.S. Highway,US-64,,0,None,36.27626667,36.27626667,-96.438800000,-96.438800000,0,No Special Jurisdiction,12,Motor Vehicle In-Transport,2,Front-to-Front,0,No,1,Non-Junction,1,Not an Intersection,0,None,,,2,On Shoulder,1,Daylight,1,Clear,0,No Additional Atmospheric Conditions,1,Clear,0,No,0000000,Not Applicable,8,8:00am-8:59am,9,9,8,8:00am-8:59am,13,13,8,8:00am-8:59am,39,39,0,None,0,None,0,None,1,0
2019,40,400376,Oklahoma,1,1,0,0,0,1,1,143,TULSA (143),4780,TULSA,9,9,6,June,2019,1,Sunday,9,9:00am-9:59am,29,29,0,This section IS NOT on the NHS,2,Urban,4,Minor Arterial,4,City or Municipal Highway Agency,6,Local Street - Municipality,S HARVARD AVE,,0,None,36.08270000,36.08270000,-95.940000000,-95.940000000,0,No Special Jurisdiction,33,Curb,0,The First Harmful Event was Not a Collision with a Motor Vehicle in Transport,0,No,1,Non-Junction,1,Not an Intersection,0,None,,,4,On Roadside,1,Daylight,10,Cloudy,0,No Additional Atmospheric Conditions,10,Cloudy,0,No,0000000,Not Applicable,99,Unknown,99,Unknown,99,Unknown EMS Scene Arrival Hour,99,Unknown EMS Scene Arrival Minutes,99,Unknown,99,Unknown EMS Hospital Arrival Time,0,None,0,None,0,None,1,0
2019,40,400377,Oklahoma,2,2,0,0,0,3,3,47,GARFIELD (47),1550,ENID,5,5,7,July,2019,6,Friday,11,11:00am-11:59am,17,17,0,This section IS NOT on the NHS,2,Urban,7,Local,4,City or Municipal Highway Agency,6,Local Street - Municipality,W WILLOW,CLEVELAND,0,None,36.41981944,36.41981944,-97.908152780,-97.908152780,0,No Special Jurisdiction,12,Motor Vehicle In-Transport,6,Angle,0,No,2,Intersection,2,Four-Way Intersection,0,None,,,1,On Roadway,1,Daylight,1,Clear,0,No Additional Atmospheric Conditions,1,Clear,0,No,0000000,Not Applicable,11,11:00am-11:59am,20,20,11,11:00am-11:59am,24,24,11,11:00am-11:59am,55,55,0,None,0,None,0,None,1,1
2019,40,400378,Oklahoma,1,1,0,1,1,4,4,121,PITTSBURG (121),2630,KIOWA,15,15,7,July,2019,2,Monday,21,9:00pm-9:59pm,24,24,1,This section IS ON the NHS,1,Rural,3,Principal Arterial - Other,1,State Highway Agency,2,U.S. Highway,US-69,,0,None,34.72388611,34.72388611,-95.898508330,-95.898508330,0,No Special Jurisdiction,15,Non-Motorist on Personal Conveyance,0,The First Harmful Event was Not a Collision with a Motor Vehicle in Transport,0,No,1,Non-Junction,1,Not an Intersection,0,None,,,1,On Roadway,6,Dark - Unknown Lighting,1,Clear,0,No Additional Atmospheric Conditions,1,Clear,0,No,0000000,Not Applicable,21,9:00pm-9:59pm,22,22,21,9:00pm-9:59pm,34,34,88,Not Applicable (Not Transported),88,Not Applicable (Not Transported),0,None,0,None,0,None,1,0
2019,40,400379,Oklahoma,2,2,0,0,0,2,2,11,BLAINE (11),0,NOT APPLICABLE,18,18,9,September,2019,4,Wednesday,15,3:00pm-3:59pm,1,1,0,This section IS NOT on the NHS,1,Rural,4,Minor Arterial,1,State Highway Agency,3,State Highway,SR-58,SR-51,0,None,36.05780000,36.05780000,-98.572300000,-98.572300000,0,No Special Jurisdiction,12,Motor Vehicle In-Transport,6,Angle,0,No,2,Intersection,2,Four-Way Intersection,0,None,,,1,On Roadway,1,Daylight,10,Cloudy,0,No Additional Atmospheric Conditions,10,Cloudy,0,No,0000000,Not Applicable,15,3:00pm-3:59pm,20,20,15,3:00pm-3:59pm,26,26,88,Not Applicable (Not Transported),88,Not Applicable (Not Transported),0,None,0,None,0,None,1,0
2019,40,400380,Oklahoma,1,1,0,1,1,1,1,143,TULSA (143),590,BROKEN ARROW,18,18,9,September,2019,4,Wednesday,9,9:00am-9:59am,39,39,0,This section IS NOT on the NHS,2,Urban,3,Principal Arterial - Other,4,City or Municipal Highway Agency,6,Local Street - Municipality,NEW ORLEANS ST,ASTER AVE,0,None,36.01735278,36.01735278,-95.842958330,-95.842958330,0,No Special Jurisdiction,9,Pedalcyclist,0,The First Harmful Event was Not a Collision with a Motor Vehicle in Transport,0,No,2,Intersection,2,Four-Way Intersection,0,None,,,1,On Roadway,1,Daylight,1,Clear,0,No Additional Atmospheric Conditions,1,Clear,0,No,0000000,Not Applicable,9,9:00am-9:59am,40,40,9,9:00am-9:59am,44,44,88,Not Applicable (Not Transported),88,Not Applicable (Not Transported),0,None,0,None,0,None,1,0
2019,40,400381,Oklahoma,1,1,0,0,0,1,1,109,OKLAHOMA (109),3550,OKLAHOMA CITY,1,1,10,October,2019,3,Tuesday,13,1:00pm-1:59pm,3,3,1,This section IS ON the NHS,2,Urban,2,Principal Arterial - Other Freeways and Expressways,1,State Highway Agency,3,State Highway,SR-74,,0,None,35.59420000,35.59420000,-97.584600000,-97.584600000,0,No Special Jurisdiction,21,Bridge Pier or Support,0,The First Harmful Event was Not a Collision with a Motor Vehicle in Transport,0,No,1,Non-Junction,1,Not an Intersection,0,None,,,4,On Roadside,1,Daylight,1,Clear,0,No Additional Atmospheric Conditions,1,Clear,0,No,0000000,Not Applicable,13,1:00pm-1:59pm,2,2,13,1:00pm-1:59pm,9,9,13,1:00pm-1:59pm,28,28,0,None,0,None,0,None,1,0
2019,40,400382,Oklahoma,1,1,0,0,0,3,3,101,MUSKOGEE (101),0,NOT APPLICABLE,2,2,10,October,2019,4,Wednesday,2,2:00am-2:59am,55,55,0,This section IS NOT on the NHS,1,Rural,7,Local,2,County Highway Agency,4,County Road,CR-E 263RD ST E,,0,None,35.37710000,35.37710000,-95.234600000,-95.234600000,0,No Special Jurisdiction,38,Fence,0,The First Harmful Event was Not a Collision with a Motor Vehicle in Transport,0,No,1,Non-Junction,1,Not an Intersection,0,None,,,4,On Roadside,2,Dark - Not Lighted,1,Clear,0,No Additional Atmospheric Conditions,1,Clear,0,No,0000000,Not Applicable,2,2:00am-2:59am,38,38,2,2:00am-2:59am,57,57,4,4:00am-4:59am,57,57,0,None,0,None,0,None,1,1
2019,40,400383,Oklahoma,2,2,0,0,0,1,1,125,POTTAWATOMIE (125),0,NOT APPLICABLE,4,4,10,October,2019,6,Friday,22,10:00pm-10:59pm,17,17,0,This section IS NOT on the NHS,1,Rural,3,Principal Arterial - Other,1,State Highway Agency,2,U.S. Highway,US-177,,5,5,35.39130000,35.39130000,-97.000700000,-97.000700000,0,No Special Jurisdiction,12,Motor Vehicle In-Transport,6,Angle,0,No,1,Non-Junction,1,Not an Intersection,0,None,,,1,On Roadway,2,Dark - Not Lighted,1,Clear,0,No Additional Atmospheric Conditions,1,Clear,0,No,0000000,Not Applicable,22,10:00pm-10:59pm,18,18,22,10:00pm-10:59pm,24,24,88,Not Applicable (Not Transported),88,Not Applicable (Not Transported),19,Recent/Previous Crash scene Nearby,0,None,0,None,1,0
2019,40,400384,Oklahoma,1,1,0,1,1,1,1,27,CLEVELAND (27),3430,NORMAN,19,19,3,March,2019,3,Tuesday,21,9:00pm-9:59pm,28,28,1,This section IS ON the NHS,2,Urban,1,Interstate,1,State Highway Agency,1,Interstate,I-35 OFF-RAMP,,0,None,35.22091111,35.22091111,-97.485897220,-97.485897220,0,No Special Jurisdiction,9,Pedalcyclist,0,The First Harmful Event was Not a Collision with a Motor Vehicle in Transport,1,Yes,20,Entrance/Exit Ramp,1,Not an Intersection,0,None,,,1,On Roadway,3,Dark - Lighted,10,Cloudy,0,No Additional Atmospheric Conditions,10,Cloudy,0,No,0000000,Not Applicable,21,9:00pm-9:59pm,29,29,21,9:00pm-9:59pm,35,35,21,9:00pm-9:59pm,55,55,0,None,0,None,0,None,1,0
2019,40,400385,Oklahoma,2,2,0,0,0,5,5,31,COMANCHE (31),2750,LAWTON,22,22,3,March,2019,6,Friday,9,9:00am-9:59am,59,59,0,This section IS NOT on the NHS,2,Urban,3,Principal Arterial - Other,4,City or Municipal Highway Agency,6,Local Street - Municipality,GORE BLVD,NW 53RD ST,0,None,34.60894444,34.60894444,-98.457675000,-98.457675000,0,No Special Jurisdiction,12,Motor Vehicle In-Transport,2,Front-to-Front,0,No,2,Intersection,2,Four-Way Intersection,0,None,,,1,On Roadway,1,Daylight,1,Clear,0,No Additional Atmospheric Conditions,1,Clear,0,No,0000000,Not Applicable,99,Unknown,99,Unknown,99,Unknown EMS Scene Arrival Hour,99,Unknown EMS Scene Arrival Minutes,99,Unknown,99,Unknown EMS Hospital Arrival Time,0,None,0,None,0,None,1,0
2019,40,400386,Oklahoma,2,2,0,0,0,4,4,61,HASKELL (61),0,NOT APPLICABLE,15,15,8,August,2019,5,Thursday,22,10:00pm-10:59pm,5,5,0,This section IS NOT on the NHS,1,Rural,4,Minor Arterial,1,State Highway Agency,3,State Highway,SR-9,SR-71,0,None,35.23010000,35.23010000,-95.379900000,-95.379900000,0,No Special Jurisdiction,12,Motor Vehicle In-Transport,6,Angle,0,No,2,Intersection,2,Four-Way Intersection,0,None,,,1,On Roadway,2,Dark - Not Lighted,1,Clear,0,No Additional Atmospheric Conditions,1,Clear,0,No,0000000,Not Applicable,22,10:00pm-10:59pm,38,38,22,10:00pm-10:59pm,52,52,23,11:00pm-11:59pm,48,48,0,None,0,None,0,None,1,0
2019,40,400387,Oklahoma,1,1,0,0,0,1,1,87,MCCLAIN (87),0,NOT APPLICABLE,26,26,9,September,2019,5,Thursday,10,10:00am-10:59am,15,15,0,This section IS NOT on the NHS,1,Rural,5,Major Collector,1,State Highway Agency,3,State Highway,SR-24,,54,54,34.97130000,34.97130000,-97.484500000,-97.484500000,0,No Special Jurisdiction,35,Embankment,0,The First Harmful Event was Not a Collision with a Motor Vehicle in Transport,0,No,1,Non-Junction,1,Not an Intersection,0,None,,,4,On Roadside,1,Daylight,10,Cloudy,0,No Additional Atmospheric Conditions,10,Cloudy,0,No,0000000,Not Applicable,10,10:00am-10:59am,30,30,10,10:00am-10:59am,50,50,11,11:00am-11:59am,23,23,0,None,0,None,0,None,1,0
2019,40,400388,Oklahoma,1,1,0,1,1,1,1,143,TULSA (143),4780,TULSA,26,26,9,September,2019,5,Thursday,20,8:00pm-8:59pm,26,26,1,This section IS ON the NHS,2,Urban,1,Interstate,1,State Highway Agency,1,Interstate,I-244,,0,None,36.16600000,36.16600000,-95.858800000,-95.858800000,0,No Special Jurisdiction,8,Pedestrian,0,The First Harmful Event was Not a Collision with a Motor Vehicle in Transport,0,No,1,Non-Junction,1,Not an Intersection,0,None,,,1,On Roadway,2,Dark - Not Lighted,10,Cloudy,0,No Additional Atmospheric Conditions,10,Cloudy,0,No,0000000,Not Applicable,20,8:00pm-8:59pm,27,27,20,8:00pm-8:59pm,33,33,88,Not Applicable (Not Transported),88,Not Applicable (Not Transported),0,None,0,None,0,None,1,0
2019,40,400389,Oklahoma,1,1,0,0,0,1,1,99,MURRAY (99),0,NOT APPLICABLE,27,27,9,September,2019,6,Friday,18,6:00pm-6:59pm,57,57,0,This section IS NOT on the NHS,1,Rural,5,Major Collector,1,State Highway Agency,2,U.S. Highway,US-77,,52,52,34.43840000,34.43840000,-97.135400000,-97.135400000,0,No Special Jurisdiction,38,Fence,0,The First Harmful Event was Not a Collision with a Motor Vehicle in Transport,0,No,1,Non-Junction,1,Not an Intersection,0,None,,,4,On Roadside,5,Dusk,1,Clear,0,No Additional Atmospheric Conditions,1,Clear,0,No,0000000,Not Applicable,18,6:00pm-6:59pm,59,59,19,7:00pm-7:59pm,11,11,88,Not Applicable (Not Transported),88,Not Applicable (Not Transported),0,None,0,None,0,None,1,0
2019,40,400390,Oklahoma,2,2,0,0,0,4,4,115,OTTAWA (115),0,NOT APPLICABLE,28,28,9,September,2019,7,Saturday,13,1:00pm-1:59pm,45,45,0,This section IS NOT on the NHS,1,Rural,3,Principal Arterial - Other,1,State Highway Agency,2,U.S. Highway,US-59,SR-125,10,10,36.67950000,36.67950000,-94.855500000,-94.855500000,0,No Special Jurisdiction,12,Motor Vehicle In-Transport,6,Angle,0,No,2,Intersection,2,Four-Way Intersection,0,None,,,1,On Roadway,1,Daylight,10,Cloudy,0,No Additional Atmospheric Conditions,10,Cloudy,0,No,0000000,Not Applicable,99,Unknown,99,Unknown,99,Unknown EMS Scene Arrival Hour,99,Unknown EMS Scene Arrival Minutes,99,Unknown,99,Unknown EMS Hospital Arrival Time,0,None,0,None,0,None,1,0
2019,40,400391,Oklahoma,1,1,0,0,0,1,1,137,STEPHENS (137),0,NOT APPLICABLE,28,28,9,September,2019,7,Saturday,16,4:00pm-4:59pm,50,50,1,This section IS ON the NHS,1,Rural,3,Principal Arterial - Other,1,State Highway Agency,3,State Highway,SR-7,,48,48,34.46370000,34.46370000,-97.897700000,-97.897700000,0,No Special Jurisdiction,35,Embankment,0,The First Harmful Event was Not a Collision with a Motor Vehicle in Transport,0,No,1,Non-Junction,1,Not an Intersection,0,None,,,4,On Roadside,1,Daylight,10,Cloudy,0,No Additional Atmospheric Conditions,10,Cloudy,0,No,0000000,Not Applicable,16,4:00pm-4:59pm,52,52,17,5:00pm-5:59pm,28,28,88,Not Applicable (Not Transported),88,Not Applicable (Not Transported),0,None,0,None,0,None,1,0
2019,40,400392,Oklahoma,1,1,0,0,0,1,1,135,SEQUOYAH (135),0,NOT APPLICABLE,6,6,10,October,2019,1,Sunday,10,10:00am-10:59am,26,26,1,This section IS ON the NHS,1,Rural,1,Interstate,1,State Highway Agency,1,Interstate,I-40,,0,None,35.44970000,35.44970000,-94.444400000,-94.444400000,0,No Special Jurisdiction,31,"Post, Pole or Other Supports",0,The First Harmful Event was Not a Collision with a Motor Vehicle in Transport,0,No,1,Non-Junction,1,Not an Intersection,0,None,,,4,On Roadside,1,Daylight,10,Cloudy,0,No Additional Atmospheric Conditions,10,Cloudy,0,No,0000000,Not Applicable,99,Unknown,99,Unknown,99,Unknown EMS Scene Arrival Hour,99,Unknown EMS Scene Arrival Minutes,99,Unknown,99,Unknown EMS Hospital Arrival Time,0,None,0,None,0,None,1,0
2019,40,400393,Oklahoma,1,1,0,0,0,2,2,121,PITTSBURG (121),0,NOT APPLICABLE,8,8,10,October,2019,3,Tuesday,8,8:00am-8:59am,54,54,0,This section IS NOT on the NHS,1,Rural,5,Major Collector,1,State Highway Agency,3,State Highway,SR-31,,94,94,34.88330000,34.88330000,-95.965800000,-95.965800000,0,No Special Jurisdiction,34,Ditch,0,The First Harmful Event was Not a Collision with a Motor Vehicle in Transport,0,No,1,Non-Junction,1,Not an Intersection,0,None,,,4,On Roadside,1,Daylight,1,Clear,0,No Additional Atmospheric Conditions,1,Clear,0,No,0000000,Not Applicable,8,8:00am-8:59am,53,53,9,9:00am-9:59am,14,14,88,Not Applicable (Not Transported),88,Not Applicable (Not Transported),0,None,0,None,0,None,1,0
2019,40,400394,Oklahoma,1,1,0,0,0,1,1,103,NOBLE (103),0,NOT APPLICABLE,12,12,9,September,2019,5,Thursday,7,7:00am-7:59am,47,47,0,This section IS NOT on the NHS,1,Rural,7,Local,2,County Highway Agency,4,County Road,CR-NOBLE,,0,None,36.27750000,36.27750000,-97.461200000,-97.461200000,0,No Special Jurisdiction,10,Railway Vehicle,0,The First Harmful Event was Not a Collision with a Motor Vehicle in Transport,0,No,6,Railway Grade Crossing,1,Not an Intersection,0,None,,,1,On Roadway,4,Dawn,1,Clear,0,No Additional Atmospheric Conditions,1,Clear,0,No,673790R,673790R,7,7:00am-7:59am,54,54,8,8:00am-8:59am,7,7,8,8:00am-8:59am,27,27,0,None,0,None,0,None,1,0
2019,40,400395,Oklahoma,2,2,0,0,0,3,3,109,OKLAHOMA (109),3550,OKLAHOMA CITY,30,30,9,September,2019,2,Monday,9,9:00am-9:59am,57,57,0,This section IS NOT on the NHS,2,Urban,5,Major Collector,4,City or Municipal Highway Agency,6,Local Street - Municipality,W BRITTON RD,,0,None,35.56560000,35.56560000,-97.663400000,-97.663400000,0,No Special Jurisdiction,12,Motor Vehicle In-Transport,2,Front-to-Front,0,No,1,Non-Junction,1,Not an Intersection,0,None,,,1,On Roadway,1,Daylight,10,Cloudy,0,No Additional Atmospheric Conditions,10,Cloudy,0,No,0000000,Not Applicable,10,10:00am-10:59am,6,6,10,10:00am-10:59am,9,9,10,10:00am-10:59am,40,40,0,None,0,None,0,None,1,0
2019,40,400396,Oklahoma,2,1,1,0,1,5,6,73,KINGFISHER (73),0,NOT APPLICABLE,1,1,10,October,2019,3,Tuesday,0,0:00am-0:59am,0,0,1,This section IS ON the NHS,1,Rural,3,Principal Arterial - Other,1,State Highway Agency,2,U.S. Highway,US-81,,43,43,35.78480000,35.78480000,-97.950700000,-97.950700000,0,No Special Jurisdiction,14,Parked Motor Vehicle,0,The First Harmful Event was Not a Collision with a Motor Vehicle in Transport,0,No,1,Non-Junction,1,Not an Intersection,0,None,,,2,On Shoulder,3,Dark - Lighted,1,Clear,0,No Additional Atmospheric Conditions,1,Clear,0,No,0000000,Not Applicable,19,7:00pm-7:59pm,17,17,19,7:00pm-7:59pm,23,23,20,8:00pm-8:59pm,30,30,0,None,0,None,0,None,4,0
2019,40,400397,Oklahoma,2,2,0,0,0,3,3,99,MURRAY (99),0,NOT APPLICABLE,1,1,10,October,2019,3,Tuesday,21,9:00pm-9:59pm,43,43,1,This section IS ON the NHS,1,Rural,3,Principal Arterial - Other,31,State Toll Road,8,Other,CHICKASAW TURNPIKE,,87,87,34.58830000,34.58830000,-96.902500000,-96.902500000,0,No Special Jurisdiction,12,Motor Vehicle In-Transport,6,Angle,0,No,1,Non-Junction,1,Not an Intersection,0,None,,,2,On Shoulder,2,Dark - Not Lighted,1,Clear,0,No Additional Atmospheric Conditions,1,Clear,0,No,0000000,Not Applicable,21,9:00pm-9:59pm,43,43,21,9:00pm-9:59pm,49,49,22,10:00pm-10:59pm,11,11,0,None,0,None,0,None,1,0
2019,40,400398,Oklahoma,1,1,0,0,0,2,2,9,BECKHAM (9),0,NOT APPLICABLE,2,2,10,October,2019,4,Wednesday,4,4:00am-4:59am,41,41,0,This section IS NOT on the NHS,1,Rural,5,Major Collector,2,County Highway Agency,4,County Road,CR-1950,,0,None,35.39830000,35.39830000,-99.505400000,-99.505400000,0,No Special Jurisdiction,38,Fence,0,The First Harmful Event was Not a Collision with a Motor Vehicle in Transport,0,No,1,Non-Junction,1,Not an Intersection,0,None,,,4,On Roadside,2,Dark - Not Lighted,1,Clear,0,No Additional Atmospheric Conditions,1,Clear,0,No,0000000,Not Applicable,4,4:00am-4:59am,50,50,5,5:00am-5:59am,30,30,6,6:00am-6:59am,43,43,0,None,0,None,0,None,1,0
2019,40,400399,Oklahoma,2,2,0,0,0,2,2,69,JOHNSTON (69),0,NOT APPLICABLE,2,2,10,October,2019,4,Wednesday,12,12:00pm-12:59pm,26,26,0,This section IS NOT on the NHS,1,Rural,4,Minor Arterial,1,State Highway Agency,2,U.S. Highway,US-377,,86,86,34.34790000,34.34790000,-96.636100000,-96.636100000,0,No Special Jurisdiction,12,Motor Vehicle In-Transport,2,Front-to-Front,0,No,1,Non-Junction,1,Not an Intersection,0,None,,,1,On Roadway,1,Daylight,1,Clear,0,No Additional Atmospheric Conditions,1,Clear,0,No,0000000,Not Applicable,12,12:00pm-12:59pm,25,25,12,12:00pm-12:59pm,34,34,88,Not Applicable (Not Transported),88,Not Applicable (Not Transported),0,None,0,None,0,None,1,0
2019,40,400400,Oklahoma,1,1,0,1,1,1,1,143,TULSA (143),4780,TULSA,5,5,10,October,2019,7,Saturday,19,7:00pm-7:59pm,30,30,0,This section IS NOT on the NHS,2,Urban,4,Minor Arterial,4,City or Municipal Highway Agency,6,Local Street - Municipality,N YALE AVE,,0,None,36.16910000,36.16910000,-95.922400000,-95.922400000,0,No Special Jurisdiction,8,Pedestrian,0,The First Harmful Event was Not a Collision with a Motor Vehicle in Transport,0,No,1,Non-Junction,1,Not an Intersection,0,None,,,1,On Roadway,3,Dark - Lighted,10,Cloudy,0,No Additional Atmospheric Conditions,10,Cloudy,0,No,0000000,Not Applicable,19,7:00pm-7:59pm,30,30,19,7:00pm-7:59pm,36,36,88,Not Applicable (Not Transported),88,Not Applicable (Not Transported),0,None,0,None,0,None,1,0
2019,40,400401,Oklahoma,2,2,0,0,0,2,2,27,CLEVELAND (27),3550,OKLAHOMA CITY,6,6,10,October,2019,1,Sunday,14,2:00pm-2:59pm,43,43,0,This section IS NOT on the NHS,2,Urban,4,Minor Arterial,4,City or Municipal Highway Agency,6,Local Street - Municipality,S PENNSYLVANIA AVE,KINGSWOOD DR,0,None,35.35980000,35.35980000,-97.547700000,-97.547700000,0,No Special Jurisdiction,12,Motor Vehicle In-Transport,6,Angle,0,No,2,Intersection,2,Four-Way Intersection,0,None,,,1,On Roadway,1,Daylight,10,Cloudy,0,No Additional Atmospheric Conditions,10,Cloudy,0,No,0000000,Not Applicable,14,2:00pm-2:59pm,45,45,14,2:00pm-2:59pm,54,54,15,3:00pm-3:59pm,11,11,0,None,0,None,0,None,1,0
2019,40,400402,Oklahoma,1,1,0,0,0,1,1,123,PONTOTOC (123),0,NOT APPLICABLE,10,10,10,October,2019,5,Thursday,7,7:00am-7:59am,29,29,0,This section IS NOT on the NHS,1,Rural,5,Major Collector,1,State Highway Agency,3,State Highway,SR-48,,43,43,34.74000000,34.74000000,-96.438300000,-96.438300000,0,No Special Jurisdiction,35,Embankment,0,The First Harmful Event was Not a Collision with a Motor Vehicle in Transport,0,No,1,Non-Junction,1,Not an Intersection,0,None,,,4,On Roadside,4,Dawn,2,Rain,0,No Additional Atmospheric Conditions,2,Rain,0,No,0000000,Not Applicable,7,7:00am-7:59am,27,27,7,7:00am-7:59am,44,44,88,Not Applicable (Not Transported),88,Not Applicable (Not Transported),0,None,0,None,0,None,1,0
2019,40,400403,Oklahoma,2,2,0,0,0,5,5,117,PAWNEE (117),0,NOT APPLICABLE,16,16,3,March,2019,7,Saturday,14,2:00pm-2:59pm,25,25,0,This section IS NOT on the NHS,1,Rural,5,Major Collector,1,State Highway Agency,3,State Highway,SR-48,,0,None,36.16330000,36.16330000,-96.400800000,-96.400800000,0,No Special Jurisdiction,12,Motor Vehicle In-Transport,6,Angle,0,No,1,Non-Junction,1,Not an Intersection,1,Construction,,,1,On Roadway,1,Daylight,1,Clear,0,No Additional Atmospheric Conditions,1,Clear,0,No,0000000,Not Applicable,14,2:00pm-2:59pm,34,34,15,3:00pm-3:59pm,1,1,15,3:00pm-3:59pm,29,29,3,Other Maintenance or Construction-Created Condition,0,None,0,None,1,0