caseyear,state,st_case,statename,ve_total,ve_forms,pvh_invl,peds,pernotmvit,permvit,persons,county,countyname,city,cityname,day,dayname,month,monthname,year,day_week,day_weekname,hour,hourname,minute,minutename,nhs,nhsname,rur_urb,rur_urbname,func_sys,func_sysname,rd_owner,rd_ownername,route,routename,tway_id,tway_id2,milept,mileptname,latitude,latitudename,longitud,longitudname,sp_jur,sp_jurname,harm_ev,harm_evname,man_coll,man_collname,reljct1,reljct1name,reljct2,reljct2name,typ_int,typ_intname,wrk_zone,wrk_zonename,road_fnc,road_fncname,rel_road,rel_roadname,lgt_cond,lgt_condname,weather1,weather1name,weather2,weather2name,weather,weathername,sch_bus,sch_busname,rail,railname,not_hour,not_hourname,not_min,not_minname,arr_hour,arr_hourname,arr_min,arr_minname,hosp_hr,hosp_hrname,hosp_mn,hosp_mnname,cf1,cf1name,cf2,cf2name,cf3,cf3name,fatals,drunk_dr
2019,40,400404,Oklahoma,1,1,0,1,1,1,1,21,CHEROKEE (21),4600,TAHLEQUAH,25,25,6,June,2019,3,Tuesday,16,4:00pm-4:59pm,40,40,0,This section IS NOT on the NHS,2,Urban,3,Principal Arterial - Other,1,State Highway Agency,3,State Highway,SR-51,US-62,0,None,35.91534722,35.91534722,-94.955352780,-94.955352780,0,No Special Jurisdiction,8,Pedestrian,0,The First Harmful Event was Not a Collision with a Motor Vehicle in Transport,0,No,3,Intersection-Related,2,Four-Way Intersection,0,None,,,1,On Roadway,1,Daylight,1,Clear,0,No Additional Atmospheric Conditions,1,Clear,0,No,0000000,Not Applicable,99,Unknown,99,Unknown,99,Unknown EMS Scene Arrival Hour,99,Unknown EMS Scene Arrival Minutes,88,Not Applicable (Not Transported),88,Not Applicable (Not Transported),0,None,0,None,0,None,1,0
2019,40,400405,Oklahoma,2,2,0,0,0,3,3,21,CHEROKEE (21),4600,TAHLEQUAH,29,29,6,June,2019,7,Saturday,15,3:00pm-3:59pm,39,39,0,This section IS NOT on the NHS,2,Urban,3,Principal Arterial - Other,1,State Highway Agency,3,State Highway,SR-51,W 4TH ST,0,None,35.90083611,35.90083611,-94.960922220,-94.960922220,0,No Special Jurisdiction,12,Motor Vehicle In-Transport,6,Angle,0,No,2,Intersection,2,Four-Way Intersection,0,None,,,1,On Roadway,1,Daylight,1,Clear,0,No Additional Atmospheric Conditions,1,Clear,0,No,0000000,Not Applicable,99,Unknown,99,Unknown,99,Unknown EMS Scene Arrival Hour,99,Unknown EMS Scene Arrival Minutes,99,Unknown,99,Unknown EMS Hospital Arrival Time,0,None,0,None,0,None,1,0
2019,40,400406,Oklahoma,2,2,0,0,0,3,3,133,SEMINOLE (133),4240,SEMINOLE,11,11,7,July,2019,5,Thursday,21,9:00pm-9:59pm,17,17,0,This section IS NOT on the NHS,2,Urban,4,Minor Arterial,1,State Highway Agency,3,State Highway,SR-9,,0,None,35.24644722,35.24644722,-96.686691670,-96.686691670,0,No Special Jurisdiction,12,Motor Vehicle In-Transport,98,Not Reported,0,No,1,Non-Junction,1,Not an Intersection,0,None,,,1,On Roadway,3,Dark - Lighted,1,Clear,0,No Additional Atmospheric Conditions,1,Clear,0,No,0000000,Not Applicable,99,Unknown,99,Unknown,99,Unknown EMS Scene Arrival Hour,99,Unknown EMS Scene Arrival Minutes,99,Unknown,99,Unknown EMS Hospital Arrival Time,0,None,0,None,0,None,1,0
2019,40,400407,Oklahoma,2,2,0,0,0,3,3,87,MCCLAIN (87),440,BLANCHARD,31,31,7,July,2019,4,Wednesday,7,7:00am-7:59am,52,52,0,This section IS NOT on the NHS,1,Rural,5,Major Collector,1,State Highway Agency,3,State Highway,SR-76,,0,None,35.20537222,35.20537222,-97.653161110,-97.653161110,0,No Special Jurisdiction,12,Motor Vehicle In-Transport,2,Front-to-Front,0,No,1,Non-Junction,1,Not an Intersection,0,None,,,1,On Roadway,1,Daylight,1,Clear,0,No Additional Atmospheric Conditions,1,Clear,0,No,0000000,Not Applicable,7,7:00am-7:59am,32,32,7,7:00am-7:59am,48,48,8,8:00am-8:59am,44,44,0,None,0,None,0,None,1,0
2019,40,400408,Oklahoma,2,2,0,0,0,4,4,51,GRADY (51),960,CHICKASHA,1,1,9,September,2019,1,Sunday,11,11:00am-11:59am,30,30,1,This section IS ON the NHS,1,Rural,3,Principal Arterial - Other,1,State Highway Agency,2,U.S. Highway,US-81,ALMAR DR,0,None,35.02014167,35.02014167,-97.934944440,-97.934944440,0,No Special Jurisdiction,12,Motor Vehicle In-Transport,6,Angle,0,No,5,Entrance/Exit Ramp Related,1,Not an Intersection,0,None,,,1,On Roadway,1,Daylight,1,Clear,0,No Additional Atmospheric Conditions,1,Clear,0,No,0000000,Not Applicable,11,11:00am-11:59am,43,43,12,12:00pm-12:59pm,3,3,12,12:00pm-12:59pm,57,57,0,None,0,None,0,None,1,0
2019,40,400409,Oklahoma,1,1,0,0,0,1,1,87,MCCLAIN (87),1877,GOLDSBY,11,11,10,October,2019,6,Friday,8,8:00am-8:59am,18,18,1,This section IS ON the NHS,1,Rural,1,Interstate,1,State Highway Agency,1,Interstate,I-35,,0,None,35.15200000,35.15200000,-97.475600000,-97.475600000,0,No Special Jurisdiction,1,Rollover/Overturn,0,The First Harmful Event was Not a Collision with a Motor Vehicle in Transport,0,No,1,Non-Junction,1,Not an Intersection,0,None,,,2,On Shoulder,1,Daylight,1,Clear,0,No Additional Atmospheric Conditions,1,Clear,0,No,0000000,Not Applicable,99,Unknown,99,Unknown,99,Unknown EMS Scene Arrival Hour,99,Unknown EMS Scene Arrival Minutes,88,Not Applicable (Not Transported),88,Not Applicable (Not Transported),0,None,0,None,0,None,1,1
2019,40,400410,Oklahoma,1,1,0,0,0,1,1,23,CHOCTAW (23),0,NOT APPLICABLE,16,16,10,October,2019,4,Wednesday,8,8:00am-8:59am,22,22,1,This section IS ON the NHS,1,Rural,3,Principal Arterial - Other,1,State Highway Agency,2,U.S. Highway,US-70,,24,24,33.99720000,33.99720000,-95.433500000,-95.433500000,0,No Special Jurisdiction,30,Utility Pole/Light Support,0,The First Harmful Event was Not a Collision with a Motor Vehicle in Transport,0,No,1,Non-Junction,1,Not an Intersection,0,None,,,4,On Roadside,1,Daylight,1,Clear,0,No Additional Atmospheric Conditions,1,Clear,0,No,0000000,Not Applicable,8,8:00am-8:59am,27,27,8,8:00am-8:59am,31,31,88,Not Applicable (Not Transported),88,Not Applicable (Not Transported),0,None,0,None,0,None,1,0
2019,40,400411,Oklahoma,2,2,0,0,0,4,4,143,TULSA (143),4780,TULSA,18,18,10,October,2019,6,Friday,21,9:00pm-9:59pm,23,23,0,This section IS NOT on the NHS,2,Urban,4,Minor Arterial,4,City or Municipal Highway Agency,6,Local Street - Municipality,E 11TH ST,S 129TH E AVE,0,None,36.14790000,36.14790000,-95.833300000,-95.833300000,0,No Special Jurisdiction,12,Motor Vehicle In-Transport,6,Angle,0,No,2,Intersection,2,Four-Way Intersection,0,None,,,1,On Roadway,3,Dark - Lighted,1,Clear,0,No Additional Atmospheric Conditions,1,Clear,0,No,0000000,Not Applicable,21,9:00pm-9:59pm,24,24,21,9:00pm-9:59pm,28,28,21,9:00pm-9:59pm,57,57,20,Police Pursuit Involved,0,None,0,None,1,0
2019,40,400412,Oklahoma,1,1,0,0,0,1,1,143,TULSA (143),4780,TULSA,22,22,10,October,2019,3,Tuesday,1,1:00am-1:59am,7,7,1,This section IS ON the NHS,2,Urban,3,Principal Arterial - Other,1,State Highway Agency,2,U.S. Highway,US-64,,0,None,36.15857222,36.15857222,-96.038263890,-96.038263890,0,No Special Jurisdiction,18,Other Object (not fixed),0,The First Harmful Event was Not a Collision with a Motor Vehicle in Transport,0,No,1,Non-Junction,1,Not an Intersection,0,None,,,3,On Median,3,Dark - Lighted,1,Clear,0,No Additional Atmospheric Conditions,1,Clear,0,No,0000000,Not Applicable,99,Unknown,98,Unknown if Notified,99,Unknown EMS Scene Arrival Hour,98,Unknown if Arrived,88,Not Applicable (Not Transported),88,Not Applicable (Not Transported),0,None,0,None,0,None,1,0
2019,40,400413,Oklahoma,2,2,0,0,0,4,4,109,OKLAHOMA (109),3550,OKLAHOMA CITY,25,25,8,August,2019,1,Sunday,18,6:00pm-6:59pm,5,5,1,This section IS ON the NHS,2,Urban,1,Interstate,1,State Highway Agency,1,Interstate,I-235,,0,None,35.46240000,35.46240000,-97.493000000,-97.493000000,0,No Special Jurisdiction,12,Motor Vehicle In-Transport,1,Front-to-Rear,0,No,1,Non-Junction,1,Not an Intersection,0,None,,,1,On Roadway,1,Daylight,1,Clear,0,No Additional Atmospheric Conditions,1,Clear,0,No,0000000,Not Applicable,18,6:00pm-6:59pm,5,5,18,6:00pm-6:59pm,14,14,18,6:00pm-6:59pm,20,20,0,None,0,None,0,None,1,1
2019,40,400414,Oklahoma,2,2,0,0,0,6,6,113,OSAGE (113),0,NOT APPLICABLE,10,10,9,September,2019,3,Tuesday,16,4:00pm-4:59pm,10,10,0,This section IS NOT on the NHS,1,Rural,5,Major Collector,1,State Highway Agency,3,State Highway,SR-11,,103,103,36.59330000,36.59330000,-96.214200000,-96.214200000,0,No Special Jurisdiction,12,Motor Vehicle In-Transport,2,Front-to-Front,0,No,1,Non-Junction,1,Not an Intersection,0,None,,,1,On Roadway,1,Daylight,1,Clear,0,No Additional Atmospheric Conditions,1,Clear,0,No,0000000,Not Applicable,16,4:00pm-4:59pm,17,17,16,4:00pm-4:59pm,56,56,17,5:00pm-5:59pm,42,42,0,None,0,None,0,None,2,0
2019,40,400415,Oklahoma,2,2,0,0,0,3,3,31,COMANCHE (31),0,NOT APPLICABLE,10,10,9,September,2019,3,Tuesday,17,5:00pm-5:59pm,22,22,0,This section IS NOT on the NHS,1,Rural,4,Minor Arterial,1,State Highway Agency,2,U.S. Highway,US-62,,37,37,34.77270000,34.77270000,-98.386900000,-98.386900000,0,No Special Jurisdiction,12,Motor Vehicle In-Transport,2,Front-to-Front,0,No,1,Non-Junction,1,Not an Intersection,0,None,,,1,On Roadway,1,Daylight,10,Cloudy,0,No Additional Atmospheric Conditions,10,Cloudy,0,No,0000000,Not Applicable,17,5:00pm-5:59pm,49,49,18,6:00pm-6:59pm,15,15,19,7:00pm-7:59pm,4,4,0,None,0,None,0,None,2,1
2019,40,400416,Oklahoma,2,2,0,0,0,3,3,15,CADDO (15),0,NOT APPLICABLE,12,12,9,September,2019,5,Thursday,13,1:00pm-1:59pm,35,35,0,This section IS NOT on the NHS,1,Rural,5,Major Collector,2,County Highway Agency,4,County Road,CR-1380,CR-2550,0,None,35.01480000,35.01480000,-98.444900000,-98.444900000,0,No Special Jurisdiction,12,Motor Vehicle In-Transport,6,Angle,0,No,2,Intersection,2,Four-Way Intersection,0,None,,,1,On Roadway,1,Daylight,10,Cloudy,0,No Additional Atmospheric Conditions,10,Cloudy,0,No,0000000,Not Applicable,99,Unknown,99,Unknown,99,Unknown EMS Scene Arrival Hour,99,Unknown EMS Scene Arrival Minutes,88,Not Applicable (Not Transported),88,Not Applicable (Not Transported),0,None,0,None,0,None,1,0
2019,40,400417,Oklahoma,2,2,0,0,0,2,2,137,STEPHENS (137),0,NOT APPLICABLE,23,23,9,September,2019,2,Monday,22,10:00pm-10:59pm,45,45,0,This section IS NOT on the NHS,1,Rural,7,Local,2,County Highway Agency,4,County Road,CR-SANDHILL,,0,None,34.65240000,34.65240000,-97.904600000,-97.904600000,0,No Special Jurisdiction,12,Motor Vehicle In-Transport,2,Front-to-Front,0,No,1,Non-Junction,1,Not an Intersection,0,None,,,1,On Roadway,2,Dark - Not Lighted,10,Cloudy,0,No Additional Atmospheric Conditions,10,Cloudy,0,No,0000000,Not Applicable,22,10:00pm-10:59pm,57,57,0,0:00am-0:59am,5,5,1,1:00am-1:59am,23,23,0,None,0,None,0,None,1,1
2019,40,400418,Oklahoma,1,1,0,0,0,1,1,51,GRADY (51),0,NOT APPLICABLE,15,15,9,September,2019,1,Sunday,16,4:00pm-4:59pm,15,15,1,This section IS ON the NHS,1,Rural,1,Interstate,1,State Highway Agency,1,Interstate,I-44,,0,None,34.92260000,34.92260000,-98.043400000,-98.043400000,0,No Special Jurisdiction,1,Rollover/Overturn,0,The First Harmful Event was Not a Collision with a Motor Vehicle in Transport,0,No,1,Non-Junction,1,Not an Intersection,0,None,,,4,On Roadside,1,Daylight,1,Clear,0,No Additional Atmospheric Conditions,1,Clear,0,No,0000000,Not Applicable,16,4:00pm-4:59pm,17,17,16,4:00pm-4:59pm,18,18,17,5:00pm-5:59pm,23,23,0,None,0,None,0,None,1,0
2019,40,400419,Oklahoma,1,1,0,0,0,1,1,97,MAYES (97),0,NOT APPLICABLE,23,23,9,September,2019,2,Monday,13,1:00pm-1:59pm,50,50,1,This section IS ON the NHS,1,Rural,3,Principal Arterial - Other,1,State Highway Agency,2,U.S. Highway,US-412,,52,52,36.16670000,36.16670000,-95.346800000,-95.346800000,0,No Special Jurisdiction,23,Bridge Rail (Includes parapet),0,The First Harmful Event was Not a Collision with a Motor Vehicle in Transport,0,No,1,Non-Junction,1,Not an Intersection,0,None,,,4,On Roadside,1,Daylight,10,Cloudy,0,No Additional Atmospheric Conditions,10,Cloudy,0,No,0000000,Not Applicable,13,1:00pm-1:59pm,42,42,13,1:00pm-1:59pm,56,56,88,Not Applicable (Not Transported),88,Not Applicable (Not Transported),0,None,0,None,0,None,1,1
2019,40,400420,Oklahoma,1,1,0,0,0,1,1,137,STEPHENS (137),1420,DUNCAN,1,1,6,June,2019,7,Saturday,11,11:00am-11:59am,47,47,0,This section IS NOT on the NHS,1,Rural,7,Local,4,City or Municipal Highway Agency,6,Local Street - Municipality,E ROSE RD,,0,None,34.60899722,34.60899722,-97.902808330,-97.902808330,0,No Special Jurisdiction,52,Guardrail End,0,The First Harmful Event was Not a Collision with a Motor Vehicle in Transport,0,No,1,Non-Junction,1,Not an Intersection,0,None,,,4,On Roadside,1,Daylight,10,Cloudy,0,No Additional Atmospheric Conditions,10,Cloudy,0,No,0000000,Not Applicable,99,Unknown,98,Unknown if Notified,99,Unknown EMS Scene Arrival Hour,98,Unknown if Arrived,88,Not Applicable (Not Transported),88,Not Applicable (Not Transported),0,None,0,None,0,None,1,0
2019,40,400421,Oklahoma,2,2,0,0,0,4,4,147,WASHINGTON (147),300,BARTLESVILLE,16,16,7,July,2019,3,Tuesday,12,12:00pm-12:59pm,36,36,0,This section IS NOT on the NHS,2,Urban,7,Local,4,City or Municipal Highway Agency,6,Local Street - Municipality,SANTA FE AVE,14TH ST,0,None,36.73891389,36.73891389,-95.984241670,-95.984241670,0,No Special Jurisdiction,12,Motor Vehicle In-Transport,6,Angle,0,No,2,Intersection,3,T-Intersection,0,None,,,1,On Roadway,1,Daylight,1,Clear,0,No Additional Atmospheric Conditions,1,Clear,0,No,0000000,Not Applicable,99,Unknown,98,Unknown if Notified,99,Unknown EMS Scene Arrival Hour,98,Unknown if Arrived,88,Not Applicable (Not Transported),88,Not Applicable (Not Transported),0,None,0,None,0,None,1,0
2019,40,400422,Oklahoma,2,2,0,0,0,3,3,79,LE FLORE (79),3840,POTEAU,9,9,8,August,2019,6,Friday,15,3:00pm-3:59pm,39,39,1,This section IS ON the NHS,1,Rural,3,Principal Arterial - Other,1,State Highway Agency,2,U.S. Highway,US-59,BURKLE AVE,0,None,35.07281111,35.07281111,-94.640605560,-94.640605560,0,No Special Jurisdiction,12,Motor Vehicle In-Transport,6,Angle,0,No,2,Intersection,2,Four-Way Intersection,0,None,,,1,On Roadway,1,Daylight,10,Cloudy,0,No Additional Atmospheric Conditions,10,Cloudy,0,No,0000000,Not Applicable,99,Unknown,99,Unknown,99,Unknown EMS Scene Arrival Hour,99,Unknown EMS Scene Arrival Minutes,99,Unknown,99,Unknown EMS Hospital Arrival Time,0,None,0,None,0,None,1,0
2019,40,400423,Oklahoma,1,1,0,0,0,1,1,111,OKMULGEE (111),0,NOT APPLICABLE,14,14,9,September,2019,7,Saturday,18,6:00pm-6:59pm,15,15,1,This section IS ON the NHS,1,Rural,3,Principal Arterial - Other,1,State Highway Agency,2,U.S. Highway,US-75,,114,114,35.76170000,35.76170000,-96.015300000,-96.015300000,0,No Special Jurisdiction,35,Embankment,0,The First Harmful Event was Not a Collision with a Motor Vehicle in Transport,0,No,1,Non-Junction,1,Not an Intersection,0,None,,,4,On Roadside,1,Daylight,1,Clear,0,No Additional Atmospheric Conditions,1,Clear,0,No,0000000,Not Applicable,99,Unknown,99,Unknown,99,Unknown EMS Scene Arrival Hour,99,Unknown EMS Scene Arrival Minutes,99,Unknown,99,Unknown EMS Hospital Arrival Time,0,None,0,None,0,None,1,0
2019,40,400424,Oklahoma,1,1,0,0,0,1,1,143,TULSA (143),4780,TULSA,16,16,9,September,2019,2,Monday,6,6:00am-6:59am,22,22,1,This section IS ON the NHS,2,Urban,1,Interstate,1,State Highway Agency,1,Interstate,I-44,,0,None,36.10340000,36.10340000,-95.910500000,-95.910500000,0,No Special Jurisdiction,20,Impact Attenuator/Crash Cushion,0,The First Harmful Event was Not a Collision with a Motor Vehicle in Transport,0,No,1,Non-Junction,1,Not an Intersection,0,None,,,4,On Roadside,3,Dark - Lighted,1,Clear,0,No Additional Atmospheric Conditions,1,Clear,0,No,0000000,Not Applicable,99,Unknown,98,Unknown if Notified,99,Unknown EMS Scene Arrival Hour,98,Unknown if Arrived,88,Not Applicable (Not Transported),88,Not Applicable (Not Transported),0,None,0,None,0,None,1,0
2019,40,400425,Oklahoma,2,2,0,0,0,4,4,135,SEQUOYAH (135),0,NOT APPLICABLE,21,21,9,September,2019,7,Saturday,12,12:00pm-12:59pm,54,54,1,This section IS ON the NHS,1,Rural,3,Principal Arterial - Other,1,State Highway Agency,2,U.S. Highway,US-59,,100,100,35.37840000,35.37840000,-94.802500000,-94.802500000,0,No Special Jurisdiction,12,Motor Vehicle In-Transport,1,Front-to-Rear,0,No,8,Driveway Access Related,1,Not an Intersection,0,None,,,1,On Roadway,1,Daylight,10,Cloudy,0,No Additional Atmospheric Conditions,10,Cloudy,0,No,0000000,Not Applicable,12,12:00pm-12:59pm,55,55,13,1:00pm-1:59pm,14,14,14,2:00pm-2:59pm,12,12,0,None,0,None,0,None,1,0
2019,40,400426,Oklahoma,3,3,0,0,0,4,4,121,PITTSBURG (121),0,NOT APPLICABLE,7,7,10,October,2019,2,Monday,7,7:00am-7:59am,32,32,0,This section IS NOT on the NHS,1,Rural,4,Minor Arterial,1,State Highway Agency,2,U.S. Highway,US-270,,88,88,34.89390000,34.89390000,-95.630500000,-95.630500000,0,No Special Jurisdiction,12,Motor Vehicle In-Transport,8,Sideswipe - Opposite Direction,0,No,1,Non-Junction,1,Not an Intersection,0,None,,,1,On Roadway,1,Daylight,1,Clear,0,No Additional Atmospheric Conditions,1,Clear,0,No,0000000,Not Applicable,7,7:00am-7:59am,34,34,7,7:00am-7:59am,41,41,8,8:00am-8:59am,8,8,0,None,0,None,0,None,1,0
2019,40,400427,Oklahoma,2,2,0,0,0,2,2,149,WASHITA (149),0,NOT APPLICABLE,7,7,10,October,2019,2,Monday,9,9:00am-9:59am,54,54,0,This section IS NOT on the NHS,1,Rural,5,Major Collector,1,State Highway Agency,3,State Highway,SR-55,CR-216,25,25,35.16030000,35.16030000,-99.131200000,-99.131200000,0,No Special Jurisdiction,12,Motor Vehicle In-Transport,6,Angle,0,No,2,Intersection,2,Four-Way Intersection,0,None,,,1,On Roadway,1,Daylight,1,Clear,0,No Additional Atmospheric Conditions,1,Clear,0,No,0000000,Not Applicable,10,10:00am-10:59am,7,7,10,10:00am-10:59am,35,35,11,11:00am-11:59am,28,28,0,None,0,None,0,None,1,0
2019,40,400428,Oklahoma,2,2,0,0,0,2,2,139,TEXAS (139),0,NOT APPLICABLE,14,14,10,October,2019,2,Monday,20,8:00pm-8:59pm,30,30,0,This section IS NOT on the NHS,1,Rural,7,Local,2,County Highway Agency,4,County Road,CR-E30,CR-NS77,0,None,36.96460000,36.96460000,-101.631600000,-101.631600000,0,No Special Jurisdiction,12,Motor Vehicle In-Transport,6,Angle,0,No,2,Intersection,2,Four-Way Intersection,0,None,,,1,On Roadway,1,Daylight,1,Clear,0,No Additional Atmospheric Conditions,1,Clear,0,No,0000000,Not Applicable,99,Unknown,99,Unknown,99,Unknown EMS Scene Arrival Hour,99,Unknown EMS Scene Arrival Minutes,88,Not Applicable (Not Transported),88,Not Applicable (Not Transported),0,None,0,None,0,None,1,0
2019,40,400429,Oklahoma,1,1,0,0,0,1,1,1,ADAIR (1),0,NOT APPLICABLE,17,17,10,October,2019,5,Thursday,15,3:00pm-3:59pm,50,50,0,This section IS NOT on the NHS,1,Rural,5,Major Collector,2,County Highway Agency,4,County Road,CR-4690,,0,None,35.98840000,35.98840000,-94.655000000,-94.655000000,0,No Special Jurisdiction,42,Tree (Standing Only),0,The First Harmful Event was Not a Collision with a Motor Vehicle in Transport,0,No,1,Non-Junction,1,Not an Intersection,0,None,,,4,On Roadside,1,Daylight,1,Clear,0,No Additional Atmospheric Conditions,1,Clear,0,No,0000000,Not Applicable,15,3:00pm-3:59pm,36,36,15,3:00pm-3:59pm,48,48,88,Not Applicable (Not Transported),88,Not Applicable (Not Transported),0,None,0,None,0,None,1,0
2019,40,400430,Oklahoma,1,1,0,2,2,1,1,143,TULSA (143),4780,TULSA,18,18,10,October,2019,6,Friday,23,11:00pm-11:59pm,45,45,0,This section IS NOT on the NHS,2,Urban,4,Minor Arterial,4,City or Municipal Highway Agency,6,Local Street - Municipality,E ADMIRAL PL,,0,None,36.16050000,36.16050000,-95.766200000,-95.766200000,0,No Special Jurisdiction,8,Pedestrian,0,The First Harmful Event was Not a Collision with a Motor Vehicle in Transport,0,No,1,Non-Junction,1,Not an Intersection,0,None,,,1,On Roadway,2,Dark - Not Lighted,1,Clear,0,No Additional Atmospheric Conditions,1,Clear,0,No,0000000,Not Applicable,23,11:00pm-11:59pm,50,50,0,0:00am-0:59am,2,2,0,0:00am-0:59am,28,28,0,None,0,None,0,None,1,0
2019,40,400431,Oklahoma,1,1,0,1,1,1,1,109,OKLAHOMA (109),1300,DEL CITY,20,20,10,October,2019,1,Sunday,6,6:00am-6:59am,48,48,1,This section IS ON the NHS,2,Urban,1,Interstate,1,State Highway Agency,1,Interstate,I-40,,0,None,35.44750000,35.44750000,-97.427800000,-97.427800000,0,No Special Jurisdiction,8,Pedestrian,0,The First Harmful Event was Not a Collision with a Motor Vehicle in Transport,0,No,1,Non-Junction,1,Not an Intersection,0,None,,,1,On Roadway,3,Dark - Lighted,1,Clear,0,No Additional Atmospheric Conditions,1,Clear,0,No,0000000,Not Applicable,99,Unknown,99,Unknown,99,Unknown EMS Scene Arrival Hour,99,Unknown EMS Scene Arrival Minutes,88,Not Applicable (Not Transported),88,Not Applicable (Not Transported),0,None,0,None,0,None,1,0
2019,40,400432,Oklahoma,2,2,0,0,0,2,2,115,OTTAWA (115),0,NOT APPLICABLE,22,22,10,October,2019,3,Tuesday,7,7:00am-7:59am,35,35,0,This section IS NOT on the NHS,1,Rural,4,Minor Arterial,1,State Highway Agency,2,U.S. Highway,US-59,,147,147,36.82570000,36.82570000,-94.924100000,-94.924100000,0,No Special Jurisdiction,12,Motor Vehicle In-Transport,2,Front-to-Front,0,No,1,Non-Junction,1,Not an Intersection,0,None,,,1,On Roadway,1,Daylight,1,Clear,0,No Additional Atmospheric Conditions,1,Clear,0,No,0000000,Not Applicable,99,Unknown,99,Unknown,99,Unknown EMS Scene Arrival Hour,99,Unknown EMS Scene Arrival Minutes,99,Unknown,99,Unknown EMS Hospital Arrival Time,0,None,0,None,0,None,1,0
2019,40,400433,Oklahoma,2,2,0,0,0,2,2,109,OKLAHOMA (109),3550,OKLAHOMA CITY,23,23,10,October,2019,4,Wednesday,6,6:00am-6:59am,45,45,0,This section IS NOT on the NHS,2,Urban,3,Principal Arterial - Other,1,State Highway Agency,2,U.S. Highway,US-62,,0,None,35.49320000,35.49320000,-97.433400000,-97.433400000,0,No Special Jurisdiction,12,Motor Vehicle In-Transport,6,Angle,0,No,1,Non-Junction,1,Not an Intersection,0,None,,,1,On Roadway,2,Dark - Not Lighted,1,Clear,0,No Additional Atmospheric Conditions,1,Clear,0,No,0000000,Not Applicable,6,6:00am-6:59am,46,46,6,6:00am-6:59am,53,53,7,7:00am-7:59am,12,12,0,None,0,None,0,None,2,0
2019,40,400434,Oklahoma,3,3,0,0,0,3,3,1,ADAIR (1),0,NOT APPLICABLE,24,24,10,October,2019,5,Thursday,10,10:00am-10:59am,18,18,0,This section IS NOT on the NHS,1,Rural,3,Principal Arterial - Other,1,State Highway Agency,3,State Highway,SR-51,CR-4720,7,7,35.82660000,35.82660000,-94.613000000,-94.613000000,0,No Special Jurisdiction,12,Motor Vehicle In-Transport,6,Angle,0,No,2,Intersection,3,T-Intersection,0,None,,,1,On Roadway,1,Daylight,2,Rain,0,No Additional Atmospheric Conditions,2,Rain,0,No,0000000,Not Applicable,10,10:00am-10:59am,21,21,10,10:00am-10:59am,23,23,11,11:00am-11:59am,1,1,0,None,0,None,0,None,2,0
2019,40,400436,Oklahoma,2,2,0,0,0,3,3,131,ROGERS (131),0,NOT APPLICABLE,9,9,10,October,2019,4,Wednesday,6,6:00am-6:59am,12,12,0,This section IS NOT on the NHS,2,Urban,3,Principal Arterial - Other,1,State Highway Agency,3,State Highway,SR-20,CR-177TH E AVE,20,20,36.32180000,36.32180000,-95.776300000,-95.776300000,0,No Special Jurisdiction,12,Motor Vehicle In-Transport,6,Angle,0,No,2,Intersection,2,Four-Way Intersection,0,None,,,1,On Roadway,2,Dark - Not Lighted,10,Cloudy,0,No Additional Atmospheric Conditions,10,Cloudy,0,No,0000000,Not Applicable,6,6:00am-6:59am,19,19,6,6:00am-6:59am,30,30,7,7:00am-7:59am,18,18,0,None,0,None,0,None,1,0
2019,40,400437,Oklahoma,2,1,1,0,2,2,4,115,OTTAWA (115),0,NOT APPLICABLE,19,19,10,October,2019,7,Saturday,8,8:00am-8:59am,19,19,1,This section IS ON the NHS,1,Rural,1,Interstate,1,State Highway Agency,1,Interstate,I-44,,0,None,36.72000000,36.72000000,-94.941200000,-94.941200000,0,No Special Jurisdiction,14,Parked Motor Vehicle,0,The First Harmful Event was Not a Collision with a Motor Vehicle in Transport,0,No,1,Non-Junction,1,Not an Intersection,0,None,,,2,On Shoulder,1,Daylight,2,Rain,0,No Additional Atmospheric Conditions,2,Rain,0,No,0000000,Not Applicable,99,Unknown,99,Unknown,99,Unknown EMS Scene Arrival Hour,99,Unknown EMS Scene Arrival Minutes,88,Not Applicable (Not Transported),88,Not Applicable (Not Transported),23,Indication of a Stalled/Disabled Vehicle,0,None,0,None,2,0
2019,40,400438,Oklahoma,1,1,0,0,0,1,1,131,ROGERS (131),0,NOT APPLICABLE,20,20,10,October,2019,1,Sunday,18,6:00pm-6:59pm,15,15,0,This section IS NOT on the NHS,1,Rural,5,Major Collector,2,County Highway Agency,4,County Road,CR-161ST E AVE,,0,None,36.19000000,36.19000000,-95.797400000,-95.797400000,0,No Special Jurisdiction,1,Rollover/Overturn,0,The First Harmful Event was Not a Collision with a Motor Vehicle in Transport,0,No,1,Non-Junction,1,Not an Intersection,0,None,,,4,On Roadside,5,Dusk,10,Cloudy,0,No Additional Atmospheric Conditions,10,Cloudy,0,No,0000000,Not Applicable,18,6:00pm-6:59pm,4,4,18,6:00pm-6:59pm,15,15,19,7:00pm-7:59pm,4,4,0,None,0,None,0,None,1,0