caseyear,state,st_case,statename,ve_total,ve_forms,pvh_invl,peds,pernotmvit,permvit,persons,county,countyname,city,cityname,day,dayname,month,monthname,year,day_week,day_weekname,hour,hourname,minute,minutename,nhs,nhsname,rur_urb,rur_urbname,func_sys,func_sysname,rd_owner,rd_ownername,route,routename,tway_id,tway_id2,milept,mileptname,latitude,latitudename,longitud,longitudname,sp_jur,sp_jurname,harm_ev,harm_evname,man_coll,man_collname,reljct1,reljct1name,reljct2,reljct2name,typ_int,typ_intname,wrk_zone,wrk_zonename,road_fnc,road_fncname,rel_road,rel_roadname,lgt_cond,lgt_condname,weather1,weather1name,weather2,weather2name,weather,weathername,sch_bus,sch_busname,rail,railname,not_hour,not_hourname,not_min,not_minname,arr_hour,arr_hourname,arr_min,arr_minname,hosp_hr,hosp_hrname,hosp_mn,hosp_mnname,cf1,cf1name,cf2,cf2name,cf3,cf3name,fatals,drunk_dr
2019,40,400472,Oklahoma,1,1,0,1,1,2,2,17,CANADIAN (17),720,CALUMET,9,9,11,November,2019,7,Saturday,2,2:00am-2:59am,6,6,0,This section IS NOT on the NHS,1,Rural,5,Major Collector,1,State Highway Agency,2,U.S. Highway,US-270,,0,None,35.59870000,35.59870000,-98.118700000,-98.118700000,0,No Special Jurisdiction,8,Pedestrian,0,The First Harmful Event was Not a Collision with a Motor Vehicle in Transport,0,No,1,Non-Junction,1,Not an Intersection,0,None,,,1,On Roadway,2,Dark - Not Lighted,1,Clear,0,No Additional Atmospheric Conditions,1,Clear,0,No,0000000,Not Applicable,99,Unknown,99,Unknown,99,Unknown EMS Scene Arrival Hour,99,Unknown EMS Scene Arrival Minutes,88,Not Applicable (Not Transported),88,Not Applicable (Not Transported),0,None,0,None,0,None,1,1
2019,40,400473,Oklahoma,1,1,0,0,0,1,1,87,MCCLAIN (87),5060,WAYNE,10,10,11,November,2019,1,Sunday,21,9:00pm-9:59pm,11,11,0,This section IS NOT on the NHS,1,Rural,5,Major Collector,1,State Highway Agency,3,State Highway,SR-74,,0,None,34.90650000,34.90650000,-97.406400000,-97.406400000,0,No Special Jurisdiction,1,Rollover/Overturn,0,The First Harmful Event was Not a Collision with a Motor Vehicle in Transport,0,No,1,Non-Junction,1,Not an Intersection,0,None,,,1,On Roadway,2,Dark - Not Lighted,1,Clear,0,No Additional Atmospheric Conditions,1,Clear,0,No,0000000,Not Applicable,99,Unknown,99,Unknown,99,Unknown EMS Scene Arrival Hour,99,Unknown EMS Scene Arrival Minutes,99,Unknown,99,Unknown EMS Hospital Arrival Time,0,None,0,None,0,None,1,0
2019,40,400474,Oklahoma,1,1,0,1,1,1,1,17,CANADIAN (17),3550,OKLAHOMA CITY,16,16,11,November,2019,7,Saturday,9,9:00am-9:59am,21,21,0,This section IS NOT on the NHS,2,Urban,7,Local,4,City or Municipal Highway Agency,6,Local Street - Municipality,N OVERHOLSER DR,,0,None,35.51140000,35.51140000,-97.692700000,-97.692700000,0,No Special Jurisdiction,8,Pedestrian,0,The First Harmful Event was Not a Collision with a Motor Vehicle in Transport,0,No,1,Non-Junction,1,Not an Intersection,0,None,,,1,On Roadway,1,Daylight,1,Clear,0,No Additional Atmospheric Conditions,1,Clear,0,No,0000000,Not Applicable,9,9:00am-9:59am,23,23,9,9:00am-9:59am,30,30,9,9:00am-9:59am,58,58,0,None,0,None,0,None,1,0
2019,40,400475,Oklahoma,2,2,0,0,0,2,2,101,MUSKOGEE (101),0,NOT APPLICABLE,17,17,11,November,2019,1,Sunday,3,3:00am-3:59am,56,56,1,This section IS ON the NHS,1,Rural,3,Principal Arterial - Other,1,State Highway Agency,2,U.S. Highway,US-69,,132,132,35.71710000,35.71710000,-95.402700000,-95.402700000,0,No Special Jurisdiction,12,Motor Vehicle In-Transport,2,Front-to-Front,0,No,1,Non-Junction,1,Not an Intersection,0,None,,,1,On Roadway,3,Dark - Lighted,1,Clear,0,No Additional Atmospheric Conditions,1,Clear,0,No,0000000,Not Applicable,3,3:00am-3:59am,46,46,3,3:00am-3:59am,55,55,88,Not Applicable (Not Transported),88,Not Applicable (Not Transported),0,None,0,None,0,None,1,1
2019,40,400476,Oklahoma,1,1,0,0,0,1,1,49,GARVIN (49),3670,PAULS VALLEY,7,7,8,August,2019,4,Wednesday,12,12:00pm-12:59pm,48,48,0,This section IS NOT on the NHS,2,Urban,3,Principal Arterial - Other,1,State Highway Agency,2,U.S. Highway,US-77,,0,None,34.72748333,34.72748333,-97.213066670,-97.213066670,0,No Special Jurisdiction,42,Tree (Standing Only),0,The First Harmful Event was Not a Collision with a Motor Vehicle in Transport,0,No,1,Non-Junction,1,Not an Intersection,0,None,,,4,On Roadside,1,Daylight,1,Clear,0,No Additional Atmospheric Conditions,1,Clear,0,No,0000000,Not Applicable,12,12:00pm-12:59pm,50,50,12,12:00pm-12:59pm,55,55,99,Unknown,99,Unknown EMS Hospital Arrival Time,0,None,0,None,0,None,1,0
2019,40,400477,Oklahoma,1,1,0,0,0,1,1,27,CLEVELAND (27),3420,NOBLE,29,29,8,August,2019,5,Thursday,13,1:00pm-1:59pm,42,42,0,This section IS NOT on the NHS,1,Rural,7,Local,2,County Highway Agency,4,County Road,CR-MAGUIRE RD,,0,None,35.13144167,35.13144167,-97.320191670,-97.320191670,0,No Special Jurisdiction,30,Utility Pole/Light Support,0,The First Harmful Event was Not a Collision with a Motor Vehicle in Transport,0,No,1,Non-Junction,1,Not an Intersection,0,None,,,4,On Roadside,1,Daylight,1,Clear,0,No Additional Atmospheric Conditions,1,Clear,0,No,0000000,Not Applicable,13,1:00pm-1:59pm,42,42,13,1:00pm-1:59pm,49,49,88,Not Applicable (Not Transported),88,Not Applicable (Not Transported),0,None,0,None,0,None,1,0
2019,40,400478,Oklahoma,3,3,0,0,0,5,5,133,SEMINOLE (133),0,NOT APPLICABLE,6,6,11,November,2019,4,Wednesday,16,4:00pm-4:59pm,47,47,0,This section IS NOT on the NHS,1,Rural,4,Minor Arterial,1,State Highway Agency,2,U.S. Highway,US-270,,52,52,35.20930000,35.20930000,-96.628500000,-96.628500000,0,No Special Jurisdiction,12,Motor Vehicle In-Transport,8,Sideswipe - Opposite Direction,0,No,1,Non-Junction,1,Not an Intersection,0,None,,,1,On Roadway,1,Daylight,2,Rain,0,No Additional Atmospheric Conditions,2,Rain,0,No,0000000,Not Applicable,99,Unknown,99,Unknown,99,Unknown EMS Scene Arrival Hour,99,Unknown EMS Scene Arrival Minutes,99,Unknown,99,Unknown EMS Hospital Arrival Time,0,None,0,None,0,None,1,0
2019,40,400479,Oklahoma,1,1,0,0,0,3,3,19,CARTER (19),0,NOT APPLICABLE,14,14,11,November,2019,5,Thursday,15,3:00pm-3:59pm,17,17,0,This section IS NOT on the NHS,1,Rural,5,Major Collector,1,State Highway Agency,3,State Highway,SR-76,,24,24,34.38280000,34.38280000,-97.492600000,-97.492600000,0,No Special Jurisdiction,1,Rollover/Overturn,0,The First Harmful Event was Not a Collision with a Motor Vehicle in Transport,0,No,1,Non-Junction,1,Not an Intersection,0,None,,,4,On Roadside,1,Daylight,1,Clear,0,No Additional Atmospheric Conditions,1,Clear,0,No,0000000,Not Applicable,14,2:00pm-2:59pm,58,58,15,3:00pm-3:59pm,36,36,16,4:00pm-4:59pm,36,36,0,None,0,None,0,None,1,0
2019,40,400480,Oklahoma,2,2,0,1,1,2,2,17,CANADIAN (17),3550,OKLAHOMA CITY,16,16,11,November,2019,7,Saturday,2,2:00am-2:59am,4,4,1,This section IS ON the NHS,2,Urban,1,Interstate,1,State Highway Agency,1,Interstate,I-40,,0,None,35.49810000,35.49810000,-97.784200000,-97.784200000,0,No Special Jurisdiction,12,Motor Vehicle In-Transport,6,Angle,0,No,1,Non-Junction,1,Not an Intersection,0,None,,,1,On Roadway,2,Dark - Not Lighted,1,Clear,0,No Additional Atmospheric Conditions,1,Clear,0,No,0000000,Not Applicable,2,2:00am-2:59am,9,9,2,2:00am-2:59am,28,28,2,2:00am-2:59am,50,50,0,None,0,None,0,None,1,1
2019,40,400481,Oklahoma,1,1,0,1,1,2,2,109,OKLAHOMA (109),3550,OKLAHOMA CITY,18,18,11,November,2019,2,Monday,19,7:00pm-7:59pm,35,35,0,This section IS NOT on the NHS,2,Urban,3,Principal Arterial - Other,1,State Highway Agency,2,U.S. Highway,US-62,,0,None,35.49330000,35.49330000,-97.604900000,-97.604900000,0,No Special Jurisdiction,8,Pedestrian,0,The First Harmful Event was Not a Collision with a Motor Vehicle in Transport,0,No,1,Non-Junction,1,Not an Intersection,0,None,,,1,On Roadway,6,Dark - Unknown Lighting,10,Cloudy,0,No Additional Atmospheric Conditions,10,Cloudy,0,No,0000000,Not Applicable,19,7:00pm-7:59pm,35,35,19,7:00pm-7:59pm,40,40,19,7:00pm-7:59pm,58,58,0,None,0,None,0,None,1,0
2019,40,400482,Oklahoma,2,2,0,0,0,2,2,143,TULSA (143),590,BROKEN ARROW,18,18,11,November,2019,2,Monday,18,6:00pm-6:59pm,5,5,0,This section IS NOT on the NHS,2,Urban,3,Principal Arterial - Other,4,City or Municipal Highway Agency,6,Local Street - Municipality,N 23RD ST,,0,None,36.07951111,36.07951111,-95.761700000,-95.761700000,0,No Special Jurisdiction,12,Motor Vehicle In-Transport,1,Front-to-Rear,0,No,8,Driveway Access Related,1,Not an Intersection,0,None,,,1,On Roadway,2,Dark - Not Lighted,1,Clear,0,No Additional Atmospheric Conditions,1,Clear,0,No,0000000,Not Applicable,18,6:00pm-6:59pm,10,10,18,6:00pm-6:59pm,14,14,18,6:00pm-6:59pm,50,50,0,None,0,None,0,None,1,0
2019,40,400483,Oklahoma,1,1,0,0,0,1,1,145,WAGONER (145),0,NOT APPLICABLE,19,19,11,November,2019,3,Tuesday,6,6:00am-6:59am,34,34,0,This section IS NOT on the NHS,1,Rural,5,Major Collector,2,County Highway Agency,4,County Road,CR-191ST ST,,0,None,35.88560000,35.88560000,-95.697000000,-95.697000000,0,No Special Jurisdiction,42,Tree (Standing Only),0,The First Harmful Event was Not a Collision with a Motor Vehicle in Transport,0,No,1,Non-Junction,1,Not an Intersection,0,None,,,4,On Roadside,4,Dawn,1,Clear,0,No Additional Atmospheric Conditions,1,Clear,0,No,0000000,Not Applicable,99,Unknown,99,Unknown,99,Unknown EMS Scene Arrival Hour,99,Unknown EMS Scene Arrival Minutes,88,Not Applicable (Not Transported),88,Not Applicable (Not Transported),0,None,0,None,0,None,1,0
2019,40,400484,Oklahoma,2,2,0,0,0,3,3,53,GRANT (53),0,NOT APPLICABLE,20,20,11,November,2019,4,Wednesday,13,1:00pm-1:59pm,11,11,0,This section IS NOT on the NHS,1,Rural,4,Minor Arterial,1,State Highway Agency,2,U.S. Highway,US-60,,134,134,36.68050000,36.68050000,-97.568000000,-97.568000000,0,No Special Jurisdiction,12,Motor Vehicle In-Transport,2,Front-to-Front,0,No,1,Non-Junction,1,Not an Intersection,0,None,,,1,On Roadway,1,Daylight,2,Rain,0,No Additional Atmospheric Conditions,2,Rain,0,No,0000000,Not Applicable,99,Unknown,99,Unknown,99,Unknown EMS Scene Arrival Hour,99,Unknown EMS Scene Arrival Minutes,99,Unknown,99,Unknown EMS Hospital Arrival Time,0,None,0,None,0,None,1,0
2019,40,400485,Oklahoma,1,1,0,1,1,1,1,109,OKLAHOMA (109),3550,OKLAHOMA CITY,22,22,11,November,2019,6,Friday,17,5:00pm-5:59pm,42,42,0,This section IS NOT on the NHS,2,Urban,3,Principal Arterial - Other,4,City or Municipal Highway Agency,6,Local Street - Municipality,N PORTLAND AVE,,0,None,35.49250000,35.49250000,-97.583400000,-97.583400000,0,No Special Jurisdiction,8,Pedestrian,0,The First Harmful Event was Not a Collision with a Motor Vehicle in Transport,0,No,1,Non-Junction,1,Not an Intersection,0,None,,,1,On Roadway,3,Dark - Lighted,10,Cloudy,0,No Additional Atmospheric Conditions,10,Cloudy,0,No,0000000,Not Applicable,12,12:00pm-12:59pm,16,16,12,12:00pm-12:59pm,25,25,88,Not Applicable (Not Transported),88,Not Applicable (Not Transported),0,None,0,None,0,None,1,0
2019,40,400486,Oklahoma,1,1,0,0,0,1,1,101,MUSKOGEE (101),0,NOT APPLICABLE,23,23,11,November,2019,7,Saturday,21,9:00pm-9:59pm,10,10,0,This section IS NOT on the NHS,1,Rural,7,Local,2,County Highway Agency,4,County Road,CR-165TH ST,,0,None,35.44790000,35.44790000,-95.097100000,-95.097100000,0,No Special Jurisdiction,3,Immersion or Partial Immersion,0,The First Harmful Event was Not a Collision with a Motor Vehicle in Transport,0,No,1,Non-Junction,1,Not an Intersection,0,None,,,5,Outside Trafficway,2,Dark - Not Lighted,10,Cloudy,0,No Additional Atmospheric Conditions,10,Cloudy,0,No,0000000,Not Applicable,99,Unknown,98,Unknown if Notified,99,Unknown EMS Scene Arrival Hour,98,Unknown if Arrived,88,Not Applicable (Not Transported),88,Not Applicable (Not Transported),0,None,0,None,0,None,1,0
2019,40,400487,Oklahoma,1,1,0,0,0,3,3,61,HASKELL (61),0,NOT APPLICABLE,27,27,11,November,2019,4,Wednesday,15,3:00pm-3:59pm,58,58,0,This section IS NOT on the NHS,1,Rural,5,Major Collector,2,County Highway Agency,4,County Road,CR-N4580,,0,None,35.28950000,35.28950000,-94.867200000,-94.867200000,0,No Special Jurisdiction,59,Traffic Sign Support,0,The First Harmful Event was Not a Collision with a Motor Vehicle in Transport,0,No,1,Non-Junction,1,Not an Intersection,0,None,,,4,On Roadside,1,Daylight,10,Cloudy,0,No Additional Atmospheric Conditions,10,Cloudy,0,No,0000000,Not Applicable,15,3:00pm-3:59pm,58,58,16,4:00pm-4:59pm,20,20,18,6:00pm-6:59pm,5,5,0,None,0,None,0,None,1,0
2019,40,400488,Oklahoma,1,1,0,1,1,1,1,101,MUSKOGEE (101),3310,MUSKOGEE,17,17,10,October,2019,5,Thursday,22,10:00pm-10:59pm,59,59,0,This section IS NOT on the NHS,2,Urban,7,Local,4,City or Municipal Highway Agency,6,Local Street - Municipality,W BROADWAY ST,,0,None,35.75586944,35.75586944,-95.415088890,-95.415088890,0,No Special Jurisdiction,8,Pedestrian,0,The First Harmful Event was Not a Collision with a Motor Vehicle in Transport,0,No,1,Non-Junction,1,Not an Intersection,0,None,,,1,On Roadway,2,Dark - Not Lighted,1,Clear,0,No Additional Atmospheric Conditions,1,Clear,0,No,0000000,Not Applicable,22,10:00pm-10:59pm,59,59,23,11:00pm-11:59pm,3,3,88,Not Applicable (Not Transported),88,Not Applicable (Not Transported),0,None,0,None,0,None,1,0
2019,40,400489,Oklahoma,1,1,0,0,0,1,1,91,MCINTOSH (91),0,NOT APPLICABLE,17,17,11,November,2019,1,Sunday,18,6:00pm-6:59pm,3,3,0,This section IS NOT on the NHS,1,Rural,5,Major Collector,1,State Highway Agency,2,U.S. Highway,US-266,CR-NS405,10,10,35.50730000,35.50730000,-95.803900000,-95.803900000,0,No Special Jurisdiction,1,Rollover/Overturn,0,The First Harmful Event was Not a Collision with a Motor Vehicle in Transport,0,No,3,Intersection-Related,2,Four-Way Intersection,0,None,,,1,On Roadway,2,Dark - Not Lighted,1,Clear,0,No Additional Atmospheric Conditions,1,Clear,0,No,0000000,Not Applicable,99,Unknown,99,Unknown,99,Unknown EMS Scene Arrival Hour,99,Unknown EMS Scene Arrival Minutes,99,Unknown,99,Unknown EMS Hospital Arrival Time,0,None,0,None,0,None,1,1
2019,40,400490,Oklahoma,1,1,0,1,1,1,1,99,MURRAY (99),0,NOT APPLICABLE,17,17,11,November,2019,1,Sunday,20,8:00pm-8:59pm,49,49,1,This section IS ON the NHS,1,Rural,3,Principal Arterial - Other,1,State Highway Agency,3,State Highway,SR-7,,54,54,34.50650000,34.50650000,-97.025500000,-97.025500000,0,No Special Jurisdiction,8,Pedestrian,0,The First Harmful Event was Not a Collision with a Motor Vehicle in Transport,0,No,1,Non-Junction,1,Not an Intersection,0,None,,,1,On Roadway,2,Dark - Not Lighted,1,Clear,0,No Additional Atmospheric Conditions,1,Clear,0,No,0000000,Not Applicable,12,12:00pm-12:59pm,50,50,12,12:00pm-12:59pm,55,55,88,Not Applicable (Not Transported),88,Not Applicable (Not Transported),0,None,0,None,0,None,1,0
2019,40,400491,Oklahoma,1,1,0,0,0,2,2,49,GARVIN (49),0,NOT APPLICABLE,22,22,11,November,2019,6,Friday,1,1:00am-1:59am,12,12,0,This section IS NOT on the NHS,1,Rural,5,Major Collector,1,State Highway Agency,3,State Highway,SR-29,,79,79,34.65150000,34.65150000,-97.033700000,-97.033700000,0,No Special Jurisdiction,38,Fence,0,The First Harmful Event was Not a Collision with a Motor Vehicle in Transport,0,No,1,Non-Junction,1,Not an Intersection,0,None,,,4,On Roadside,2,Dark - Not Lighted,2,Rain,0,No Additional Atmospheric Conditions,2,Rain,0,No,0000000,Not Applicable,1,1:00am-1:59am,1,1,1,1:00am-1:59am,22,22,3,3:00am-3:59am,29,29,0,None,0,None,0,None,1,1
2019,40,400492,Oklahoma,2,2,0,0,0,4,4,79,LE FLORE (79),0,NOT APPLICABLE,22,22,11,November,2019,6,Friday,18,6:00pm-6:59pm,44,44,0,This section IS NOT on the NHS,1,Rural,3,Principal Arterial - Other,1,State Highway Agency,2,U.S. Highway,US-59,,76,76,34.99350000,34.99350000,-94.645400000,-94.645400000,0,No Special Jurisdiction,12,Motor Vehicle In-Transport,2,Front-to-Front,0,No,1,Non-Junction,1,Not an Intersection,0,None,,,1,On Roadway,2,Dark - Not Lighted,2,Rain,0,No Additional Atmospheric Conditions,2,Rain,0,No,0000000,Not Applicable,99,Unknown,99,Unknown,99,Unknown EMS Scene Arrival Hour,99,Unknown EMS Scene Arrival Minutes,99,Unknown,99,Unknown EMS Hospital Arrival Time,0,None,0,None,0,None,1,1
2019,40,400493,Oklahoma,2,1,1,0,0,1,1,121,PITTSBURG (121),4205,SAVANNA,25,25,11,November,2019,2,Monday,9,9:00am-9:59am,34,34,1,This section IS ON the NHS,1,Rural,3,Principal Arterial - Other,1,State Highway Agency,2,U.S. Highway,US-69,,0,None,34.81793611,34.81793611,-95.854058330,-95.854058330,0,No Special Jurisdiction,14,Parked Motor Vehicle,0,The First Harmful Event was Not a Collision with a Motor Vehicle in Transport,0,No,1,Non-Junction,1,Not an Intersection,0,None,,,2,On Shoulder,1,Daylight,1,Clear,0,No Additional Atmospheric Conditions,1,Clear,0,No,0000000,Not Applicable,99,Unknown,98,Unknown if Notified,99,Unknown EMS Scene Arrival Hour,98,Unknown if Arrived,88,Not Applicable (Not Transported),88,Not Applicable (Not Transported),0,None,0,None,0,None,1,0
2019,40,400494,Oklahoma,1,1,0,0,0,1,1,15,CADDO (15),0,NOT APPLICABLE,26,26,11,November,2019,3,Tuesday,1,1:00am-1:59am,0,0,0,This section IS NOT on the NHS,1,Rural,5,Major Collector,2,County Highway Agency,4,County Road,CR-2540,,0,None,35.42070000,35.42070000,-98.465100000,-98.465100000,0,No Special Jurisdiction,35,Embankment,0,The First Harmful Event was Not a Collision with a Motor Vehicle in Transport,0,No,1,Non-Junction,1,Not an Intersection,0,None,,,4,On Roadside,2,Dark - Not Lighted,1,Clear,0,No Additional Atmospheric Conditions,1,Clear,0,No,0000000,Not Applicable,99,Unknown,99,Unknown,99,Unknown EMS Scene Arrival Hour,99,Unknown EMS Scene Arrival Minutes,88,Not Applicable (Not Transported),88,Not Applicable (Not Transported),0,None,0,None,0,None,1,1
2019,40,400495,Oklahoma,2,1,1,1,1,1,1,99,MURRAY (99),0,NOT APPLICABLE,28,28,11,November,2019,5,Thursday,9,9:00am-9:59am,21,21,1,This section IS ON the NHS,1,Rural,1,Interstate,1,State Highway Agency,1,Interstate,I-35,,0,None,34.42160000,34.42160000,-97.135800000,-97.135800000,0,No Special Jurisdiction,14,Parked Motor Vehicle,0,The First Harmful Event was Not a Collision with a Motor Vehicle in Transport,0,No,1,Non-Junction,1,Not an Intersection,0,None,,,2,On Shoulder,1,Daylight,2,Rain,0,No Additional Atmospheric Conditions,2,Rain,0,No,0000000,Not Applicable,9,9:00am-9:59am,20,20,9,9:00am-9:59am,29,29,10,10:00am-10:59am,13,13,23,Indication of a Stalled/Disabled Vehicle,0,None,0,None,1,0
2019,40,400496,Oklahoma,3,3,0,0,0,8,8,109,OKLAHOMA (109),3550,OKLAHOMA CITY,30,30,11,November,2019,7,Saturday,14,2:00pm-2:59pm,34,34,0,This section IS NOT on the NHS,2,Urban,5,Major Collector,4,City or Municipal Highway Agency,6,Local Street - Municipality,S HARRAH RD,I-40 ON-RAMP,0,None,35.38500000,35.38500000,-97.159000000,-97.159000000,0,No Special Jurisdiction,12,Motor Vehicle In-Transport,1,Front-to-Rear,1,Yes,2,Intersection,3,T-Intersection,0,None,,,1,On Roadway,1,Daylight,1,Clear,0,No Additional Atmospheric Conditions,1,Clear,0,No,0000000,Not Applicable,14,2:00pm-2:59pm,33,33,14,2:00pm-2:59pm,39,39,15,3:00pm-3:59pm,6,6,0,None,0,None,0,None,1,0
2019,40,400497,Oklahoma,1,1,0,1,1,1,1,5,ATOKA (5),0,NOT APPLICABLE,2,2,12,December,2019,2,Monday,6,6:00am-6:59am,0,0,1,This section IS ON the NHS,1,Rural,3,Principal Arterial - Other,1,State Highway Agency,2,U.S. Highway,US-69,,111,111,34.51050000,34.51050000,-96.042300000,-96.042300000,0,No Special Jurisdiction,8,Pedestrian,0,The First Harmful Event was Not a Collision with a Motor Vehicle in Transport,0,No,1,Non-Junction,1,Not an Intersection,0,None,,,1,On Roadway,2,Dark - Not Lighted,1,Clear,0,No Additional Atmospheric Conditions,1,Clear,0,No,0000000,Not Applicable,6,6:00am-6:59am,2,2,6,6:00am-6:59am,16,16,7,7:00am-7:59am,10,10,0,None,0,None,0,None,1,0
2019,40,400498,Oklahoma,2,2,0,0,0,3,3,21,CHEROKEE (21),0,NOT APPLICABLE,2,2,12,December,2019,2,Monday,17,5:00pm-5:59pm,23,23,0,This section IS NOT on the NHS,2,Urban,3,Principal Arterial - Other,1,State Highway Agency,3,State Highway,SR-51,,143,143,35.92050000,35.92050000,-95.036900000,-95.036900000,0,No Special Jurisdiction,12,Motor Vehicle In-Transport,2,Front-to-Front,0,No,1,Non-Junction,1,Not an Intersection,4,"Work Zone, Type Unknown",,,1,On Roadway,5,Dusk,1,Clear,0,No Additional Atmospheric Conditions,1,Clear,0,No,0000000,Not Applicable,99,Unknown,99,Unknown,99,Unknown EMS Scene Arrival Hour,99,Unknown EMS Scene Arrival Minutes,99,Unknown,99,Unknown EMS Hospital Arrival Time,0,None,0,None,0,None,2,0
2019,40,400499,Oklahoma,1,1,0,0,0,3,3,119,PAYNE (119),0,NOT APPLICABLE,3,3,11,November,2019,1,Sunday,3,3:00am-3:59am,56,56,0,This section IS NOT on the NHS,1,Rural,5,Major Collector,2,County Highway Agency,4,County Road,CR-WESTERN,SR-33,0,None,35.98520000,35.98520000,-97.087200000,-97.087200000,0,No Special Jurisdiction,34,Ditch,0,The First Harmful Event was Not a Collision with a Motor Vehicle in Transport,0,No,3,Intersection-Related,3,T-Intersection,0,None,,,4,On Roadside,2,Dark - Not Lighted,1,Clear,0,No Additional Atmospheric Conditions,1,Clear,0,No,0000000,Not Applicable,99,Unknown,98,Unknown if Notified,99,Unknown EMS Scene Arrival Hour,98,Unknown if Arrived,88,Not Applicable (Not Transported),88,Not Applicable (Not Transported),0,None,0,None,0,None,3,0
2019,40,400500,Oklahoma,1,1,0,0,0,2,2,129,ROGER MILLS (129),0,NOT APPLICABLE,9,9,11,November,2019,7,Saturday,16,4:00pm-4:59pm,46,46,0,This section IS NOT on the NHS,1,Rural,4,Minor Arterial,1,State Highway Agency,3,State Highway,SR-34,,19,19,35.53710000,35.53710000,-99.373400000,-99.373400000,0,No Special Jurisdiction,24,Guardrail Face,0,The First Harmful Event was Not a Collision with a Motor Vehicle in Transport,0,No,1,Non-Junction,1,Not an Intersection,0,None,,,4,On Roadside,1,Daylight,1,Clear,0,No Additional Atmospheric Conditions,1,Clear,0,No,0000000,Not Applicable,16,4:00pm-4:59pm,49,49,17,5:00pm-5:59pm,23,23,18,6:00pm-6:59pm,38,38,0,None,0,None,0,None,1,0
2019,40,400502,Oklahoma,2,2,0,0,0,2,2,143,TULSA (143),590,BROKEN ARROW,26,26,11,November,2019,3,Tuesday,0,0:00am-0:59am,24,24,0,This section IS NOT on the NHS,2,Urban,3,Principal Arterial - Other,4,City or Municipal Highway Agency,6,Local Street - Municipality,S GARNETT RD,,0,None,36.04570278,36.04570278,-95.851008330,-95.851008330,0,No Special Jurisdiction,12,Motor Vehicle In-Transport,2,Front-to-Front,0,No,1,Non-Junction,1,Not an Intersection,0,None,,,1,On Roadway,2,Dark - Not Lighted,1,Clear,0,No Additional Atmospheric Conditions,1,Clear,0,No,0000000,Not Applicable,0,0:00am-0:59am,27,27,0,0:00am-0:59am,33,33,1,1:00am-1:59am,1,1,0,None,0,None,0,None,1,1
2019,40,400503,Oklahoma,1,1,0,0,0,1,1,89,MCCURTAIN (89),0,NOT APPLICABLE,28,28,11,November,2019,5,Thursday,1,1:00am-1:59am,0,0,0,This section IS NOT on the NHS,1,Rural,3,Principal Arterial - Other,1,State Highway Agency,3,State Highway,SR-3,,77,77,33.89560000,33.89560000,-94.654400000,-94.654400000,0,No Special Jurisdiction,34,Ditch,0,The First Harmful Event was Not a Collision with a Motor Vehicle in Transport,0,No,1,Non-Junction,1,Not an Intersection,0,None,,,8,Gore,2,Dark - Not Lighted,10,Cloudy,0,No Additional Atmospheric Conditions,10,Cloudy,0,No,0000000,Not Applicable,99,Unknown,99,Unknown,99,Unknown EMS Scene Arrival Hour,99,Unknown EMS Scene Arrival Minutes,88,Not Applicable (Not Transported),88,Not Applicable (Not Transported),0,None,0,None,0,None,1,1
2019,40,400504,Oklahoma,1,1,0,1,1,1,1,27,CLEVELAND (27),3550,OKLAHOMA CITY,30,30,11,November,2019,7,Saturday,4,4:00am-4:59am,44,44,0,This section IS NOT on the NHS,2,Urban,5,Major Collector,1,State Highway Agency,3,State Highway,SR-37,,0,None,35.33300000,35.33300000,-97.586000000,-97.586000000,0,No Special Jurisdiction,8,Pedestrian,0,The First Harmful Event was Not a Collision with a Motor Vehicle in Transport,0,No,1,Non-Junction,1,Not an Intersection,0,None,,,1,On Roadway,2,Dark - Not Lighted,2,Rain,0,No Additional Atmospheric Conditions,2,Rain,0,No,0000000,Not Applicable,99,Unknown,99,Unknown,99,Unknown EMS Scene Arrival Hour,99,Unknown EMS Scene Arrival Minutes,99,Unknown,99,Unknown EMS Hospital Arrival Time,0,None,0,None,0,None,1,0
2019,40,400505,Oklahoma,1,1,0,0,0,4,4,149,WASHITA (149),0,NOT APPLICABLE,4,4,12,December,2019,4,Wednesday,18,6:00pm-6:59pm,48,48,0,This section IS NOT on the NHS,1,Rural,7,Local,2,County Highway Agency,4,County Road,CR-2270,,0,None,35.26580000,35.26580000,-98.940900000,-98.940900000,0,No Special Jurisdiction,1,Rollover/Overturn,0,The First Harmful Event was Not a Collision with a Motor Vehicle in Transport,0,No,1,Non-Junction,1,Not an Intersection,0,None,,,4,On Roadside,2,Dark - Not Lighted,1,Clear,0,No Additional Atmospheric Conditions,1,Clear,0,No,0000000,Not Applicable,19,7:00pm-7:59pm,1,1,19,7:00pm-7:59pm,43,43,20,8:00pm-8:59pm,55,55,0,None,0,None,0,None,1,0