caseyear,state,st_case,statename,ve_total,ve_forms,pvh_invl,peds,pernotmvit,permvit,persons,county,countyname,city,cityname,day,dayname,month,monthname,year,day_week,day_weekname,hour,hourname,minute,minutename,nhs,nhsname,rur_urb,rur_urbname,func_sys,func_sysname,rd_owner,rd_ownername,route,routename,tway_id,tway_id2,milept,mileptname,latitude,latitudename,longitud,longitudname,sp_jur,sp_jurname,harm_ev,harm_evname,man_coll,man_collname,reljct1,reljct1name,reljct2,reljct2name,typ_int,typ_intname,wrk_zone,wrk_zonename,road_fnc,road_fncname,rel_road,rel_roadname,lgt_cond,lgt_condname,weather1,weather1name,weather2,weather2name,weather,weathername,sch_bus,sch_busname,rail,railname,not_hour,not_hourname,not_min,not_minname,arr_hour,arr_hourname,arr_min,arr_minname,hosp_hr,hosp_hrname,hosp_mn,hosp_mnname,cf1,cf1name,cf2,cf2name,cf3,cf3name,fatals,drunk_dr
2020,40,400244,Oklahoma,3,3,0,0,0,3,3,109,OKLAHOMA (109),3550,OKLAHOMA CITY,14,14,6,June,2020,1,Sunday,8,8:00am-8:59am,41,41,0,This section IS NOT on the NHS,2,Urban,3,Principal Arterial - Other,4,City or Municipal Highway Agency,6,Local Street - Municipality,N COUNCIL RD,NW 6TH ST,0,None,35.47399722,35.47399722,-97.654300000,-97.654300000,0,No Special Jurisdiction,12,Motor Vehicle In-Transport,1,Front-to-Rear,0,No,3,Intersection-Related,3,T-Intersection,0,None,,,1,On Roadway,1,Daylight,,,,,10,Cloudy,0,No,0000000,Not Applicable,8,8:00am-8:59am,12,12,8,8:00am-8:59am,16,16,8,8:00am-8:59am,48,48,,,,,,,1,1
2020,40,400245,Oklahoma,1,1,0,1,1,1,1,17,CANADIAN (17),1540,EL RENO,18,18,6,June,2020,5,Thursday,8,8:00am-8:59am,32,32,0,This section IS NOT on the NHS,2,Urban,7,Local,4,City or Municipal Highway Agency,6,Local Street - Municipality,S SHEPARD AVE,,0,None,35.52825833,35.52825833,-97.937116670,-97.937116670,0,No Special Jurisdiction,8,Pedestrian,0,The First Harmful Event was Not a Collision with a Motor Vehicle in Transport,0,No,1,Non-Junction,1,Not an Intersection,0,None,,,98,Not Reported,1,Daylight,,,,,10,Cloudy,0,No,0000000,Not Applicable,8,8:00am-8:59am,34,34,8,8:00am-8:59am,39,39,9,9:00am-9:59am,33,33,,,,,,,1,0
2020,40,400246,Oklahoma,1,1,0,1,1,1,1,13,BRYAN (13),710,CALERA,20,20,6,June,2020,7,Saturday,21,9:00pm-9:59pm,36,36,1,This section IS ON the NHS,2,Urban,3,Principal Arterial - Other,1,State Highway Agency,2,U.S. Highway,US-69,N PLATTER RD,0,None,33.91053611,33.91053611,-96.460019440,-96.460019440,0,No Special Jurisdiction,8,Pedestrian,0,The First Harmful Event was Not a Collision with a Motor Vehicle in Transport,0,No,3,Intersection-Related,3,T-Intersection,0,None,,,1,On Roadway,3,Dark - Lighted,,,,,1,Clear,0,No,0000000,Not Applicable,21,9:00pm-9:59pm,39,39,21,9:00pm-9:59pm,47,47,88,"Not Applicable (Not Transported) ",88,Not Applicable (Not Transported),,,,,,,1,0
2020,40,400247,Oklahoma,2,2,0,0,0,4,4,143,TULSA (143),0,NOT APPLICABLE,21,21,6,June,2020,1,Sunday,13,1:00pm-1:59pm,35,35,0,This section IS NOT on the NHS,2,Urban,3,Principal Arterial - Other,1,State Highway Agency,3,State Highway,SR-97,W 55TH ST S,0,None,36.08420000,36.08420000,-96.119600000,-96.119600000,0,No Special Jurisdiction,1,Rollover/Overturn,0,The First Harmful Event was Not a Collision with a Motor Vehicle in Transport,0,No,2,Intersection,2,Four-Way Intersection,0,None,,,1,On Roadway,1,Daylight,,,,,1,Clear,0,No,0000000,Not Applicable,13,1:00pm-1:59pm,35,35,13,1:00pm-1:59pm,49,49,88,"Not Applicable (Not Transported) ",88,Not Applicable (Not Transported),,,,,,,1,0
2020,40,400248,Oklahoma,1,1,0,0,0,2,2,47,GARFIELD (47),0,NOT APPLICABLE,22,22,6,June,2020,2,Monday,22,10:00pm-10:59pm,0,0,0,This section IS NOT on the NHS,1,Rural,7,Local,2,County Highway Agency,4,County Road,CR-LOGAN,CR-BLAINE,0,None,36.57930000,36.57930000,-98.050497220,-98.050497220,0,No Special Jurisdiction,1,Rollover/Overturn,0,The First Harmful Event was Not a Collision with a Motor Vehicle in Transport,0,No,3,Intersection-Related,3,T-Intersection,0,None,,,4,On Roadside,2,Dark - Not Lighted,,,,,10,Cloudy,0,No,0000000,Not Applicable,22,10:00pm-10:59pm,7,7,22,10:00pm-10:59pm,37,37,88,"Not Applicable (Not Transported) ",88,Not Applicable (Not Transported),,,,,,,1,1
2020,40,400249,Oklahoma,2,2,0,0,0,4,4,37,CREEK (37),0,NOT APPLICABLE,25,25,6,June,2020,5,Thursday,17,5:00pm-5:59pm,14,14,0,This section IS NOT on the NHS,1,Rural,4,Minor Arterial,1,State Highway Agency,3,State Highway,SR-48,,0,None,36.11780000,36.11780000,-96.391597220,-96.391597220,0,No Special Jurisdiction,12,Motor Vehicle In-Transport,1,Front-to-Rear,0,No,1,Non-Junction,1,Not an Intersection,0,None,,,1,On Roadway,1,Daylight,,,,,1,Clear,0,No,0000000,Not Applicable,17,5:00pm-5:59pm,29,29,17,5:00pm-5:59pm,50,50,18,6:00pm-6:59pm,39,39,,,,,,,2,0
2020,40,400250,Oklahoma,3,3,0,0,0,5,5,125,POTTAWATOMIE (125),0,NOT APPLICABLE,29,29,6,June,2020,2,Monday,8,8:00am-8:59am,23,23,0,This section IS NOT on the NHS,1,Rural,5,Major Collector,1,State Highway Agency,3,State Highway,SR-102,,14,14,35.45629722,35.45629722,-97.088897220,-97.088897220,0,No Special Jurisdiction,12,Motor Vehicle In-Transport,8,Sideswipe - Opposite Direction,0,No,1,Non-Junction,1,Not an Intersection,0,None,,,1,On Roadway,1,Daylight,,,,,10,Cloudy,0,No,0000000,Not Applicable,8,8:00am-8:59am,20,20,8,8:00am-8:59am,36,36,9,9:00am-9:59am,29,29,,,,,,,2,0
2020,40,400251,Oklahoma,2,2,0,0,0,2,2,143,TULSA (143),4780,TULSA,30,30,6,June,2020,3,Tuesday,17,5:00pm-5:59pm,30,30,0,This section IS NOT on the NHS,2,Urban,4,Minor Arterial,4,City or Municipal Highway Agency,6,Local Street - Municipality,N MARTIN LUTHER KING JR BLVD,,0,None,36.20840278,36.20840278,-95.993533330,-95.993533330,0,No Special Jurisdiction,12,Motor Vehicle In-Transport,6,Angle,0,No,1,Non-Junction,1,Not an Intersection,0,None,,,1,On Roadway,1,Daylight,,,,,10,Cloudy,0,No,0000000,Not Applicable,17,5:00pm-5:59pm,29,29,17,5:00pm-5:59pm,36,36,17,5:00pm-5:59pm,51,51,,,,,,,1,0
2020,40,400252,Oklahoma,3,3,0,0,0,3,3,137,STEPHENS (137),1420,DUNCAN,27,27,5,May,2020,4,Wednesday,18,6:00pm-6:59pm,29,29,0,This section IS NOT on the NHS,2,Urban,3,Principal Arterial - Other,1,State Highway Agency,3,State Highway,SR-7 BYPASS,,0,None,34.54033333,34.54033333,-97.966983330,-97.966983330,0,No Special Jurisdiction,12,Motor Vehicle In-Transport,6,Angle,0,No,1,Non-Junction,1,Not an Intersection,0,None,,,1,On Roadway,1,Daylight,,,,,1,Clear,0,No,0000000,Not Applicable,18,6:00pm-6:59pm,33,33,18,6:00pm-6:59pm,43,43,18,6:00pm-6:59pm,57,57,,,,,,,1,0
2020,40,400253,Oklahoma,1,1,0,0,0,2,2,125,POTTAWATOMIE (125),4300,SHAWNEE,31,31,3,March,2020,3,Tuesday,8,8:00am-8:59am,43,43,0,This section IS NOT on the NHS,2,Urban,7,Local,4,City or Municipal Highway Agency,6,Local Street - Municipality,W BENEDICT ST,N LEO AVE,0,None,35.33260278,35.33260278,-96.947363890,-96.947363890,0,No Special Jurisdiction,1,Rollover/Overturn,0,The First Harmful Event was Not a Collision with a Motor Vehicle in Transport,0,No,3,Intersection-Related,2,Four-Way Intersection,0,None,,,4,On Roadside,1,Daylight,,,,,2,Rain,0,No,0000000,Not Applicable,8,8:00am-8:59am,46,46,8,8:00am-8:59am,49,49,9,9:00am-9:59am,42,42,,,,,,,1,0
2020,40,400254,Oklahoma,1,1,0,0,0,3,3,131,ROGERS (131),0,NOT APPLICABLE,13,13,6,June,2020,7,Saturday,6,6:00am-6:59am,9,9,0,This section IS NOT on the NHS,1,Rural,7,Local,2,County Highway Agency,4,County Road,CR-E480,,0,None,36.32189722,36.32189722,-95.477800000,-95.477800000,0,No Special Jurisdiction,1,Rollover/Overturn,0,The First Harmful Event was Not a Collision with a Motor Vehicle in Transport,0,No,1,Non-Junction,1,Not an Intersection,0,None,,,4,On Roadside,1,Daylight,,,,,10,Cloudy,0,No,0000000,Not Applicable,6,6:00am-6:59am,48,48,7,7:00am-7:59am,5,5,8,8:00am-8:59am,4,4,,,,,,,1,1
2020,40,400255,Oklahoma,1,1,0,0,0,2,2,97,MAYES (97),0,NOT APPLICABLE,5,5,7,July,2020,1,Sunday,3,3:00am-3:59am,4,4,0,This section IS NOT on the NHS,1,Rural,7,Local,2,County Highway Agency,4,County Road,CR-N437,,0,None,36.32300000,36.32300000,-95.220200000,-95.220200000,0,No Special Jurisdiction,1,Rollover/Overturn,0,The First Harmful Event was Not a Collision with a Motor Vehicle in Transport,0,No,1,Non-Junction,1,Not an Intersection,0,None,,,1,On Roadway,2,Dark - Not Lighted,,,,,1,Clear,0,No,0000000,Not Applicable,3,3:00am-3:59am,0,0,3,3:00am-3:59am,17,17,3,3:00am-3:59am,54,54,,,,,,,1,1
2020,40,400256,Oklahoma,2,2,0,0,0,3,3,109,OKLAHOMA (109),3550,OKLAHOMA CITY,7,7,7,July,2020,3,Tuesday,4,4:00am-4:59am,20,20,0,This section IS NOT on the NHS,2,Urban,4,Minor Arterial,4,City or Municipal Highway Agency,6,Local Street - Municipality,NW 150TH ST,,0,None,35.62364444,35.62364444,-97.621030560,-97.621030560,0,No Special Jurisdiction,12,Motor Vehicle In-Transport,6,Angle,0,No,1,Non-Junction,1,Not an Intersection,0,None,,,1,On Roadway,2,Dark - Not Lighted,,,,,1,Clear,0,No,0000000,Not Applicable,4,4:00am-4:59am,26,26,4,4:00am-4:59am,36,36,4,4:00am-4:59am,56,56,,,,,,,1,0
2020,40,400257,Oklahoma,2,2,0,0,0,3,3,145,WAGONER (145),0,NOT APPLICABLE,1,1,7,July,2020,4,Wednesday,21,9:00pm-9:59pm,3,3,1,This section IS ON the NHS,1,Rural,3,Principal Arterial - Other,31,State Toll Road,8,Other,MUSKOGEE TPK,,0,None,35.90619722,35.90619722,-95.534197220,-95.534197220,0,No Special Jurisdiction,12,Motor Vehicle In-Transport,1,Front-to-Rear,0,No,1,Non-Junction,1,Not an Intersection,0,None,,,1,On Roadway,2,Dark - Not Lighted,,,,,10,Cloudy,0,No,0000000,Not Applicable,21,9:00pm-9:59pm,14,14,21,9:00pm-9:59pm,31,31,21,9:00pm-9:59pm,58,58,,,,,,,1,0
2020,40,400258,Oklahoma,1,1,0,0,0,2,2,71,KAY (71),0,NOT APPLICABLE,9,9,7,July,2020,5,Thursday,12,12:00pm-12:59pm,37,37,0,This section IS NOT on the NHS,1,Rural,5,Major Collector,1,State Highway Agency,2,U.S. Highway,US-177,,91,91,36.82059444,36.82059444,-97.283000000,-97.283000000,0,No Special Jurisdiction,32,Culvert,0,The First Harmful Event was Not a Collision with a Motor Vehicle in Transport,0,No,1,Non-Junction,1,Not an Intersection,0,None,,,4,On Roadside,1,Daylight,,,,,10,Cloudy,0,No,0000000,Not Applicable,12,12:00pm-12:59pm,31,31,12,12:00pm-12:59pm,56,56,13,1:00pm-1:59pm,34,34,,,,,,,1,1
2020,40,400259,Oklahoma,1,1,0,0,0,1,1,63,HUGHES (63),0,NOT APPLICABLE,15,15,7,July,2020,4,Wednesday,15,3:00pm-3:59pm,6,6,0,This section IS NOT on the NHS,1,Rural,5,Major Collector,1,State Highway Agency,3,State Highway,SR-9,,68,68,35.23190000,35.23190000,-96.321297220,-96.321297220,0,No Special Jurisdiction,32,Culvert,0,The First Harmful Event was Not a Collision with a Motor Vehicle in Transport,0,No,1,Non-Junction,1,Not an Intersection,0,None,,,4,On Roadside,1,Daylight,,,,,1,Clear,0,No,0000000,Not Applicable,99,Unknown,98,Unknown if Notified,99,Unknown EMS Scene Arrival Hour,98,Unknown if Arrived,88,"Not Applicable (Not Transported) ",88,Not Applicable (Not Transported),,,,,,,1,1
2020,40,400260,Oklahoma,1,1,0,0,0,2,2,109,OKLAHOMA (109),3550,OKLAHOMA CITY,18,18,7,July,2020,7,Saturday,13,1:00pm-1:59pm,40,40,0,This section IS NOT on the NHS,2,Urban,4,Minor Arterial,4,City or Municipal Highway Agency,6,Local Street - Municipality,W WILSHIRE BLVD,,0,None,35.55109722,35.55109722,-97.641197220,-97.641197220,0,No Special Jurisdiction,1,Rollover/Overturn,0,The First Harmful Event was Not a Collision with a Motor Vehicle in Transport,0,No,1,Non-Junction,1,Not an Intersection,0,None,,,1,On Roadway,1,Daylight,,,,,1,Clear,0,No,0000000,Not Applicable,13,1:00pm-1:59pm,46,46,13,1:00pm-1:59pm,51,51,14,2:00pm-2:59pm,25,25,,,,,,,1,0
2020,40,400261,Oklahoma,1,1,0,1,1,1,1,117,PAWNEE (117),0,NOT APPLICABLE,18,18,5,May,2020,2,Monday,23,11:00pm-11:59pm,17,17,0,This section IS NOT on the NHS,1,Rural,4,Minor Arterial,1,State Highway Agency,3,State Highway,SR-48,,8,8,36.17470000,36.17470000,-96.401397220,-96.401397220,0,No Special Jurisdiction,8,Pedestrian,0,The First Harmful Event was Not a Collision with a Motor Vehicle in Transport,0,No,1,Non-Junction,1,Not an Intersection,0,None,,,1,On Roadway,2,Dark - Not Lighted,,,,,1,Clear,0,No,0000000,Not Applicable,23,11:00pm-11:59pm,18,18,23,11:00pm-11:59pm,45,45,88,"Not Applicable (Not Transported) ",88,Not Applicable (Not Transported),,,,,,,1,0
2020,40,400262,Oklahoma,1,1,0,0,0,1,1,53,GRANT (53),0,NOT APPLICABLE,28,28,6,June,2020,1,Sunday,17,5:00pm-5:59pm,43,43,0,This section IS NOT on the NHS,1,Rural,4,Minor Arterial,1,State Highway Agency,2,U.S. Highway,US-64,,102,102,36.66610000,36.66610000,-97.925200000,-97.925200000,0,No Special Jurisdiction,1,Rollover/Overturn,0,The First Harmful Event was Not a Collision with a Motor Vehicle in Transport,0,No,1,Non-Junction,1,Not an Intersection,0,None,,,1,On Roadway,1,Daylight,,,,,10,Cloudy,0,No,0000000,Not Applicable,17,5:00pm-5:59pm,41,41,18,6:00pm-6:59pm,23,23,19,7:00pm-7:59pm,21,21,,,,,,,1,1
2020,40,400263,Oklahoma,1,1,0,0,0,1,1,109,OKLAHOMA (109),3550,OKLAHOMA CITY,30,30,6,June,2020,3,Tuesday,19,7:00pm-7:59pm,11,11,1,This section IS ON the NHS,2,Urban,1,Interstate,1,State Highway Agency,1,Interstate,I-44,,0,None,35.41700000,35.41700000,-97.580100000,-97.580100000,0,No Special Jurisdiction,1,Rollover/Overturn,0,The First Harmful Event was Not a Collision with a Motor Vehicle in Transport,0,No,1,Non-Junction,1,Not an Intersection,0,None,,,3,On Median,1,Daylight,,,,,1,Clear,0,No,0000000,Not Applicable,19,7:00pm-7:59pm,11,11,19,7:00pm-7:59pm,21,21,19,7:00pm-7:59pm,38,38,,,,,,,1,0
2020,40,400264,Oklahoma,3,1,2,1,1,1,1,31,COMANCHE (31),0,NOT APPLICABLE,8,8,7,July,2020,4,Wednesday,12,12:00pm-12:59pm,5,5,1,This section IS ON the NHS,1,Rural,1,Interstate,1,State Highway Agency,1,Interstate,I-44,,0,None,34.83039167,34.83039167,-98.206400000,-98.206400000,0,No Special Jurisdiction,8,Pedestrian,0,The First Harmful Event was Not a Collision with a Motor Vehicle in Transport,0,No,1,Non-Junction,1,Not an Intersection,0,None,,,2,On Shoulder,1,Daylight,,,,,10,Cloudy,0,No,0000000,Not Applicable,12,12:00pm-12:59pm,2,2,12,12:00pm-12:59pm,21,21,13,1:00pm-1:59pm,5,5,,,,,,,1,0
2020,40,400265,Oklahoma,1,1,0,0,0,1,1,131,ROGERS (131),0,NOT APPLICABLE,8,8,7,July,2020,4,Wednesday,15,3:00pm-3:59pm,56,56,0,This section IS NOT on the NHS,1,Rural,7,Local,2,County Highway Agency,4,County Road,CR-EW360,,0,None,36.49580000,36.49580000,-95.445097220,-95.445097220,0,No Special Jurisdiction,42,Tree (Standing Only),0,The First Harmful Event was Not a Collision with a Motor Vehicle in Transport,0,No,1,Non-Junction,1,Not an Intersection,0,None,,,4,On Roadside,1,Daylight,,,,,1,Clear,0,No,0000000,Not Applicable,15,3:00pm-3:59pm,56,56,16,4:00pm-4:59pm,12,12,88,"Not Applicable (Not Transported) ",88,Not Applicable (Not Transported),,,,,,,1,0
2020,40,400266,Oklahoma,2,2,0,0,0,3,3,143,TULSA (143),4780,TULSA,8,8,7,July,2020,4,Wednesday,21,9:00pm-9:59pm,30,30,0,This section IS NOT on the NHS,2,Urban,3,Principal Arterial - Other,4,City or Municipal Highway Agency,6,Local Street - Municipality,E 71ST ST,,0,None,36.06080000,36.06080000,-95.876000000,-95.876000000,0,No Special Jurisdiction,12,Motor Vehicle In-Transport,6,Angle,0,No,8,Driveway Access Related,1,Not an Intersection,0,None,,,1,On Roadway,2,Dark - Not Lighted,,,,,1,Clear,0,No,0000000,Not Applicable,21,9:00pm-9:59pm,31,31,21,9:00pm-9:59pm,34,34,21,9:00pm-9:59pm,54,54,,,,,,,1,0
2020,40,400267,Oklahoma,1,1,0,0,0,2,2,93,MAJOR (93),0,NOT APPLICABLE,9,9,7,July,2020,5,Thursday,1,1:00am-1:59am,45,45,0,This section IS NOT on the NHS,1,Rural,7,Local,2,County Highway Agency,4,County Road,CR-EW45,,0,None,36.36200000,36.36200000,-98.266497220,-98.266497220,0,No Special Jurisdiction,1,Rollover/Overturn,0,The First Harmful Event was Not a Collision with a Motor Vehicle in Transport,0,No,1,Non-Junction,1,Not an Intersection,0,None,,,4,On Roadside,2,Dark - Not Lighted,,,,,1,Clear,0,No,0000000,Not Applicable,99,Unknown,98,Unknown if Notified,99,Unknown EMS Scene Arrival Hour,98,Unknown if Arrived,88,"Not Applicable (Not Transported) ",88,Not Applicable (Not Transported),,,,,,,2,1
2020,40,400268,Oklahoma,1,1,0,0,0,1,1,109,OKLAHOMA (109),3550,OKLAHOMA CITY,9,9,7,July,2020,5,Thursday,11,11:00am-11:59am,40,40,1,This section IS ON the NHS,2,Urban,1,Interstate,1,State Highway Agency,1,Interstate,I-40,,0,None,35.46209722,35.46209722,-97.551197220,-97.551197220,0,No Special Jurisdiction,21,Bridge Pier or Support,0,The First Harmful Event was Not a Collision with a Motor Vehicle in Transport,0,No,1,Non-Junction,1,Not an Intersection,0,None,,,8,Gore,1,Daylight,,,,,1,Clear,0,No,0000000,Not Applicable,99,Unknown,98,Unknown if Notified,99,Unknown EMS Scene Arrival Hour,98,Unknown if Arrived,88,"Not Applicable (Not Transported) ",88,Not Applicable (Not Transported),,,,,,,1,0
2020,40,400269,Oklahoma,1,1,0,0,0,1,1,83,LOGAN (83),2000,GUTHRIE,18,18,7,July,2020,7,Saturday,18,6:00pm-6:59pm,25,25,0,This section IS NOT on the NHS,1,Rural,5,Major Collector,1,State Highway Agency,2,U.S. Highway,US-77,,39,39,35.93569722,35.93569722,-97.417697220,-97.417697220,0,No Special Jurisdiction,34,Ditch,0,The First Harmful Event was Not a Collision with a Motor Vehicle in Transport,0,No,1,Non-Junction,1,Not an Intersection,0,None,,,4,On Roadside,1,Daylight,,,,,1,Clear,0,No,0000000,Not Applicable,18,6:00pm-6:59pm,20,20,18,6:00pm-6:59pm,23,23,88,"Not Applicable (Not Transported) ",88,Not Applicable (Not Transported),,,,,,,1,1
2020,40,400270,Oklahoma,2,1,1,1,1,1,1,135,SEQUOYAH (135),0,NOT APPLICABLE,18,18,7,July,2020,7,Saturday,18,6:00pm-6:59pm,55,55,1,This section IS ON the NHS,1,Rural,1,Interstate,1,State Highway Agency,1,Interstate,I-40,,0,None,35.44839722,35.44839722,-94.446797220,-94.446797220,0,No Special Jurisdiction,8,Pedestrian,0,The First Harmful Event was Not a Collision with a Motor Vehicle in Transport,0,No,1,Non-Junction,1,Not an Intersection,0,None,,,2,On Shoulder,1,Daylight,,,,,1,Clear,0,No,0000000,Not Applicable,18,6:00pm-6:59pm,56,56,19,7:00pm-7:59pm,37,37,20,8:00pm-8:59pm,8,8,,,,,,,1,0
2020,40,400271,Oklahoma,1,1,0,0,0,2,2,131,ROGERS (131),0,NOT APPLICABLE,22,22,7,July,2020,4,Wednesday,9,9:00am-9:59am,44,44,0,This section IS NOT on the NHS,1,Rural,5,Major Collector,1,State Highway Agency,3,State Highway,SR-66,,59,59,36.38210000,36.38210000,-95.557297220,-95.557297220,0,No Special Jurisdiction,1,Rollover/Overturn,0,The First Harmful Event was Not a Collision with a Motor Vehicle in Transport,0,No,1,Non-Junction,1,Not an Intersection,0,None,,,4,On Roadside,1,Daylight,,,,,10,Cloudy,0,No,0000000,Not Applicable,9,9:00am-9:59am,54,54,10,10:00am-10:59am,2,2,11,11:00am-11:59am,7,7,,,,,,,1,0
2020,40,400272,Oklahoma,3,3,0,0,0,3,3,103,NOBLE (103),0,NOT APPLICABLE,7,7,7,July,2020,3,Tuesday,14,2:00pm-2:59pm,13,13,0,This section IS NOT on the NHS,1,Rural,4,Minor Arterial,1,State Highway Agency,2,U.S. Highway,US-177,,6,6,36.25540000,36.25540000,-97.068200000,-97.068200000,0,No Special Jurisdiction,12,Motor Vehicle In-Transport,1,Front-to-Rear,0,No,1,Non-Junction,1,Not an Intersection,4,"Work Zone, Type Unknown",,,1,On Roadway,1,Daylight,,,,,10,Cloudy,0,No,0000000,Not Applicable,99,Unknown,98,Unknown if Notified,99,Unknown EMS Scene Arrival Hour,98,Unknown if Arrived,88,"Not Applicable (Not Transported) ",88,Not Applicable (Not Transported),,,,,,,1,0
2020,40,400273,Oklahoma,1,1,0,0,0,2,2,89,MCCURTAIN (89),0,NOT APPLICABLE,11,11,7,July,2020,7,Saturday,10,10:00am-10:59am,10,10,0,This section IS NOT on the NHS,1,Rural,3,Principal Arterial - Other,1,State Highway Agency,3,State Highway,SR-3,,240,240,34.04579722,34.04579722,-94.787197220,-94.787197220,0,No Special Jurisdiction,32,Culvert,0,The First Harmful Event was Not a Collision with a Motor Vehicle in Transport,0,No,1,Non-Junction,1,Not an Intersection,0,None,,,4,On Roadside,1,Daylight,,,,,98,Not Reported,0,No,0000000,Not Applicable,10,10:00am-10:59am,4,4,10,10:00am-10:59am,12,12,10,10:00am-10:59am,53,53,,,,,,,1,1
2020,40,400274,Oklahoma,1,1,0,0,0,6,6,97,MAYES (97),0,NOT APPLICABLE,19,19,7,July,2020,1,Sunday,15,3:00pm-3:59pm,58,58,1,This section IS ON the NHS,1,Rural,1,Interstate,1,State Highway Agency,1,Interstate,I-44,,0,None,36.43650000,36.43650000,-95.382597220,-95.382597220,0,No Special Jurisdiction,25,Concrete Traffic Barrier,0,The First Harmful Event was Not a Collision with a Motor Vehicle in Transport,0,No,1,Non-Junction,1,Not an Intersection,0,None,,,3,On Median,1,Daylight,,,,,1,Clear,0,No,0000000,Not Applicable,16,4:00pm-4:59pm,0,0,16,4:00pm-4:59pm,19,19,17,5:00pm-5:59pm,12,12,,,,,,,1,0
2020,40,400275,Oklahoma,2,2,0,0,0,3,3,43,DEWEY (43),0,NOT APPLICABLE,21,21,7,July,2020,3,Tuesday,15,3:00pm-3:59pm,34,34,1,This section IS ON the NHS,1,Rural,3,Principal Arterial - Other,1,State Highway Agency,2,U.S. Highway,US-270,,132,132,36.00119722,36.00119722,-98.765297220,-98.765297220,0,No Special Jurisdiction,12,Motor Vehicle In-Transport,2,Front-to-Front,0,No,1,Non-Junction,1,Not an Intersection,0,None,,,2,On Shoulder,1,Daylight,,,,,10,Cloudy,0,No,0000000,Not Applicable,15,3:00pm-3:59pm,44,44,16,4:00pm-4:59pm,16,16,17,5:00pm-5:59pm,20,20,,,,,,,1,0
2020,40,400276,Oklahoma,1,1,0,1,1,1,1,109,OKLAHOMA (109),3550,OKLAHOMA CITY,22,22,7,July,2020,4,Wednesday,22,10:00pm-10:59pm,13,13,0,This section IS NOT on the NHS,2,Urban,3,Principal Arterial - Other,4,City or Municipal Highway Agency,6,Local Street - Municipality,N MERIDIAN AVE,,0,None,35.48830000,35.48830000,-97.601100000,-97.601100000,0,No Special Jurisdiction,9,Pedalcyclist,0,The First Harmful Event was Not a Collision with a Motor Vehicle in Transport,0,No,1,Non-Junction,1,Not an Intersection,0,None,,,1,On Roadway,2,Dark - Not Lighted,,,,,10,Cloudy,0,No,0000000,Not Applicable,99,Unknown,98,Unknown if Notified,99,Unknown EMS Scene Arrival Hour,98,Unknown if Arrived,88,"Not Applicable (Not Transported) ",88,Not Applicable (Not Transported),,,,,,,1,1
2020,40,400277,Oklahoma,1,1,0,0,0,1,1,97,MAYES (97),0,NOT APPLICABLE,22,22,7,July,2020,4,Wednesday,10,10:00am-10:59am,41,41,1,This section IS ON the NHS,1,Rural,1,Interstate,1,State Highway Agency,1,Interstate,I-44,,0,None,36.44760000,36.44760000,-95.370900000,-95.370900000,0,No Special Jurisdiction,1,Rollover/Overturn,0,The First Harmful Event was Not a Collision with a Motor Vehicle in Transport,0,No,1,Non-Junction,1,Not an Intersection,0,None,,,4,On Roadside,1,Daylight,,,,,1,Clear,0,No,0000000,Not Applicable,10,10:00am-10:59am,40,40,10,10:00am-10:59am,58,58,88,"Not Applicable (Not Transported) ",88,Not Applicable (Not Transported),,,,,,,1,0
2020,40,400278,Oklahoma,1,1,0,1,1,3,3,109,OKLAHOMA (109),3550,OKLAHOMA CITY,24,24,7,July,2020,6,Friday,1,1:00am-1:59am,19,19,0,This section IS NOT on the NHS,1,Rural,4,Minor Arterial,4,City or Municipal Highway Agency,6,Local Street - Municipality,N MARTIN LUTHER KING JR BLVD,,0,None,35.49830000,35.49830000,-97.476694440,-97.476694440,0,No Special Jurisdiction,8,Pedestrian,0,The First Harmful Event was Not a Collision with a Motor Vehicle in Transport,0,No,1,Non-Junction,1,Not an Intersection,0,None,,,1,On Roadway,3,Dark - Lighted,,,,,10,Cloudy,0,No,0000000,Not Applicable,99,Unknown,98,Unknown if Notified,99,Unknown EMS Scene Arrival Hour,98,Unknown if Arrived,88,"Not Applicable (Not Transported) ",88,Not Applicable (Not Transported),,,,,,,1,0
2020,40,400279,Oklahoma,2,2,0,0,0,3,3,109,OKLAHOMA (109),3550,OKLAHOMA CITY,25,25,7,July,2020,7,Saturday,16,4:00pm-4:59pm,52,52,1,This section IS ON the NHS,2,Urban,1,Interstate,1,State Highway Agency,1,Interstate,I-240,,0,None,35.39159722,35.39159722,-97.476600000,-97.476600000,0,No Special Jurisdiction,12,Motor Vehicle In-Transport,1,Front-to-Rear,0,No,1,Non-Junction,1,Not an Intersection,4,"Work Zone, Type Unknown",,,1,On Roadway,1,Daylight,,,,,1,Clear,0,No,0000000,Not Applicable,99,Unknown,98,Unknown if Notified,99,Unknown EMS Scene Arrival Hour,98,Unknown if Arrived,88,"Not Applicable (Not Transported) ",88,Not Applicable (Not Transported),,,,,,,1,1
2020,40,400280,Oklahoma,1,1,0,0,0,1,1,15,CADDO (15),0,NOT APPLICABLE,28,28,7,July,2020,3,Tuesday,22,10:00pm-10:59pm,0,0,0,This section IS NOT on the NHS,1,Rural,5,Major Collector,2,County Highway Agency,4,County Road,CR-2490,,0,None,35.28920000,35.28920000,-98.553100000,-98.553100000,0,No Special Jurisdiction,35,Embankment,0,The First Harmful Event was Not a Collision with a Motor Vehicle in Transport,0,No,1,Non-Junction,1,Not an Intersection,0,None,,,4,On Roadside,2,Dark - Not Lighted,,,,,10,Cloudy,0,No,0000000,Not Applicable,99,Unknown,98,Unknown if Notified,99,Unknown EMS Scene Arrival Hour,98,Unknown if Arrived,88,"Not Applicable (Not Transported) ",88,Not Applicable (Not Transported),,,,,,,1,0