caseyear,state,st_case,statename,ve_total,ve_forms,pvh_invl,peds,pernotmvit,permvit,persons,county,countyname,city,cityname,day,dayname,month,monthname,year,day_week,day_weekname,hour,hourname,minute,minutename,nhs,nhsname,rur_urb,rur_urbname,func_sys,func_sysname,rd_owner,rd_ownername,route,routename,tway_id,tway_id2,milept,mileptname,latitude,latitudename,longitud,longitudname,sp_jur,sp_jurname,harm_ev,harm_evname,man_coll,man_collname,reljct1,reljct1name,reljct2,reljct2name,typ_int,typ_intname,wrk_zone,wrk_zonename,road_fnc,road_fncname,rel_road,rel_roadname,lgt_cond,lgt_condname,weather1,weather1name,weather2,weather2name,weather,weathername,sch_bus,sch_busname,rail,railname,not_hour,not_hourname,not_min,not_minname,arr_hour,arr_hourname,arr_min,arr_minname,hosp_hr,hosp_hrname,hosp_mn,hosp_mnname,cf1,cf1name,cf2,cf2name,cf3,cf3name,fatals,drunk_dr
2020,40,400281,Oklahoma,1,1,0,0,0,1,1,89,MCCURTAIN (89),0,NOT APPLICABLE,24,24,5,May,2020,1,Sunday,9,9:00am-9:59am,12,12,1,This section IS ON the NHS,1,Rural,3,Principal Arterial - Other,1,State Highway Agency,2,U.S. Highway,US-259,,13,13,33.72169722,33.72169722,-94.709197220,-94.709197220,0,No Special Jurisdiction,35,Embankment,0,The First Harmful Event was Not a Collision with a Motor Vehicle in Transport,0,No,1,Non-Junction,1,Not an Intersection,0,None,,,4,On Roadside,1,Daylight,,,,,10,Cloudy,0,No,0000000,Not Applicable,9,9:00am-9:59am,31,31,10,10:00am-10:59am,44,44,11,11:00am-11:59am,46,46,,,,,,,1,1
2020,40,400282,Oklahoma,1,1,0,0,0,1,1,113,OSAGE (113),0,NOT APPLICABLE,1,1,7,July,2020,4,Wednesday,10,10:00am-10:59am,43,43,0,This section IS NOT on the NHS,1,Rural,7,Local,2,County Highway Agency,4,County Road,CR-NEW PRUE RD,,0,None,36.64840000,36.64840000,-96.318100000,-96.318100000,0,No Special Jurisdiction,32,Culvert,0,The First Harmful Event was Not a Collision with a Motor Vehicle in Transport,0,No,1,Non-Junction,1,Not an Intersection,0,None,,,4,On Roadside,1,Daylight,,,,,1,Clear,0,No,0000000,Not Applicable,99,Unknown,98,Unknown if Notified,99,Unknown EMS Scene Arrival Hour,98,Unknown if Arrived,88,"Not Applicable (Not Transported) ",88,Not Applicable (Not Transported),,,,,,,1,0
2020,40,400283,Oklahoma,1,1,0,0,0,1,1,3,ALFALFA (3),0,NOT APPLICABLE,3,3,7,July,2020,6,Friday,11,11:00am-11:59am,16,16,0,This section IS NOT on the NHS,1,Rural,5,Major Collector,2,County Highway Agency,4,County Road,CR-GREER,,0,None,36.75370000,36.75370000,-98.379997220,-98.379997220,0,No Special Jurisdiction,1,Rollover/Overturn,0,The First Harmful Event was Not a Collision with a Motor Vehicle in Transport,0,No,1,Non-Junction,1,Not an Intersection,0,None,,,1,On Roadway,1,Daylight,,,,,1,Clear,0,No,0000000,Not Applicable,10,10:00am-10:59am,22,22,10,10:00am-10:59am,57,57,12,12:00pm-12:59pm,43,43,,,,,,,1,0
2020,40,400284,Oklahoma,1,1,0,0,0,1,1,23,CHOCTAW (23),0,NOT APPLICABLE,18,18,7,July,2020,7,Saturday,4,4:00am-4:59am,57,57,1,This section IS ON the NHS,1,Rural,3,Principal Arterial - Other,1,State Highway Agency,2,U.S. Highway,US-271,,83,83,33.98340000,33.98340000,-95.523600000,-95.523600000,0,No Special Jurisdiction,38,Fence,0,The First Harmful Event was Not a Collision with a Motor Vehicle in Transport,0,No,1,Non-Junction,1,Not an Intersection,0,None,,,4,On Roadside,2,Dark - Not Lighted,,,,,1,Clear,0,No,0000000,Not Applicable,4,4:00am-4:59am,54,54,5,5:00am-5:59am,5,5,88,"Not Applicable (Not Transported) ",88,Not Applicable (Not Transported),,,,,,,1,0
2020,40,400285,Oklahoma,1,1,0,1,1,1,1,109,OKLAHOMA (109),3550,OKLAHOMA CITY,21,21,7,July,2020,3,Tuesday,6,6:00am-6:59am,49,49,0,This section IS NOT on the NHS,2,Urban,4,Minor Arterial,4,City or Municipal Highway Agency,6,Local Street - Municipality,NW 122ND ST,,0,None,35.59455556,35.59455556,-97.528300000,-97.528300000,0,No Special Jurisdiction,8,Pedestrian,0,The First Harmful Event was Not a Collision with a Motor Vehicle in Transport,0,No,1,Non-Junction,1,Not an Intersection,0,None,,,1,On Roadway,4,Dawn,,,,,10,Cloudy,0,No,0000000,Not Applicable,6,6:00am-6:59am,59,59,7,7:00am-7:59am,21,21,7,7:00am-7:59am,41,41,,,,,,,1,0
2020,40,400286,Oklahoma,2,2,0,0,0,3,3,143,TULSA (143),590,BROKEN ARROW,23,23,7,July,2020,5,Thursday,21,9:00pm-9:59pm,36,36,0,This section IS NOT on the NHS,2,Urban,3,Principal Arterial - Other,4,City or Municipal Highway Agency,6,Local Street - Municipality,W KENOSHA ST,N HEMLOCK AVE,0,None,36.06087778,36.06087778,-95.825069440,-95.825069440,0,No Special Jurisdiction,12,Motor Vehicle In-Transport,2,Front-to-Front,0,No,2,Intersection,3,T-Intersection,0,None,,,1,On Roadway,3,Dark - Lighted,,,,,1,Clear,0,No,0000000,Not Applicable,21,9:00pm-9:59pm,37,37,21,9:00pm-9:59pm,42,42,22,10:00pm-10:59pm,14,14,,,,,,,1,1
2020,40,400287,Oklahoma,1,1,0,0,0,3,3,93,MAJOR (93),0,NOT APPLICABLE,28,28,7,July,2020,3,Tuesday,14,2:00pm-2:59pm,45,45,0,This section IS NOT on the NHS,1,Rural,5,Major Collector,2,County Highway Agency,4,County Road,CR-580,,0,None,36.17349722,36.17349722,-98.551297220,-98.551297220,0,No Special Jurisdiction,16,Thrown or Falling Object,0,The First Harmful Event was Not a Collision with a Motor Vehicle in Transport,0,No,1,Non-Junction,1,Not an Intersection,0,None,,,1,On Roadway,1,Daylight,,,,,10,Cloudy,0,No,0000000,Not Applicable,14,2:00pm-2:59pm,37,37,15,3:00pm-3:59pm,12,12,16,4:00pm-4:59pm,14,14,,,,,,,1,0
2020,40,400288,Oklahoma,2,2,0,0,0,2,2,131,ROGERS (131),9997,Other,31,31,7,July,2020,6,Friday,9,9:00am-9:59am,45,45,0,This section IS NOT on the NHS,2,Urban,4,Minor Arterial,1,State Highway Agency,3,State Highway,SR-266,CR-E530,0,None,36.24983056,36.24983056,-95.704627780,-95.704627780,0,No Special Jurisdiction,12,Motor Vehicle In-Transport,2,Front-to-Front,1,Yes,2,Intersection,3,T-Intersection,0,None,,,1,On Roadway,1,Daylight,,,,,1,Clear,0,No,0000000,Not Applicable,9,9:00am-9:59am,51,51,10,10:00am-10:59am,2,2,88,"Not Applicable (Not Transported) ",88,Not Applicable (Not Transported),,,,,,,1,0
2020,40,400289,Oklahoma,1,1,0,1,1,1,1,109,OKLAHOMA (109),3550,OKLAHOMA CITY,9,9,7,July,2020,5,Thursday,99,Unknown Hours,99,Unknown Minutes,1,This section IS ON the NHS,2,Urban,1,Interstate,1,State Highway Agency,1,Interstate,I-40,,0,None,35.43019722,35.43019722,-97.365797220,-97.365797220,0,No Special Jurisdiction,8,Pedestrian,0,The First Harmful Event was Not a Collision with a Motor Vehicle in Transport,0,No,1,Non-Junction,1,Not an Intersection,0,None,,,1,On Roadway,9,Reported as Unknown,,,,,99,Reported as Unknown,0,No,0000000,Not Applicable,99,Unknown,98,Unknown if Notified,99,Unknown EMS Scene Arrival Hour,98,Unknown if Arrived,88,"Not Applicable (Not Transported) ",88,Not Applicable (Not Transported),,,,,,,1,0
2020,40,400290,Oklahoma,1,1,0,0,0,2,2,21,CHEROKEE (21),0,NOT APPLICABLE,9,9,7,July,2020,5,Thursday,15,3:00pm-3:59pm,41,41,0,This section IS NOT on the NHS,1,Rural,5,Major Collector,2,County Highway Agency,4,County Road,CR-WELLING RD,,0,None,35.90769722,35.90769722,-94.909197220,-94.909197220,0,No Special Jurisdiction,38,Fence,0,The First Harmful Event was Not a Collision with a Motor Vehicle in Transport,0,No,1,Non-Junction,1,Not an Intersection,0,None,,,4,On Roadside,1,Daylight,,,,,2,Rain,0,No,0000000,Not Applicable,15,3:00pm-3:59pm,38,38,15,3:00pm-3:59pm,47,47,88,"Not Applicable (Not Transported) ",88,Not Applicable (Not Transported),,,,,,,1,0
2020,40,400291,Oklahoma,1,1,0,1,1,1,1,109,OKLAHOMA (109),3550,OKLAHOMA CITY,18,18,7,July,2020,7,Saturday,0,0:00am-0:59am,29,29,1,This section IS ON the NHS,2,Urban,1,Interstate,1,State Highway Agency,1,Interstate,I-40 EXIT RAMP,,0,None,35.40129722,35.40129722,-97.283797220,-97.283797220,0,No Special Jurisdiction,8,Pedestrian,0,The First Harmful Event was Not a Collision with a Motor Vehicle in Transport,1,Yes,20,Entrance/Exit Ramp,1,Not an Intersection,0,None,,,1,On Roadway,2,Dark - Not Lighted,,,,,1,Clear,0,No,0000000,Not Applicable,99,Unknown,98,Unknown if Notified,99,Unknown EMS Scene Arrival Hour,98,Unknown if Arrived,88,"Not Applicable (Not Transported) ",88,Not Applicable (Not Transported),,,,,,,1,0
2020,40,400292,Oklahoma,1,1,0,0,0,3,3,129,ROGER MILLS (129),0,NOT APPLICABLE,27,27,7,July,2020,2,Monday,12,12:00pm-12:59pm,5,5,0,This section IS NOT on the NHS,1,Rural,5,Major Collector,1,State Highway Agency,3,State Highway,SR-47,,127,127,35.61290000,35.61290000,-99.688997220,-99.688997220,0,No Special Jurisdiction,59,"Traffic Sign Support ",0,The First Harmful Event was Not a Collision with a Motor Vehicle in Transport,0,No,1,Non-Junction,1,Not an Intersection,0,None,,,4,On Roadside,1,Daylight,,,,,10,Cloudy,0,No,0000000,Not Applicable,11,11:00am-11:59am,58,58,12,12:00pm-12:59pm,2,2,12,12:00pm-12:59pm,14,14,,,,,,,1,0
2020,40,400293,Oklahoma,2,2,0,0,0,3,3,21,CHEROKEE (21),0,NOT APPLICABLE,31,31,7,July,2020,6,Friday,19,7:00pm-7:59pm,11,11,0,This section IS NOT on the NHS,1,Rural,7,Local,2,County Highway Agency,4,County Road,CR-N510,,0,None,36.02060000,36.02060000,-94.975700000,-94.975700000,0,No Special Jurisdiction,12,Motor Vehicle In-Transport,2,Front-to-Front,0,No,1,Non-Junction,1,Not an Intersection,0,None,,,1,On Roadway,1,Daylight,,,,,1,Clear,0,No,0000000,Not Applicable,19,7:00pm-7:59pm,10,10,19,7:00pm-7:59pm,27,27,20,8:00pm-8:59pm,20,20,,,,,,,2,0
2020,40,400294,Oklahoma,2,2,0,0,0,3,3,41,DELAWARE (41),0,NOT APPLICABLE,31,31,7,July,2020,6,Friday,20,8:00pm-8:59pm,7,7,0,This section IS NOT on the NHS,1,Rural,5,Major Collector,2,County Highway Agency,4,County Road,CR-EW250,CR-NS580,0,None,36.65599722,36.65599722,-94.837400000,-94.837400000,0,No Special Jurisdiction,12,Motor Vehicle In-Transport,6,Angle,0,No,2,Intersection,2,Four-Way Intersection,0,None,,,1,On Roadway,1,Daylight,,,,,1,Clear,0,No,0000000,Not Applicable,99,Unknown,98,Unknown if Notified,99,Unknown EMS Scene Arrival Hour,98,Unknown if Arrived,88,"Not Applicable (Not Transported) ",88,Not Applicable (Not Transported),,,,,,,1,0
2020,40,400295,Oklahoma,1,1,0,0,0,1,1,37,CREEK (37),0,NOT APPLICABLE,1,1,8,August,2020,7,Saturday,8,8:00am-8:59am,8,8,0,This section IS NOT on the NHS,1,Rural,7,Local,2,County Highway Agency,4,County Road,CR-337TH W AVE,,0,None,35.93280000,35.93280000,-96.369197220,-96.369197220,0,No Special Jurisdiction,34,Ditch,0,The First Harmful Event was Not a Collision with a Motor Vehicle in Transport,0,No,1,Non-Junction,1,Not an Intersection,0,None,,,4,On Roadside,1,Daylight,,,,,1,Clear,0,No,0000000,Not Applicable,8,8:00am-8:59am,8,8,8,8:00am-8:59am,21,21,88,"Not Applicable (Not Transported) ",88,Not Applicable (Not Transported),,,,,,,1,1
2020,40,400296,Oklahoma,1,1,0,0,0,1,1,15,CADDO (15),0,NOT APPLICABLE,3,3,8,August,2020,2,Monday,4,4:00am-4:59am,12,12,1,This section IS ON the NHS,1,Rural,1,Interstate,1,State Highway Agency,1,Interstate,I-40,,0,None,35.52949722,35.52949722,-98.401200000,-98.401200000,0,No Special Jurisdiction,57,Cable Barrier,0,The First Harmful Event was Not a Collision with a Motor Vehicle in Transport,0,No,1,Non-Junction,1,Not an Intersection,0,None,,,3,On Median,2,Dark - Not Lighted,,,,,10,Cloudy,0,No,0000000,Not Applicable,99,Unknown,98,Unknown if Notified,99,Unknown EMS Scene Arrival Hour,98,Unknown if Arrived,88,"Not Applicable (Not Transported) ",88,Not Applicable (Not Transported),,,,,,,1,0
2020,40,400297,Oklahoma,1,1,0,1,1,1,1,143,TULSA (143),4780,TULSA,5,5,8,August,2020,4,Wednesday,0,0:00am-0:59am,16,16,0,This section IS NOT on the NHS,2,Urban,5,Major Collector,4,City or Municipal Highway Agency,6,Local Street - Municipality,E 15TH ST,,0,None,36.14070000,36.14070000,-95.900300000,-95.900300000,0,No Special Jurisdiction,8,Pedestrian,0,The First Harmful Event was Not a Collision with a Motor Vehicle in Transport,0,No,1,Non-Junction,1,Not an Intersection,0,None,,,1,On Roadway,2,Dark - Not Lighted,,,,,1,Clear,0,No,0000000,Not Applicable,0,0:00am-0:59am,16,16,0,0:00am-0:59am,21,21,88,"Not Applicable (Not Transported) ",88,Not Applicable (Not Transported),,,,,,,1,0
2020,40,400298,Oklahoma,2,2,0,0,0,2,2,143,TULSA (143),0,NOT APPLICABLE,22,22,7,July,2020,4,Wednesday,23,11:00pm-11:59pm,57,57,1,This section IS ON the NHS,1,Rural,3,Principal Arterial - Other,1,State Highway Agency,2,U.S. Highway,US-75,,0,None,36.41629722,36.41629722,-95.920400000,-95.920400000,0,No Special Jurisdiction,12,Motor Vehicle In-Transport,1,Front-to-Rear,0,No,1,Non-Junction,1,Not an Intersection,0,None,,,1,On Roadway,2,Dark - Not Lighted,,,,,1,Clear,0,No,0000000,Not Applicable,23,11:00pm-11:59pm,59,59,0,0:00am-0:59am,9,9,88,"Not Applicable (Not Transported) ",88,Not Applicable (Not Transported),,,,,,,1,0
2020,40,400299,Oklahoma,2,2,0,0,0,2,2,91,MCINTOSH (91),0,NOT APPLICABLE,23,23,7,July,2020,5,Thursday,22,10:00pm-10:59pm,33,33,1,This section IS ON the NHS,1,Rural,3,Principal Arterial - Other,1,State Highway Agency,8,Other,INDIAN NATION TPK,,0,None,35.30819722,35.30819722,-95.951800000,-95.951800000,0,No Special Jurisdiction,12,Motor Vehicle In-Transport,1,Front-to-Rear,0,No,1,Non-Junction,1,Not an Intersection,0,None,,,1,On Roadway,2,Dark - Not Lighted,,,,,1,Clear,0,No,0000000,Not Applicable,99,Unknown,98,Unknown if Notified,99,Unknown EMS Scene Arrival Hour,98,Unknown if Arrived,88,"Not Applicable (Not Transported) ",88,Not Applicable (Not Transported),,,,,,,1,0
2020,40,400300,Oklahoma,1,1,0,1,1,1,1,63,HUGHES (63),0,NOT APPLICABLE,8,8,8,August,2020,7,Saturday,16,4:00pm-4:59pm,30,30,0,This section IS NOT on the NHS,1,Rural,5,Major Collector,1,State Highway Agency,3,State Highway,SR-9,,87,87,35.23129722,35.23129722,-96.287700000,-96.287700000,0,No Special Jurisdiction,9,Pedalcyclist,0,The First Harmful Event was Not a Collision with a Motor Vehicle in Transport,0,No,1,Non-Junction,1,Not an Intersection,0,None,,,1,On Roadway,1,Daylight,,,,,1,Clear,0,No,0000000,Not Applicable,99,Unknown,98,Unknown if Notified,99,Unknown EMS Scene Arrival Hour,98,Unknown if Arrived,88,"Not Applicable (Not Transported) ",88,Not Applicable (Not Transported),,,,,,,1,0
2020,40,400301,Oklahoma,2,2,0,0,0,2,2,109,OKLAHOMA (109),3550,OKLAHOMA CITY,5,5,6,June,2020,6,Friday,15,3:00pm-3:59pm,5,5,1,This section IS ON the NHS,2,Urban,1,Interstate,1,State Highway Agency,1,Interstate,I-35,,0,None,35.49544444,35.49544444,-97.464497220,-97.464497220,0,No Special Jurisdiction,12,Motor Vehicle In-Transport,1,Front-to-Rear,0,No,1,Non-Junction,1,Not an Intersection,0,None,,,1,On Roadway,1,Daylight,,,,,1,Clear,0,No,0000000,Not Applicable,15,3:00pm-3:59pm,6,6,15,3:00pm-3:59pm,13,13,15,3:00pm-3:59pm,46,46,,,,,,,1,0
2020,40,400302,Oklahoma,2,2,0,0,0,3,3,83,LOGAN (83),2000,GUTHRIE,5,5,6,June,2020,6,Friday,19,7:00pm-7:59pm,5,5,0,This section IS NOT on the NHS,2,Urban,3,Principal Arterial - Other,1,State Highway Agency,3,State Highway,SR-33,,0,None,35.87920278,35.87920278,-97.460072220,-97.460072220,0,No Special Jurisdiction,12,Motor Vehicle In-Transport,6,Angle,0,No,8,Driveway Access Related,1,Not an Intersection,0,None,,,1,On Roadway,1,Daylight,,,,,1,Clear,0,No,0000000,Not Applicable,18,6:00pm-6:59pm,53,53,19,7:00pm-7:59pm,16,16,19,7:00pm-7:59pm,52,52,,,,,,,1,0
2020,40,400303,Oklahoma,2,2,0,0,0,2,2,131,ROGERS (131),870,CATOOSA,8,8,6,June,2020,2,Monday,11,11:00am-11:59am,46,46,0,This section IS NOT on the NHS,2,Urban,7,Local,4,City or Municipal Highway Agency,6,Local Street - Municipality,E APACHE ST,SR-66,0,None,36.19150833,36.19150833,-95.733941670,-95.733941670,0,No Special Jurisdiction,12,Motor Vehicle In-Transport,6,Angle,0,No,2,Intersection,2,Four-Way Intersection,0,None,,,1,On Roadway,1,Daylight,,,,,1,Clear,0,No,0000000,Not Applicable,11,11:00am-11:59am,49,49,11,11:00am-11:59am,52,52,12,12:00pm-12:59pm,55,55,,,,,,,1,0
2020,40,400304,Oklahoma,3,3,0,0,0,9,9,67,JEFFERSON (67),0,NOT APPLICABLE,23,23,7,July,2020,5,Thursday,13,1:00pm-1:59pm,26,26,1,This section IS ON the NHS,1,Rural,3,Principal Arterial - Other,1,State Highway Agency,2,U.S. Highway,US-81,,66,66,34.24920000,34.24920000,-97.962800000,-97.962800000,0,No Special Jurisdiction,12,Motor Vehicle In-Transport,2,Front-to-Front,0,No,1,Non-Junction,1,Not an Intersection,0,None,,,1,On Roadway,1,Daylight,,,,,1,Clear,0,No,0000000,Not Applicable,13,1:00pm-1:59pm,33,33,14,2:00pm-2:59pm,9,9,15,3:00pm-3:59pm,46,46,,,,,,,2,0
2020,40,400305,Oklahoma,2,2,0,0,0,3,3,143,TULSA (143),0,NOT APPLICABLE,26,26,7,July,2020,1,Sunday,11,11:00am-11:59am,19,19,1,This section IS ON the NHS,1,Rural,1,Interstate,1,State Highway Agency,1,Interstate,I-44,,0,None,36.16239722,36.16239722,-95.781400000,-95.781400000,0,No Special Jurisdiction,12,Motor Vehicle In-Transport,7,Sideswipe - Same Direction,0,No,1,Non-Junction,1,Not an Intersection,1,Construction,,,1,On Roadway,1,Daylight,,,,,1,Clear,0,No,0000000,Not Applicable,11,11:00am-11:59am,16,16,11,11:00am-11:59am,32,32,88,"Not Applicable (Not Transported) ",88,Not Applicable (Not Transported),,,,,,,1,0
2020,40,400306,Oklahoma,1,1,0,0,0,1,1,105,NOWATA (105),0,NOT APPLICABLE,26,26,7,July,2020,1,Sunday,16,4:00pm-4:59pm,50,50,0,This section IS NOT on the NHS,1,Rural,7,Local,2,County Highway Agency,4,County Road,CR-E20,,0,None,36.72809722,36.72809722,-95.645300000,-95.645300000,0,No Special Jurisdiction,44,"Pavement Surface Irregularity (Ruts, Potholes, Grates, etc.)",0,The First Harmful Event was Not a Collision with a Motor Vehicle in Transport,0,No,1,Non-Junction,1,Not an Intersection,0,None,,,1,On Roadway,1,Daylight,,,,,1,Clear,0,No,0000000,Not Applicable,99,Unknown,98,Unknown if Notified,99,Unknown EMS Scene Arrival Hour,98,Unknown if Arrived,88,"Not Applicable (Not Transported) ",88,Not Applicable (Not Transported),,,,,,,1,0
2020,40,400307,Oklahoma,1,1,0,0,0,2,2,51,GRADY (51),960,CHICKASHA,3,3,7,July,2020,6,Friday,20,8:00pm-8:59pm,49,49,1,This section IS ON the NHS,2,Urban,1,Interstate,1,State Highway Agency,1,Interstate,I-44 EXIT RAMP,,0,None,35.05429722,35.05429722,-97.908600000,-97.908600000,0,No Special Jurisdiction,1,Rollover/Overturn,0,The First Harmful Event was Not a Collision with a Motor Vehicle in Transport,0,No,5,Entrance/Exit Ramp Related,1,Not an Intersection,0,None,,,4,On Roadside,5,Dusk,,,,,1,Clear,0,No,0000000,Not Applicable,99,Unknown,99,Unknown,99,Unknown EMS Scene Arrival Hour,99,Unknown EMS Scene Arrival Minutes,99,Unknown,99,Unknown EMS Hospital Arrival Time,,,,,,,1,1
2020,40,400308,Oklahoma,1,1,0,0,0,1,1,51,GRADY (51),0,NOT APPLICABLE,22,22,7,July,2020,4,Wednesday,99,Unknown Hours,99,Unknown Minutes,0,This section IS NOT on the NHS,1,Rural,3,Principal Arterial - Other,1,State Highway Agency,2,U.S. Highway,US-62,,117,117,35.04699722,35.04699722,-97.896000000,-97.896000000,0,No Special Jurisdiction,1,Rollover/Overturn,0,The First Harmful Event was Not a Collision with a Motor Vehicle in Transport,0,No,1,Non-Junction,1,Not an Intersection,0,None,,,4,On Roadside,2,Dark - Not Lighted,,,,,99,Reported as Unknown,0,No,0000000,Not Applicable,88,Not Applicable (Not Notified),88,Not Applicable (Not Notified),88,Not Applicable,88,Not Applicable,88,"Not Applicable (Not Transported) ",88,Not Applicable (Not Transported),,,,,,,1,0
2020,40,400309,Oklahoma,1,1,0,1,1,2,2,143,TULSA (143),4780,TULSA,23,23,7,July,2020,5,Thursday,23,11:00pm-11:59pm,46,46,1,This section IS ON the NHS,2,Urban,1,Interstate,1,State Highway Agency,1,Interstate,I-44,,0,None,36.08919722,36.08919722,-96.000000000,-96.000000000,0,No Special Jurisdiction,8,Pedestrian,0,The First Harmful Event was Not a Collision with a Motor Vehicle in Transport,0,No,1,Non-Junction,1,Not an Intersection,0,None,,,1,On Roadway,2,Dark - Not Lighted,,,,,1,Clear,0,No,0000000,Not Applicable,23,11:00pm-11:59pm,43,43,23,11:00pm-11:59pm,48,48,88,"Not Applicable (Not Transported) ",88,Not Applicable (Not Transported),,,,,,,1,0
2020,40,400310,Oklahoma,3,3,0,0,0,6,6,17,CANADIAN (17),3550,OKLAHOMA CITY,29,29,7,July,2020,4,Wednesday,6,6:00am-6:59am,22,22,1,This section IS ON the NHS,2,Urban,1,Interstate,1,State Highway Agency,1,Interstate,I-40,,0,None,35.50090000,35.50090000,-97.798697220,-97.798697220,0,No Special Jurisdiction,12,Motor Vehicle In-Transport,1,Front-to-Rear,0,No,1,Non-Junction,1,Not an Intersection,0,None,,,1,On Roadway,4,Dawn,,,,,2,Rain,0,No,0000000,Not Applicable,6,6:00am-6:59am,29,29,6,6:00am-6:59am,46,46,7,7:00am-7:59am,14,14,,,,,,,1,0
2020,40,400311,Oklahoma,1,1,0,1,1,1,1,97,MAYES (97),0,NOT APPLICABLE,29,29,7,July,2020,4,Wednesday,21,9:00pm-9:59pm,13,13,0,This section IS NOT on the NHS,1,Rural,7,Local,2,County Highway Agency,4,County Road,CR-INDIAN SPRINGS RD,,0,None,36.35000000,36.35000000,-95.092397220,-95.092397220,0,No Special Jurisdiction,8,Pedestrian,0,The First Harmful Event was Not a Collision with a Motor Vehicle in Transport,0,No,1,Non-Junction,1,Not an Intersection,0,None,,,1,On Roadway,2,Dark - Not Lighted,,,,,10,Cloudy,0,No,0000000,Not Applicable,21,9:00pm-9:59pm,18,18,21,9:00pm-9:59pm,40,40,23,11:00pm-11:59pm,12,12,,,,,,,1,0
2020,40,400312,Oklahoma,2,2,0,0,0,4,4,87,MCCLAIN (87),3378,NEW CASTLE,30,30,7,July,2020,5,Thursday,20,8:00pm-8:59pm,45,45,1,This section IS ON the NHS,1,Rural,1,Interstate,1,State Highway Agency,1,Interstate,I-44,,0,None,35.24289722,35.24289722,-97.667000000,-97.667000000,0,No Special Jurisdiction,12,Motor Vehicle In-Transport,9,Rear-to-Side,0,No,1,Non-Junction,1,Not an Intersection,0,None,,,1,On Roadway,5,Dusk,,,,,1,Clear,0,No,0000000,Not Applicable,20,8:00pm-8:59pm,42,42,20,8:00pm-8:59pm,53,53,21,9:00pm-9:59pm,35,35,,,,,,,1,0
2020,40,400313,Oklahoma,2,2,0,0,0,3,3,7,BEAVER (7),0,NOT APPLICABLE,31,31,7,July,2020,6,Friday,17,5:00pm-5:59pm,14,14,1,This section IS ON the NHS,1,Rural,3,Principal Arterial - Other,1,State Highway Agency,2,U.S. Highway,US-412,,40,40,36.61630000,36.61630000,-100.756397220,-100.756397220,0,No Special Jurisdiction,12,Motor Vehicle In-Transport,6,Angle,0,No,1,Non-Junction,1,Not an Intersection,0,None,,,1,On Roadway,1,Daylight,,,,,1,Clear,0,No,0000000,Not Applicable,17,5:00pm-5:59pm,17,17,17,5:00pm-5:59pm,44,44,99,Unknown,99,Unknown EMS Hospital Arrival Time,,,,,,,1,1
2020,40,400314,Oklahoma,1,1,0,0,0,1,1,125,POTTAWATOMIE (125),0,NOT APPLICABLE,31,31,7,July,2020,6,Friday,17,5:00pm-5:59pm,59,59,1,This section IS ON the NHS,1,Rural,1,Interstate,1,State Highway Agency,1,Interstate,I-40,,0,None,35.38899722,35.38899722,-96.840697220,-96.840697220,0,No Special Jurisdiction,1,Rollover/Overturn,0,The First Harmful Event was Not a Collision with a Motor Vehicle in Transport,0,No,1,Non-Junction,1,Not an Intersection,0,None,,,3,On Median,1,Daylight,,,,,1,Clear,0,No,0000000,Not Applicable,18,6:00pm-6:59pm,1,1,18,6:00pm-6:59pm,13,13,88,"Not Applicable (Not Transported) ",88,Not Applicable (Not Transported),,,,,,,1,1
2020,40,400315,Oklahoma,1,1,0,0,0,2,2,109,OKLAHOMA (109),3550,OKLAHOMA CITY,3,3,8,August,2020,2,Monday,0,0:00am-0:59am,40,40,1,This section IS ON the NHS,2,Urban,1,Interstate,1,State Highway Agency,1,Interstate,I-35,,0,None,35.46750000,35.46750000,-97.466897220,-97.466897220,0,No Special Jurisdiction,25,Concrete Traffic Barrier,0,The First Harmful Event was Not a Collision with a Motor Vehicle in Transport,0,No,1,Non-Junction,1,Not an Intersection,0,None,,,4,On Roadside,3,Dark - Lighted,,,,,1,Clear,0,No,0000000,Not Applicable,0,0:00am-0:59am,50,50,1,1:00am-1:59am,5,5,1,1:00am-1:59am,26,26,,,,,,,1,1
2020,40,400316,Oklahoma,2,2,0,0,0,2,2,19,CARTER (19),1729,FOX,3,3,8,August,2020,2,Monday,14,2:00pm-2:59pm,5,5,0,This section IS NOT on the NHS,1,Rural,5,Major Collector,1,State Highway Agency,3,State Highway,SR-76,,0,None,34.36430000,34.36430000,-97.492400000,-97.492400000,0,No Special Jurisdiction,12,Motor Vehicle In-Transport,6,Angle,0,No,8,Driveway Access Related,1,Not an Intersection,0,None,,,1,On Roadway,1,Daylight,,,,,1,Clear,0,No,0000000,Not Applicable,99,Unknown,98,Unknown if Notified,99,Unknown EMS Scene Arrival Hour,98,Unknown if Arrived,88,"Not Applicable (Not Transported) ",88,Not Applicable (Not Transported),,,,,,,1,0
2020,40,400317,Oklahoma,1,1,0,0,0,1,1,15,CADDO (15),0,NOT APPLICABLE,5,5,8,August,2020,4,Wednesday,10,10:00am-10:59am,57,57,0,This section IS NOT on the NHS,1,Rural,7,Local,2,County Highway Agency,4,County Road,CR-1250,,0,None,35.20409722,35.20409722,-98.376597220,-98.376597220,0,No Special Jurisdiction,38,Fence,0,The First Harmful Event was Not a Collision with a Motor Vehicle in Transport,0,No,1,Non-Junction,1,Not an Intersection,0,None,,,4,On Roadside,1,Daylight,,,,,10,Cloudy,0,No,0000000,Not Applicable,99,Unknown,98,Unknown if Notified,99,Unknown EMS Scene Arrival Hour,98,Unknown if Arrived,88,"Not Applicable (Not Transported) ",88,Not Applicable (Not Transported),,,,,,,1,0