caseyear,state,st_case,statename,ve_total,ve_forms,pvh_invl,peds,pernotmvit,permvit,persons,county,countyname,city,cityname,day,dayname,month,monthname,year,day_week,day_weekname,hour,hourname,minute,minutename,nhs,nhsname,rur_urb,rur_urbname,func_sys,func_sysname,rd_owner,rd_ownername,route,routename,tway_id,tway_id2,milept,mileptname,latitude,latitudename,longitud,longitudname,sp_jur,sp_jurname,harm_ev,harm_evname,man_coll,man_collname,reljct1,reljct1name,reljct2,reljct2name,typ_int,typ_intname,wrk_zone,wrk_zonename,road_fnc,road_fncname,rel_road,rel_roadname,lgt_cond,lgt_condname,weather1,weather1name,weather2,weather2name,weather,weathername,sch_bus,sch_busname,rail,railname,not_hour,not_hourname,not_min,not_minname,arr_hour,arr_hourname,arr_min,arr_minname,hosp_hr,hosp_hrname,hosp_mn,hosp_mnname,cf1,cf1name,cf2,cf2name,cf3,cf3name,fatals,drunk_dr
2020,40,400318,Oklahoma,1,1,0,0,0,1,1,109,OKLAHOMA (109),3550,OKLAHOMA CITY,7,7,8,August,2020,6,Friday,19,7:00pm-7:59pm,15,15,1,This section IS ON the NHS,2,Urban,1,Interstate,1,State Highway Agency,1,Interstate,I-44,,0,None,35.53430000,35.53430000,-97.486197220,-97.486197220,0,No Special Jurisdiction,57,Cable Barrier,0,The First Harmful Event was Not a Collision with a Motor Vehicle in Transport,0,No,1,Non-Junction,1,Not an Intersection,0,None,,,3,On Median,1,Daylight,,,,,1,Clear,0,No,0000000,Not Applicable,19,7:00pm-7:59pm,17,17,19,7:00pm-7:59pm,23,23,19,7:00pm-7:59pm,37,37,,,,,,,1,0
2020,40,400319,Oklahoma,1,1,0,0,0,1,1,31,COMANCHE (31),0,NOT APPLICABLE,8,8,8,August,2020,7,Saturday,17,5:00pm-5:59pm,0,0,0,This section IS NOT on the NHS,1,Rural,5,Major Collector,1,State Highway Agency,3,State Highway,SR-49,,0,None,34.72090000,34.72090000,-98.600700000,-98.600700000,0,No Special Jurisdiction,1,Rollover/Overturn,0,The First Harmful Event was Not a Collision with a Motor Vehicle in Transport,0,No,1,Non-Junction,1,Not an Intersection,0,None,,,4,On Roadside,1,Daylight,,,,,1,Clear,0,No,0000000,Not Applicable,99,Unknown,98,Unknown if Notified,99,Unknown EMS Scene Arrival Hour,98,Unknown if Arrived,88,"Not Applicable (Not Transported) ",88,Not Applicable (Not Transported),,,,,,,1,1
2020,40,400320,Oklahoma,1,1,0,0,0,1,1,61,HASKELL (61),0,NOT APPLICABLE,13,13,8,August,2020,5,Thursday,17,5:00pm-5:59pm,9,9,0,This section IS NOT on the NHS,1,Rural,5,Major Collector,1,State Highway Agency,3,State Highway,SR-31,,54,54,35.10130000,35.10130000,-95.147800000,-95.147800000,0,No Special Jurisdiction,32,Culvert,0,The First Harmful Event was Not a Collision with a Motor Vehicle in Transport,0,No,1,Non-Junction,1,Not an Intersection,0,None,,,4,On Roadside,1,Daylight,,,,,1,Clear,0,No,0000000,Not Applicable,17,5:00pm-5:59pm,4,4,17,5:00pm-5:59pm,19,19,88,"Not Applicable (Not Transported) ",88,Not Applicable (Not Transported),,,,,,,1,0
2020,40,400321,Oklahoma,2,2,0,1,1,2,2,143,TULSA (143),4780,TULSA,7,7,8,August,2020,6,Friday,22,10:00pm-10:59pm,0,0,0,This section IS NOT on the NHS,2,Urban,3,Principal Arterial - Other,4,City or Municipal Highway Agency,6,Local Street - Municipality,S MEMORIAL DR,,0,None,36.07127778,36.07127778,-95.886519440,-95.886519440,0,No Special Jurisdiction,8,Pedestrian,0,The First Harmful Event was Not a Collision with a Motor Vehicle in Transport,0,No,1,Non-Junction,1,Not an Intersection,0,None,,,1,On Roadway,3,Dark - Lighted,,,,,1,Clear,0,No,0000000,Not Applicable,21,9:00pm-9:59pm,44,44,21,9:00pm-9:59pm,46,46,22,10:00pm-10:59pm,7,7,,,,,,,1,0
2020,40,400322,Oklahoma,1,1,0,0,0,2,2,5,ATOKA (5),0,NOT APPLICABLE,15,15,8,August,2020,7,Saturday,1,1:00am-1:59am,41,41,0,This section IS NOT on the NHS,1,Rural,5,Major Collector,1,State Highway Agency,3,State Highway,SR-7,,90,90,34.37530000,34.37530000,-96.259697220,-96.259697220,0,No Special Jurisdiction,34,Ditch,0,The First Harmful Event was Not a Collision with a Motor Vehicle in Transport,0,No,1,Non-Junction,1,Not an Intersection,0,None,,,4,On Roadside,2,Dark - Not Lighted,,,,,1,Clear,0,No,0000000,Not Applicable,1,1:00am-1:59am,43,43,1,1:00am-1:59am,58,58,2,2:00am-2:59am,28,28,,,,,,,1,1
2020,40,400323,Oklahoma,1,1,0,1,1,1,1,27,CLEVELAND (27),3550,OKLAHOMA CITY,16,16,8,August,2020,1,Sunday,8,8:00am-8:59am,54,54,0,This section IS NOT on the NHS,2,Urban,4,Minor Arterial,4,City or Municipal Highway Agency,6,Local Street - Municipality,S MAY AVE,,0,None,35.37290000,35.37290000,-97.565600000,-97.565600000,0,No Special Jurisdiction,8,Pedestrian,0,The First Harmful Event was Not a Collision with a Motor Vehicle in Transport,0,No,1,Non-Junction,1,Not an Intersection,0,None,,,1,On Roadway,1,Daylight,,,,,1,Clear,0,No,0000000,Not Applicable,99,Unknown,99,Unknown,99,Unknown EMS Scene Arrival Hour,99,Unknown EMS Scene Arrival Minutes,99,Unknown,99,Unknown EMS Hospital Arrival Time,,,,,,,1,0
2020,40,400324,Oklahoma,2,2,0,0,0,3,3,137,STEPHENS (137),1420,DUNCAN,20,20,6,June,2020,7,Saturday,14,2:00pm-2:59pm,42,42,1,This section IS ON the NHS,2,Urban,3,Principal Arterial - Other,1,State Highway Agency,2,U.S. Highway,US-81,,0,None,34.46478333,34.46478333,-97.974127780,-97.974127780,0,No Special Jurisdiction,12,Motor Vehicle In-Transport,1,Front-to-Rear,0,No,1,Non-Junction,1,Not an Intersection,0,None,,,1,On Roadway,1,Daylight,,,,,2,Rain,0,No,0000000,Not Applicable,14,2:00pm-2:59pm,47,47,14,2:00pm-2:59pm,58,58,15,3:00pm-3:59pm,11,11,,,,,,,1,0
2020,40,400325,Oklahoma,1,1,0,1,1,4,4,5,ATOKA (5),4510,STRINGTOWN,4,4,7,July,2020,7,Saturday,23,11:00pm-11:59pm,48,48,1,This section IS ON the NHS,1,Rural,3,Principal Arterial - Other,1,State Highway Agency,2,U.S. Highway,US-69,,0,None,34.46633611,34.46633611,-96.057736110,-96.057736110,0,No Special Jurisdiction,8,Pedestrian,0,The First Harmful Event was Not a Collision with a Motor Vehicle in Transport,0,No,1,Non-Junction,1,Not an Intersection,0,None,,,1,On Roadway,2,Dark - Not Lighted,,,,,1,Clear,0,No,0000000,Not Applicable,99,Unknown,98,Unknown if Notified,99,Unknown EMS Scene Arrival Hour,98,Unknown if Arrived,88,"Not Applicable (Not Transported) ",88,Not Applicable (Not Transported),,,,,,,1,0
2020,40,400326,Oklahoma,1,1,0,0,0,1,1,87,MCCLAIN (87),3378,NEW CASTLE,27,27,7,July,2020,2,Monday,7,7:00am-7:59am,56,56,1,This section IS ON the NHS,1,Rural,1,Interstate,1,State Highway Agency,1,Interstate,I-44,,0,None,35.30222778,35.30222778,-97.599158330,-97.599158330,0,No Special Jurisdiction,18,Other Object (not fixed),0,The First Harmful Event was Not a Collision with a Motor Vehicle in Transport,0,No,1,Non-Junction,1,Not an Intersection,0,None,,,3,On Median,1,Daylight,,,,,1,Clear,0,No,0000000,Not Applicable,7,7:00am-7:59am,58,58,8,8:00am-8:59am,19,19,8,8:00am-8:59am,39,39,,,,,,,1,0
2020,40,400327,Oklahoma,1,1,0,0,0,6,6,97,MAYES (97),0,NOT APPLICABLE,9,9,8,August,2020,1,Sunday,18,6:00pm-6:59pm,36,36,1,This section IS ON the NHS,1,Rural,3,Principal Arterial - Other,1,State Highway Agency,2,U.S. Highway,US-412,,56,56,36.18589722,36.18589722,-95.172200000,-95.172200000,0,No Special Jurisdiction,35,Embankment,0,The First Harmful Event was Not a Collision with a Motor Vehicle in Transport,0,No,1,Non-Junction,1,Not an Intersection,0,None,,,4,On Roadside,1,Daylight,,,,,1,Clear,0,No,0000000,Not Applicable,18,6:00pm-6:59pm,33,33,18,6:00pm-6:59pm,39,39,20,8:00pm-8:59pm,7,7,,,,,,,3,0
2020,40,400328,Oklahoma,1,1,0,1,1,2,2,143,TULSA (143),4780,TULSA,10,10,8,August,2020,2,Monday,21,9:00pm-9:59pm,0,0,1,This section IS ON the NHS,2,Urban,3,Principal Arterial - Other,1,State Highway Agency,2,U.S. Highway,US-169,,0,None,36.16100000,36.16100000,-95.860797220,-95.860797220,0,No Special Jurisdiction,8,Pedestrian,0,The First Harmful Event was Not a Collision with a Motor Vehicle in Transport,0,No,1,Non-Junction,1,Not an Intersection,0,None,,,1,On Roadway,3,Dark - Lighted,,,,,1,Clear,0,No,0000000,Not Applicable,21,9:00pm-9:59pm,5,5,21,9:00pm-9:59pm,14,14,88,"Not Applicable (Not Transported) ",88,Not Applicable (Not Transported),,,,,,,1,0
2020,40,400329,Oklahoma,2,2,0,0,0,2,2,133,SEMINOLE (133),0,NOT APPLICABLE,17,17,8,August,2020,2,Monday,9,9:00am-9:59am,45,45,0,This section IS NOT on the NHS,1,Rural,4,Minor Arterial,1,State Highway Agency,2,U.S. Highway,US-270,,91,91,35.17060000,35.17060000,-96.576797220,-96.576797220,0,No Special Jurisdiction,12,Motor Vehicle In-Transport,6,Angle,0,No,1,Non-Junction,1,Not an Intersection,0,None,,,1,On Roadway,1,Daylight,,,,,10,Cloudy,0,No,0000000,Not Applicable,13,1:00pm-1:59pm,44,44,13,1:00pm-1:59pm,49,49,14,2:00pm-2:59pm,24,24,,,,,,,1,0
2020,40,400330,Oklahoma,2,2,0,0,0,2,2,143,TULSA (143),0,NOT APPLICABLE,7,7,7,July,2020,3,Tuesday,22,10:00pm-10:59pm,13,13,0,This section IS NOT on the NHS,1,Rural,5,Major Collector,1,State Highway Agency,3,State Highway,SR-11,136TH ST N,50,50,36.35099722,36.35099722,-95.991297220,-95.991297220,0,No Special Jurisdiction,12,Motor Vehicle In-Transport,6,Angle,0,No,2,Intersection,2,Four-Way Intersection,1,Construction,,,1,On Roadway,3,Dark - Lighted,,,,,1,Clear,0,No,0000000,Not Applicable,22,10:00pm-10:59pm,1,1,22,10:00pm-10:59pm,7,7,22,10:00pm-10:59pm,40,40,,,,,,,1,0
2020,40,400331,Oklahoma,2,2,0,0,0,2,2,143,TULSA (143),4780,TULSA,4,4,8,August,2020,3,Tuesday,15,3:00pm-3:59pm,47,47,0,This section IS NOT on the NHS,2,Urban,4,Minor Arterial,4,City or Municipal Highway Agency,6,Local Street - Municipality,W 71ST ST,,0,None,36.06089722,36.06089722,-95.987600000,-95.987600000,0,No Special Jurisdiction,12,Motor Vehicle In-Transport,2,Front-to-Front,0,No,1,Non-Junction,1,Not an Intersection,0,None,,,1,On Roadway,1,Daylight,,,,,1,Clear,0,No,0000000,Not Applicable,15,3:00pm-3:59pm,47,47,16,4:00pm-4:59pm,0,0,16,4:00pm-4:59pm,22,22,,,,,,,1,0
2020,40,400332,Oklahoma,2,2,0,0,0,4,4,39,CUSTER (39),0,NOT APPLICABLE,6,6,8,August,2020,5,Thursday,13,1:00pm-1:59pm,15,15,1,This section IS ON the NHS,1,Rural,3,Principal Arterial - Other,1,State Highway Agency,2,U.S. Highway,US-183,,81,81,35.63250000,35.63250000,-98.959997220,-98.959997220,0,No Special Jurisdiction,12,Motor Vehicle In-Transport,6,Angle,0,No,1,Non-Junction,1,Not an Intersection,0,None,,,1,On Roadway,1,Daylight,,,,,1,Clear,0,No,0000000,Not Applicable,13,1:00pm-1:59pm,17,17,13,1:00pm-1:59pm,52,52,14,2:00pm-2:59pm,51,51,,,,,,,1,0
2020,40,400333,Oklahoma,2,2,0,0,0,3,3,89,MCCURTAIN (89),0,NOT APPLICABLE,2,2,8,August,2020,1,Sunday,11,11:00am-11:59am,39,39,0,This section IS NOT on the NHS,1,Rural,5,Major Collector,2,County Highway Agency,4,County Road,CR-PANKI BOK,,0,None,33.96350000,33.96350000,-94.518294440,-94.518294440,0,No Special Jurisdiction,12,Motor Vehicle In-Transport,2,Front-to-Front,0,No,1,Non-Junction,1,Not an Intersection,0,None,,,1,On Roadway,1,Daylight,,,,,1,Clear,0,No,0000000,Not Applicable,10,10:00am-10:59am,33,33,11,11:00am-11:59am,12,12,12,12:00pm-12:59pm,12,12,,,,,,,1,0
2020,40,400334,Oklahoma,1,1,0,1,1,3,3,107,OKFUSKEE (107),0,NOT APPLICABLE,12,12,8,August,2020,4,Wednesday,19,7:00pm-7:59pm,52,52,0,This section IS NOT on the NHS,1,Rural,5,Major Collector,2,County Highway Agency,4,County Road,CR-OLD 62,,0,None,35.43520000,35.43520000,-96.235397220,-96.235397220,0,No Special Jurisdiction,9,Pedalcyclist,0,The First Harmful Event was Not a Collision with a Motor Vehicle in Transport,0,No,1,Non-Junction,1,Not an Intersection,0,None,,,1,On Roadway,1,Daylight,,,,,1,Clear,0,No,0000000,Not Applicable,19,7:00pm-7:59pm,38,38,19,7:00pm-7:59pm,57,57,88,"Not Applicable (Not Transported) ",88,Not Applicable (Not Transported),,,,,,,1,0
2020,40,400335,Oklahoma,1,1,0,0,0,1,1,97,MAYES (97),0,NOT APPLICABLE,15,15,8,August,2020,7,Saturday,1,1:00am-1:59am,18,18,0,This section IS NOT on the NHS,1,Rural,5,Major Collector,2,County Highway Agency,4,County Road,CR-EW610,,0,None,36.13320000,36.13320000,-95.305597220,-95.305597220,0,No Special Jurisdiction,1,Rollover/Overturn,0,The First Harmful Event was Not a Collision with a Motor Vehicle in Transport,0,No,1,Non-Junction,1,Not an Intersection,0,None,,,4,On Roadside,2,Dark - Not Lighted,,,,,1,Clear,0,No,0000000,Not Applicable,0,0:00am-0:59am,13,13,0,0:00am-0:59am,33,33,88,"Not Applicable (Not Transported) ",88,Not Applicable (Not Transported),,,,,,,1,1
2020,40,400336,Oklahoma,2,2,0,0,0,2,2,97,MAYES (97),0,NOT APPLICABLE,18,18,8,August,2020,3,Tuesday,9,9:00am-9:59am,40,40,0,This section IS NOT on the NHS,1,Rural,4,Minor Arterial,1,State Highway Agency,3,State Highway,SR-20,CR-NS449,170,170,36.41230000,36.41230000,-95.005897220,-95.005897220,0,No Special Jurisdiction,12,Motor Vehicle In-Transport,1,Front-to-Rear,0,No,2,Intersection,2,Four-Way Intersection,0,None,,,1,On Roadway,1,Daylight,,,,,1,Clear,0,No,0000000,Not Applicable,9,9:00am-9:59am,41,41,9,9:00am-9:59am,50,50,88,"Not Applicable (Not Transported) ",88,Not Applicable (Not Transported),,,,,,,1,0
2020,40,400337,Oklahoma,1,1,0,0,0,1,1,95,MARSHALL (95),0,NOT APPLICABLE,11,11,8,August,2020,3,Tuesday,17,5:00pm-5:59pm,1,1,0,This section IS NOT on the NHS,1,Rural,5,Major Collector,2,County Highway Agency,4,County Road,CR-POWELL RD,CR-SLINGER RD,0,None,33.96949444,33.96949444,-96.882694440,-96.882694440,0,No Special Jurisdiction,42,Tree (Standing Only),0,The First Harmful Event was Not a Collision with a Motor Vehicle in Transport,0,No,3,Intersection-Related,3,T-Intersection,0,None,,,4,On Roadside,1,Daylight,,,,,10,Cloudy,0,No,0000000,Not Applicable,17,5:00pm-5:59pm,3,3,17,5:00pm-5:59pm,44,44,18,6:00pm-6:59pm,32,32,,,,,,,1,0
2020,40,400338,Oklahoma,1,1,0,0,0,1,1,41,DELAWARE (41),0,NOT APPLICABLE,11,11,8,August,2020,3,Tuesday,99,Unknown Hours,99,Unknown Minutes,1,This section IS ON the NHS,1,Rural,3,Principal Arterial - Other,31,State Toll Road,2,U.S. Highway,US-412,,0,None,36.21419722,36.21419722,-94.905197220,-94.905197220,0,No Special Jurisdiction,35,Embankment,0,The First Harmful Event was Not a Collision with a Motor Vehicle in Transport,0,No,1,Non-Junction,1,Not an Intersection,0,None,,,4,On Roadside,9,Reported as Unknown,,,,,1,Clear,0,No,0000000,Not Applicable,99,Unknown,98,Unknown if Notified,99,Unknown EMS Scene Arrival Hour,98,Unknown if Arrived,88,"Not Applicable (Not Transported) ",88,Not Applicable (Not Transported),,,,,,,1,1
2020,40,400339,Oklahoma,3,3,0,0,0,5,5,143,TULSA (143),4780,TULSA,17,17,8,August,2020,2,Monday,99,Unknown Hours,99,Unknown Minutes,0,This section IS NOT on the NHS,2,Urban,4,Minor Arterial,4,City or Municipal Highway Agency,6,Local Street - Municipality,N MARTIN LUTHER KING BLVD,,0,None,36.18160000,36.18160000,-95.993491670,-95.993491670,0,No Special Jurisdiction,12,Motor Vehicle In-Transport,2,Front-to-Front,0,No,1,Non-Junction,1,Not an Intersection,0,None,,,1,On Roadway,3,Dark - Lighted,,,,,1,Clear,0,No,0000000,Not Applicable,20,8:00pm-8:59pm,46,46,20,8:00pm-8:59pm,54,54,21,9:00pm-9:59pm,21,21,,,,,,,1,1
2020,40,400340,Oklahoma,1,1,0,0,0,1,1,133,SEMINOLE (133),0,NOT APPLICABLE,22,22,8,August,2020,7,Saturday,15,3:00pm-3:59pm,15,15,0,This section IS NOT on the NHS,1,Rural,5,Major Collector,1,State Highway Agency,3,State Highway,SR-9A,,54,54,35.03999722,35.03999722,-96.757800000,-96.757800000,0,No Special Jurisdiction,42,Tree (Standing Only),0,The First Harmful Event was Not a Collision with a Motor Vehicle in Transport,0,No,1,Non-Junction,1,Not an Intersection,0,None,,,4,On Roadside,1,Daylight,,,,,1,Clear,0,No,0000000,Not Applicable,15,3:00pm-3:59pm,38,38,16,4:00pm-4:59pm,8,8,88,"Not Applicable (Not Transported) ",88,Not Applicable (Not Transported),,,,,,,1,0
2020,40,400341,Oklahoma,2,1,1,0,1,9,10,139,TEXAS (139),0,NOT APPLICABLE,23,23,8,August,2020,1,Sunday,12,12:00pm-12:59pm,39,39,1,This section IS ON the NHS,1,Rural,3,Principal Arterial - Other,1,State Highway Agency,2,U.S. Highway,US-54,,50,50,36.54249722,36.54249722,-101.714697220,-101.714697220,0,No Special Jurisdiction,14,Parked Motor Vehicle,0,The First Harmful Event was Not a Collision with a Motor Vehicle in Transport,0,No,1,Non-Junction,1,Not an Intersection,0,None,,,2,On Shoulder,1,Daylight,,,,,1,Clear,0,No,0000000,Not Applicable,12,12:00pm-12:59pm,30,30,13,1:00pm-1:59pm,5,5,13,1:00pm-1:59pm,55,55,,,,,,,2,0
2020,40,400342,Oklahoma,2,2,0,0,0,4,4,41,DELAWARE (41),0,NOT APPLICABLE,17,17,4,April,2020,6,Friday,15,3:00pm-3:59pm,20,20,0,This section IS NOT on the NHS,1,Rural,5,Major Collector,1,State Highway Agency,3,State Highway,SR-10,,7,7,36.17090000,36.17090000,-94.782497220,-94.782497220,0,No Special Jurisdiction,12,Motor Vehicle In-Transport,2,Front-to-Front,0,No,1,Non-Junction,1,Not an Intersection,0,None,,,1,On Roadway,1,Daylight,,,,,10,Cloudy,0,No,0000000,Not Applicable,15,3:00pm-3:59pm,33,33,16,4:00pm-4:59pm,5,5,17,5:00pm-5:59pm,1,1,,,,,,,1,0
2020,40,400343,Oklahoma,1,1,0,0,0,1,1,143,TULSA (143),4780,TULSA,7,7,6,June,2020,1,Sunday,9,9:00am-9:59am,25,25,1,This section IS ON the NHS,2,Urban,1,Interstate,1,State Highway Agency,1,Interstate,I-244 EXIT RAMP,,0,None,36.16409722,36.16409722,-95.863297220,-95.863297220,0,No Special Jurisdiction,42,Tree (Standing Only),0,The First Harmful Event was Not a Collision with a Motor Vehicle in Transport,1,Yes,5,Entrance/Exit Ramp Related,1,Not an Intersection,0,None,,,8,Gore,1,Daylight,,,,,1,Clear,0,No,0000000,Not Applicable,9,9:00am-9:59am,26,26,9,9:00am-9:59am,37,37,9,9:00am-9:59am,56,56,,,,,,,1,0
2020,40,400344,Oklahoma,1,1,0,0,0,1,1,21,CHEROKEE (21),0,NOT APPLICABLE,5,5,8,August,2020,4,Wednesday,2,2:00am-2:59am,29,29,0,This section IS NOT on the NHS,1,Rural,5,Major Collector,2,County Highway Agency,4,County Road,CR-S410,,0,None,35.87729722,35.87729722,-95.162800000,-95.162800000,0,No Special Jurisdiction,35,Embankment,0,The First Harmful Event was Not a Collision with a Motor Vehicle in Transport,0,No,1,Non-Junction,1,Not an Intersection,0,None,,,4,On Roadside,2,Dark - Not Lighted,,,,,1,Clear,0,No,0000000,Not Applicable,1,1:00am-1:59am,35,35,2,2:00am-2:59am,15,15,3,3:00am-3:59am,21,21,,,,,,,1,0
2020,40,400345,Oklahoma,1,1,0,0,0,1,1,17,CANADIAN (17),3550,OKLAHOMA CITY,12,12,8,August,2020,4,Wednesday,1,1:00am-1:59am,9,9,1,This section IS ON the NHS,2,Urban,1,Interstate,1,State Highway Agency,1,Interstate,I-40 SERVICE RD,,0,None,35.46170000,35.46170000,-97.712197220,-97.712197220,0,No Special Jurisdiction,25,Concrete Traffic Barrier,0,The First Harmful Event was Not a Collision with a Motor Vehicle in Transport,0,No,1,Non-Junction,1,Not an Intersection,0,None,,,4,On Roadside,3,Dark - Lighted,,,,,1,Clear,0,No,0000000,Not Applicable,99,Unknown,98,Unknown if Notified,99,Unknown EMS Scene Arrival Hour,98,Unknown if Arrived,88,"Not Applicable (Not Transported) ",88,Not Applicable (Not Transported),,,,,,,1,1
2020,40,400346,Oklahoma,1,1,0,1,1,1,1,17,CANADIAN (17),3550,OKLAHOMA CITY,20,20,8,August,2020,5,Thursday,5,5:00am-5:59am,42,42,0,This section IS NOT on the NHS,2,Urban,4,Minor Arterial,4,City or Municipal Highway Agency,6,Local Street - Municipality,MORGAN RD,,0,None,35.46139722,35.46139722,-97.689197220,-97.689197220,0,No Special Jurisdiction,8,Pedestrian,0,The First Harmful Event was Not a Collision with a Motor Vehicle in Transport,0,No,1,Non-Junction,1,Not an Intersection,0,None,,,1,On Roadway,2,Dark - Not Lighted,,,,,1,Clear,0,No,0000000,Not Applicable,5,5:00am-5:59am,43,43,5,5:00am-5:59am,50,50,6,6:00am-6:59am,17,17,,,,,,,1,0
2020,40,400347,Oklahoma,1,1,0,0,0,1,1,27,CLEVELAND (27),3550,OKLAHOMA CITY,23,23,8,August,2020,1,Sunday,9,9:00am-9:59am,12,12,0,This section IS NOT on the NHS,2,Urban,7,Local,4,City or Municipal Highway Agency,6,Local Street - Municipality,STANLEY DRAPER DR,,0,None,35.35360000,35.35360000,-97.327897220,-97.327897220,0,No Special Jurisdiction,42,Tree (Standing Only),0,The First Harmful Event was Not a Collision with a Motor Vehicle in Transport,0,No,1,Non-Junction,1,Not an Intersection,0,None,,,4,On Roadside,1,Daylight,,,,,1,Clear,0,No,0000000,Not Applicable,9,9:00am-9:59am,14,14,9,9:00am-9:59am,37,37,10,10:00am-10:59am,15,15,,,,,,,1,0
2020,40,400348,Oklahoma,1,1,0,1,1,1,1,119,PAYNE (119),0,NOT APPLICABLE,14,14,7,July,2020,3,Tuesday,23,11:00pm-11:59pm,29,29,0,This section IS NOT on the NHS,2,Urban,3,Principal Arterial - Other,1,State Highway Agency,2,U.S. Highway,US-177,,69,69,36.08659444,36.08659444,-97.051294440,-97.051294440,0,No Special Jurisdiction,8,Pedestrian,0,The First Harmful Event was Not a Collision with a Motor Vehicle in Transport,0,No,1,Non-Junction,1,Not an Intersection,0,None,,,1,On Roadway,3,Dark - Lighted,,,,,1,Clear,0,No,0000000,Not Applicable,99,Unknown,98,Unknown if Notified,99,Unknown EMS Scene Arrival Hour,98,Unknown if Arrived,88,"Not Applicable (Not Transported) ",88,Not Applicable (Not Transported),,,,,,,1,0
2020,40,400350,Oklahoma,2,2,0,0,0,4,4,123,PONTOTOC (123),0,NOT APPLICABLE,24,24,8,August,2020,2,Monday,15,3:00pm-3:59pm,42,42,1,This section IS ON the NHS,1,Rural,3,Principal Arterial - Other,1,State Highway Agency,3,State Highway,SR-3E,CR-1600,51,51,34.69449722,34.69449722,-96.597397220,-96.597397220,0,No Special Jurisdiction,12,Motor Vehicle In-Transport,6,Angle,0,No,2,Intersection,2,Four-Way Intersection,0,None,,,1,On Roadway,1,Daylight,,,,,10,Cloudy,0,No,0000000,Not Applicable,15,3:00pm-3:59pm,48,48,16,4:00pm-4:59pm,23,23,17,5:00pm-5:59pm,20,20,,,,,,,1,0
2020,40,400351,Oklahoma,1,1,0,0,0,2,2,61,HASKELL (61),0,NOT APPLICABLE,25,25,8,August,2020,3,Tuesday,5,5:00am-5:59am,26,26,0,This section IS NOT on the NHS,1,Rural,5,Major Collector,2,County Highway Agency,4,County Road,CR-SAN BOIS RD,,0,None,35.13040000,35.13040000,-95.216597220,-95.216597220,0,No Special Jurisdiction,32,Culvert,0,The First Harmful Event was Not a Collision with a Motor Vehicle in Transport,0,No,1,Non-Junction,1,Not an Intersection,0,None,,,4,On Roadside,2,Dark - Not Lighted,,,,,10,Cloudy,0,No,0000000,Not Applicable,99,Unknown,98,Unknown if Notified,99,Unknown EMS Scene Arrival Hour,98,Unknown if Arrived,88,"Not Applicable (Not Transported) ",88,Not Applicable (Not Transported),,,,,,,2,1
2020,40,400352,Oklahoma,1,1,0,0,0,1,1,17,CANADIAN (17),3550,OKLAHOMA CITY,30,30,8,August,2020,1,Sunday,11,11:00am-11:59am,18,18,1,This section IS ON the NHS,2,Urban,3,Principal Arterial - Other,31,State Toll Road,8,Other,KILPATRICK TPK,,0,None,35.44950000,35.44950000,-97.717600000,-97.717600000,0,No Special Jurisdiction,1,Rollover/Overturn,0,The First Harmful Event was Not a Collision with a Motor Vehicle in Transport,0,No,1,Non-Junction,1,Not an Intersection,0,None,,,1,On Roadway,1,Daylight,,,,,1,Clear,0,No,0000000,Not Applicable,99,Unknown,98,Unknown if Notified,99,Unknown EMS Scene Arrival Hour,98,Unknown if Arrived,88,"Not Applicable (Not Transported) ",88,Not Applicable (Not Transported),,,,,,,1,0
2020,40,400353,Oklahoma,1,1,0,1,1,1,1,143,TULSA (143),4780,TULSA,1,1,9,September,2020,3,Tuesday,21,9:00pm-9:59pm,6,6,0,This section IS NOT on the NHS,2,Urban,7,Local,4,City or Municipal Highway Agency,6,Local Street - Municipality,S 68TH E AVE,,0,None,36.16089444,36.16089444,-95.900594440,-95.900594440,0,No Special Jurisdiction,8,Pedestrian,0,The First Harmful Event was Not a Collision with a Motor Vehicle in Transport,0,No,1,Non-Junction,1,Not an Intersection,0,None,,,1,On Roadway,2,Dark - Not Lighted,,,,,10,Cloudy,0,No,0000000,Not Applicable,21,9:00pm-9:59pm,4,4,21,9:00pm-9:59pm,12,12,21,9:00pm-9:59pm,26,26,,,,,,,1,0
2020,40,400354,Oklahoma,1,1,0,0,0,1,1,91,MCINTOSH (91),0,NOT APPLICABLE,2,2,9,September,2020,4,Wednesday,8,8:00am-8:59am,8,8,0,This section IS NOT on the NHS,1,Rural,5,Major Collector,2,County Highway Agency,4,County Road,CR-4306,,0,None,35.34219722,35.34219722,-95.353700000,-95.353700000,0,No Special Jurisdiction,42,Tree (Standing Only),0,The First Harmful Event was Not a Collision with a Motor Vehicle in Transport,0,No,1,Non-Junction,1,Not an Intersection,0,None,,,4,On Roadside,1,Daylight,,,,,10,Cloudy,0,No,0000000,Not Applicable,99,Unknown,98,Unknown if Notified,99,Unknown EMS Scene Arrival Hour,98,Unknown if Arrived,88,"Not Applicable (Not Transported) ",88,Not Applicable (Not Transported),,,,,,,1,1
2020,40,400355,Oklahoma,1,1,0,0,0,1,1,1,ADAIR (1),5140,WESTVILLE,16,16,7,July,2020,5,Thursday,5,5:00am-5:59am,46,46,0,This section IS NOT on the NHS,1,Rural,4,Minor Arterial,1,State Highway Agency,2,U.S. Highway,US-62,,0,None,35.98781389,35.98781389,-94.542780560,-94.542780560,0,No Special Jurisdiction,1,Rollover/Overturn,0,The First Harmful Event was Not a Collision with a Motor Vehicle in Transport,0,No,1,Non-Junction,1,Not an Intersection,0,None,,,4,On Roadside,3,Dark - Lighted,,,,,1,Clear,0,No,0000000,Not Applicable,99,Unknown,98,Unknown if Notified,99,Unknown EMS Scene Arrival Hour,98,Unknown if Arrived,88,"Not Applicable (Not Transported) ",88,Not Applicable (Not Transported),,,,,,,1,0