caseyear,state,st_case,statename,ve_total,ve_forms,pvh_invl,peds,pernotmvit,permvit,persons,county,countyname,city,cityname,day,dayname,month,monthname,year,day_week,day_weekname,hour,hourname,minute,minutename,nhs,nhsname,rur_urb,rur_urbname,func_sys,func_sysname,rd_owner,rd_ownername,route,routename,tway_id,tway_id2,milept,mileptname,latitude,latitudename,longitud,longitudname,sp_jur,sp_jurname,harm_ev,harm_evname,man_coll,man_collname,reljct1,reljct1name,reljct2,reljct2name,typ_int,typ_intname,wrk_zone,wrk_zonename,road_fnc,road_fncname,rel_road,rel_roadname,lgt_cond,lgt_condname,weather1,weather1name,weather2,weather2name,weather,weathername,sch_bus,sch_busname,rail,railname,not_hour,not_hourname,not_min,not_minname,arr_hour,arr_hourname,arr_min,arr_minname,hosp_hr,hosp_hrname,hosp_mn,hosp_mnname,cf1,cf1name,cf2,cf2name,cf3,cf3name,fatals,drunk_dr
2020,40,400393,Oklahoma,2,2,0,0,0,2,2,101,MUSKOGEE (101),3310,MUSKOGEE,6,6,7,July,2020,2,Monday,14,2:00pm-2:59pm,20,20,0,This section IS NOT on the NHS,2,Urban,4,Minor Arterial,1,State Highway Agency,3,State Highway,SR-16,,0,None,35.78034722,35.78034722,-95.339969440,-95.339969440,0,No Special Jurisdiction,12,Motor Vehicle In-Transport,2,Front-to-Front,0,No,1,Non-Junction,1,Not an Intersection,0,None,,,1,On Roadway,1,Daylight,,,,,1,Clear,0,No,0000000,Not Applicable,14,2:00pm-2:59pm,23,23,14,2:00pm-2:59pm,26,26,15,3:00pm-3:59pm,2,2,,,,,,,1,1
2020,40,400394,Oklahoma,1,1,0,1,1,1,1,143,TULSA (143),4780,TULSA,17,17,9,September,2020,5,Thursday,6,6:00am-6:59am,0,0,0,This section IS NOT on the NHS,2,Urban,4,Minor Arterial,4,City or Municipal Highway Agency,6,Local Street - Municipality,S GARNETT RD,,0,None,36.11560000,36.11560000,-95.851100000,-95.851100000,0,No Special Jurisdiction,8,Pedestrian,0,The First Harmful Event was Not a Collision with a Motor Vehicle in Transport,0,No,1,Non-Junction,1,Not an Intersection,0,None,,,1,On Roadway,2,Dark - Not Lighted,,,,,1,Clear,0,No,0000000,Not Applicable,6,6:00am-6:59am,4,4,6,6:00am-6:59am,10,10,6,6:00am-6:59am,47,47,,,,,,,1,0
2020,40,400395,Oklahoma,1,1,0,0,0,1,1,107,OKFUSKEE (107),0,NOT APPLICABLE,24,24,9,September,2020,5,Thursday,0,0:00am-0:59am,16,16,0,This section IS NOT on the NHS,1,Rural,5,Major Collector,1,State Highway Agency,3,State Highway,SR-48,,91,91,35.60470000,35.60470000,-96.387797220,-96.387797220,0,No Special Jurisdiction,42,Tree (Standing Only),0,The First Harmful Event was Not a Collision with a Motor Vehicle in Transport,0,No,1,Non-Junction,1,Not an Intersection,0,None,,,4,On Roadside,2,Dark - Not Lighted,,,,,1,Clear,0,No,0000000,Not Applicable,0,0:00am-0:59am,10,10,0,0:00am-0:59am,46,46,88,"Not Applicable (Not Transported) ",88,Not Applicable (Not Transported),,,,,,,1,1
2020,40,400396,Oklahoma,1,1,0,0,0,2,2,21,CHEROKEE (21),0,NOT APPLICABLE,26,26,9,September,2020,7,Saturday,15,3:00pm-3:59pm,7,7,0,This section IS NOT on the NHS,1,Rural,7,Local,4,City or Municipal Highway Agency,4,County Road,CR-465,,0,None,35.86209722,35.86209722,-95.068100000,-95.068100000,0,No Special Jurisdiction,1,Rollover/Overturn,0,The First Harmful Event was Not a Collision with a Motor Vehicle in Transport,0,No,1,Non-Junction,1,Not an Intersection,0,None,,,4,On Roadside,1,Daylight,,,,,1,Clear,0,No,0000000,Not Applicable,15,3:00pm-3:59pm,5,5,15,3:00pm-3:59pm,20,20,15,3:00pm-3:59pm,48,48,,,,,,,1,0
2020,40,400397,Oklahoma,1,1,0,0,0,1,1,145,WAGONER (145),0,NOT APPLICABLE,30,30,9,September,2020,4,Wednesday,21,9:00pm-9:59pm,30,30,0,This section IS NOT on the NHS,2,Urban,7,Local,2,County Highway Agency,4,County Road,CR-S 241ST E AVE,,0,None,36.08449722,36.08449722,-95.708200000,-95.708200000,0,No Special Jurisdiction,32,Culvert,0,The First Harmful Event was Not a Collision with a Motor Vehicle in Transport,0,No,1,Non-Junction,1,Not an Intersection,0,None,,,4,On Roadside,2,Dark - Not Lighted,,,,,1,Clear,0,No,0000000,Not Applicable,21,9:00pm-9:59pm,19,19,21,9:00pm-9:59pm,24,24,88,"Not Applicable (Not Transported) ",88,Not Applicable (Not Transported),,,,,,,1,1
2020,40,400398,Oklahoma,2,2,0,0,0,3,3,147,WASHINGTON (147),0,NOT APPLICABLE,1,1,10,October,2020,5,Thursday,11,11:00am-11:59am,34,34,1,This section IS ON the NHS,1,Rural,3,Principal Arterial - Other,1,State Highway Agency,2,U.S. Highway,US-75,CR-EW1200,80,80,36.84400000,36.84400000,-95.935197220,-95.935197220,0,No Special Jurisdiction,12,Motor Vehicle In-Transport,6,Angle,0,No,2,Intersection,2,Four-Way Intersection,0,None,,,1,On Roadway,1,Daylight,,,,,1,Clear,0,No,0000000,Not Applicable,13,1:00pm-1:59pm,38,38,13,1:00pm-1:59pm,40,40,14,2:00pm-2:59pm,32,32,,,,,,,1,0
2020,40,400399,Oklahoma,1,1,0,1,1,1,1,109,OKLAHOMA (109),3550,OKLAHOMA CITY,2,2,10,October,2020,6,Friday,3,3:00am-3:59am,55,55,1,This section IS ON the NHS,2,Urban,1,Interstate,1,State Highway Agency,1,Interstate,I-35,,0,None,35.43330000,35.43330000,-97.486000000,-97.486000000,0,No Special Jurisdiction,8,Pedestrian,0,The First Harmful Event was Not a Collision with a Motor Vehicle in Transport,0,No,1,Non-Junction,1,Not an Intersection,0,None,,,1,On Roadway,3,Dark - Lighted,,,,,1,Clear,0,No,0000000,Not Applicable,99,Unknown,98,Unknown if Notified,99,Unknown EMS Scene Arrival Hour,98,Unknown if Arrived,88,"Not Applicable (Not Transported) ",88,Not Applicable (Not Transported),,,,,,,1,0
2020,40,400400,Oklahoma,2,2,0,0,0,3,3,97,MAYES (97),0,NOT APPLICABLE,3,3,9,September,2020,5,Thursday,8,8:00am-8:59am,35,35,1,This section IS ON the NHS,1,Rural,3,Principal Arterial - Other,1,State Highway Agency,2,U.S. Highway,US-412,,0,None,36.17470000,36.17470000,-95.257300000,-95.257300000,0,No Special Jurisdiction,12,Motor Vehicle In-Transport,2,Front-to-Front,0,No,1,Non-Junction,1,Not an Intersection,0,None,,,1,On Roadway,1,Daylight,,,,,10,Cloudy,0,No,0000000,Not Applicable,99,Unknown,99,Unknown,99,Unknown EMS Scene Arrival Hour,99,Unknown EMS Scene Arrival Minutes,99,Unknown,99,Unknown EMS Hospital Arrival Time,,,,,,,2,0
2020,40,400401,Oklahoma,2,2,0,0,0,2,2,143,TULSA (143),0,NOT APPLICABLE,12,12,9,September,2020,7,Saturday,2,2:00am-2:59am,23,23,0,This section IS NOT on the NHS,1,Rural,5,Major Collector,2,County Highway Agency,4,County Road,CR-W 41ST ST,,0,None,36.10470000,36.10470000,-96.150997220,-96.150997220,0,No Special Jurisdiction,12,Motor Vehicle In-Transport,6,Angle,0,No,8,Driveway Access Related,1,Not an Intersection,0,None,,,1,On Roadway,2,Dark - Not Lighted,,,,,10,Cloudy,0,No,0000000,Not Applicable,99,Unknown,98,Unknown if Notified,99,Unknown EMS Scene Arrival Hour,98,Unknown if Arrived,88,"Not Applicable (Not Transported) ",88,Not Applicable (Not Transported),,,,,,,1,2
2020,40,400402,Oklahoma,1,1,0,0,0,1,1,131,ROGERS (131),0,NOT APPLICABLE,16,16,9,September,2020,4,Wednesday,6,6:00am-6:59am,37,37,0,This section IS NOT on the NHS,1,Rural,7,Local,2,County Highway Agency,4,County Road,CR-E590,,0,None,36.16230000,36.16230000,-95.598500000,-95.598500000,0,No Special Jurisdiction,42,Tree (Standing Only),0,The First Harmful Event was Not a Collision with a Motor Vehicle in Transport,0,No,1,Non-Junction,1,Not an Intersection,0,None,,,4,On Roadside,4,Dawn,,,,,1,Clear,0,No,0000000,Not Applicable,6,6:00am-6:59am,38,38,6,6:00am-6:59am,55,55,88,"Not Applicable (Not Transported) ",88,Not Applicable (Not Transported),,,,,,,1,0
2020,40,400403,Oklahoma,1,1,0,0,0,1,1,131,ROGERS (131),0,NOT APPLICABLE,18,18,9,September,2020,6,Friday,23,11:00pm-11:59pm,36,36,0,This section IS NOT on the NHS,1,Rural,7,Local,2,County Highway Agency,4,County Road,CR-S4220,,0,None,36.08619722,36.08619722,-95.493797220,-95.493797220,0,No Special Jurisdiction,1,Rollover/Overturn,0,The First Harmful Event was Not a Collision with a Motor Vehicle in Transport,0,No,1,Non-Junction,1,Not an Intersection,0,None,,,4,On Roadside,2,Dark - Not Lighted,,,,,10,Cloudy,0,No,0000000,Not Applicable,23,11:00pm-11:59pm,36,36,0,0:00am-0:59am,8,8,0,0:00am-0:59am,37,37,,,,,,,1,1
2020,40,400404,Oklahoma,1,1,0,1,1,1,1,143,TULSA (143),4780,TULSA,20,20,9,September,2020,1,Sunday,20,8:00pm-8:59pm,26,26,0,This section IS NOT on the NHS,2,Urban,4,Minor Arterial,4,City or Municipal Highway Agency,6,Local Street - Municipality,N LEWIS AVE,,0,None,36.16649167,36.16649167,-95.958200000,-95.958200000,0,No Special Jurisdiction,9,Pedalcyclist,0,The First Harmful Event was Not a Collision with a Motor Vehicle in Transport,0,No,1,Non-Junction,1,Not an Intersection,0,None,,,1,On Roadway,3,Dark - Lighted,,,,,1,Clear,0,No,0000000,Not Applicable,99,Unknown,99,Unknown,99,Unknown EMS Scene Arrival Hour,99,Unknown EMS Scene Arrival Minutes,99,Unknown,99,Unknown EMS Hospital Arrival Time,,,,,,,1,1
2020,40,400405,Oklahoma,1,1,0,0,0,2,2,97,MAYES (97),0,NOT APPLICABLE,22,22,9,September,2020,3,Tuesday,18,6:00pm-6:59pm,58,58,0,This section IS NOT on the NHS,1,Rural,4,Minor Arterial,1,State Highway Agency,3,State Highway,SR-20,,52,52,36.30030000,36.30030000,-95.226600000,-95.226600000,0,No Special Jurisdiction,38,Fence,0,The First Harmful Event was Not a Collision with a Motor Vehicle in Transport,0,No,1,Non-Junction,1,Not an Intersection,0,None,,,4,On Roadside,5,Dusk,,,,,10,Cloudy,0,No,0000000,Not Applicable,18,6:00pm-6:59pm,52,52,19,7:00pm-7:59pm,5,5,20,8:00pm-8:59pm,17,17,,,,,,,1,1
2020,40,400406,Oklahoma,1,1,0,0,0,1,1,153,WOODWARD (153),3910,QUINLAN,25,25,9,September,2020,6,Friday,20,8:00pm-8:59pm,45,45,0,This section IS NOT on the NHS,1,Rural,7,Local,4,City or Municipal Highway Agency,6,Local Street - Municipality,4TH ST,,0,None,36.45400000,36.45400000,-99.049800000,-99.049800000,0,No Special Jurisdiction,1,Rollover/Overturn,0,The First Harmful Event was Not a Collision with a Motor Vehicle in Transport,0,No,1,Non-Junction,1,Not an Intersection,0,None,,,1,On Roadway,2,Dark - Not Lighted,,,,,1,Clear,0,No,0000000,Not Applicable,21,9:00pm-9:59pm,3,3,21,9:00pm-9:59pm,50,50,23,11:00pm-11:59pm,25,25,,,,,,,1,1
2020,40,400407,Oklahoma,1,1,0,0,0,1,1,19,CARTER (19),0,NOT APPLICABLE,29,29,9,September,2020,3,Tuesday,1,1:00am-1:59am,30,30,0,This section IS NOT on the NHS,1,Rural,7,Local,2,County Highway Agency,4,County Road,CR-PAINTHORSE,CR-HEDGES,0,None,34.10009722,34.10009722,-97.160397220,-97.160397220,0,No Special Jurisdiction,35,Embankment,0,The First Harmful Event was Not a Collision with a Motor Vehicle in Transport,0,No,3,Intersection-Related,3,T-Intersection,0,None,,,4,On Roadside,2,Dark - Not Lighted,,,,,10,Cloudy,0,No,0000000,Not Applicable,99,Unknown,98,Unknown if Notified,99,Unknown EMS Scene Arrival Hour,98,Unknown if Arrived,88,"Not Applicable (Not Transported) ",88,Not Applicable (Not Transported),,,,,,,1,0
2020,40,400408,Oklahoma,2,2,0,0,0,2,2,143,TULSA (143),0,NOT APPLICABLE,5,5,10,October,2020,2,Monday,18,6:00pm-6:59pm,28,28,0,This section IS NOT on the NHS,1,Rural,4,Minor Arterial,2,County Highway Agency,4,County Road,CR-E 56TH ST N,,0,None,36.23510000,36.23510000,-95.966097220,-95.966097220,0,No Special Jurisdiction,12,Motor Vehicle In-Transport,2,Front-to-Front,0,No,1,Non-Junction,1,Not an Intersection,0,None,,,1,On Roadway,1,Daylight,,,,,1,Clear,0,No,0000000,Not Applicable,8,8:00am-8:59am,24,24,8,8:00am-8:59am,36,36,9,9:00am-9:59am,3,3,,,,,,,1,0
2020,40,400409,Oklahoma,1,1,0,1,1,1,1,143,TULSA (143),4780,TULSA,7,7,10,October,2020,4,Wednesday,20,8:00pm-8:59pm,38,38,0,This section IS NOT on the NHS,2,Urban,4,Minor Arterial,4,City or Municipal Highway Agency,6,Local Street - Municipality,N UTICA AVE,,0,None,36.16640000,36.16640000,-95.967100000,-95.967100000,0,No Special Jurisdiction,8,Pedestrian,0,The First Harmful Event was Not a Collision with a Motor Vehicle in Transport,0,No,1,Non-Junction,1,Not an Intersection,0,None,,,1,On Roadway,3,Dark - Lighted,,,,,1,Clear,0,No,0000000,Not Applicable,20,8:00pm-8:59pm,41,41,20,8:00pm-8:59pm,45,45,20,8:00pm-8:59pm,59,59,,,,,,,1,0
2020,40,400410,Oklahoma,1,1,0,1,1,1,1,125,POTTAWATOMIE (125),0,NOT APPLICABLE,9,9,10,October,2020,6,Friday,6,6:00am-6:59am,32,32,1,This section IS ON the NHS,1,Rural,1,Interstate,1,State Highway Agency,1,Interstate,I-40,,0,None,35.38430000,35.38430000,-96.799000000,-96.799000000,0,No Special Jurisdiction,8,Pedestrian,0,The First Harmful Event was Not a Collision with a Motor Vehicle in Transport,0,No,1,Non-Junction,1,Not an Intersection,0,None,,,1,On Roadway,2,Dark - Not Lighted,,,,,5,"Fog, Smog, Smoke",0,No,0000000,Not Applicable,6,6:00am-6:59am,24,24,6,6:00am-6:59am,49,49,88,"Not Applicable (Not Transported) ",88,Not Applicable (Not Transported),,,,,,,1,0
2020,40,400411,Oklahoma,2,2,0,0,0,2,2,41,DELAWARE (41),0,NOT APPLICABLE,5,5,9,September,2020,7,Saturday,18,6:00pm-6:59pm,30,30,0,This section IS NOT on the NHS,1,Rural,5,Major Collector,1,State Highway Agency,3,State Highway,SR-125,CR-E285,34,34,36.60770000,36.60770000,-94.873500000,-94.873500000,0,No Special Jurisdiction,12,Motor Vehicle In-Transport,1,Front-to-Rear,0,No,2,Intersection,3,T-Intersection,0,None,,,1,On Roadway,1,Daylight,,,,,10,Cloudy,0,No,0000000,Not Applicable,99,Unknown,98,Unknown if Notified,99,Unknown EMS Scene Arrival Hour,98,Unknown if Arrived,88,"Not Applicable (Not Transported) ",88,Not Applicable (Not Transported),,,,,,,1,1
2020,40,400412,Oklahoma,2,2,0,0,0,4,4,125,POTTAWATOMIE (125),0,NOT APPLICABLE,14,14,9,September,2020,2,Monday,12,12:00pm-12:59pm,38,38,0,This section IS NOT on the NHS,1,Rural,7,Local,2,County Highway Agency,4,County Road,CR-ACME,CR-WOLVERINE,0,None,35.42000000,35.42000000,-96.965100000,-96.965100000,0,No Special Jurisdiction,12,Motor Vehicle In-Transport,6,Angle,0,No,2,Intersection,2,Four-Way Intersection,0,None,,,1,On Roadway,1,Daylight,,,,,10,Cloudy,0,No,0000000,Not Applicable,12,12:00pm-12:59pm,38,38,12,12:00pm-12:59pm,43,43,13,1:00pm-1:59pm,36,36,,,,,,,1,0
2020,40,400413,Oklahoma,2,2,0,0,0,2,2,3,ALFALFA (3),0,NOT APPLICABLE,21,21,9,September,2020,2,Monday,8,8:00am-8:59am,18,18,0,This section IS NOT on the NHS,1,Rural,7,Local,2,County Highway Agency,4,County Road,CR-720,CADDO RD,0,None,36.52109722,36.52109722,-98.158000000,-98.158000000,0,No Special Jurisdiction,12,Motor Vehicle In-Transport,6,Angle,0,No,2,Intersection,2,Four-Way Intersection,0,None,,,1,On Roadway,1,Daylight,,,,,10,Cloudy,0,No,0000000,Not Applicable,8,8:00am-8:59am,15,15,8,8:00am-8:59am,27,27,9,9:00am-9:59am,23,23,,,,,,,1,0
2020,40,400414,Oklahoma,2,2,0,0,0,2,2,133,SEMINOLE (133),0,NOT APPLICABLE,24,24,9,September,2020,5,Thursday,17,5:00pm-5:59pm,16,16,1,This section IS ON the NHS,1,Rural,3,Principal Arterial - Other,1,State Highway Agency,2,U.S. Highway,US-377,,0,None,35.14280000,35.14280000,-96.676100000,-96.676100000,0,No Special Jurisdiction,12,Motor Vehicle In-Transport,8,Sideswipe - Opposite Direction,0,No,1,Non-Junction,1,Not an Intersection,0,None,,,1,On Roadway,1,Daylight,,,,,1,Clear,0,No,0000000,Not Applicable,18,6:00pm-6:59pm,2,2,18,6:00pm-6:59pm,22,22,19,7:00pm-7:59pm,0,0,,,,,,,1,0
2020,40,400415,Oklahoma,2,2,0,0,0,5,5,143,TULSA (143),4780,TULSA,4,4,10,October,2020,1,Sunday,14,2:00pm-2:59pm,54,54,0,This section IS NOT on the NHS,2,Urban,4,Minor Arterial,4,City or Municipal Highway Agency,6,Local Street - Municipality,N PEORIA AVE,,0,None,36.19899722,36.19899722,-95.975700000,-95.975700000,0,No Special Jurisdiction,12,Motor Vehicle In-Transport,6,Angle,0,No,8,Driveway Access Related,1,Not an Intersection,0,None,,,1,On Roadway,1,Daylight,,,,,1,Clear,0,No,0000000,Not Applicable,14,2:00pm-2:59pm,56,56,15,3:00pm-3:59pm,2,2,15,3:00pm-3:59pm,28,28,,,,,,,1,0
2020,40,400416,Oklahoma,1,1,0,0,0,1,1,143,TULSA (143),4780,TULSA,11,11,10,October,2020,1,Sunday,1,1:00am-1:59am,0,0,0,This section IS NOT on the NHS,2,Urban,4,Minor Arterial,4,City or Municipal Highway Agency,6,Local Street - Municipality,E 31ST ST N,,0,None,36.11880000,36.11880000,-95.917197220,-95.917197220,0,No Special Jurisdiction,33,Curb,0,The First Harmful Event was Not a Collision with a Motor Vehicle in Transport,0,No,1,Non-Junction,1,Not an Intersection,0,None,,,4,On Roadside,2,Dark - Not Lighted,,,,,10,Cloudy,0,No,0000000,Not Applicable,99,Unknown,98,Unknown if Notified,99,Unknown EMS Scene Arrival Hour,98,Unknown if Arrived,88,"Not Applicable (Not Transported) ",88,Not Applicable (Not Transported),,,,,,,1,1
2020,40,400417,Oklahoma,2,2,0,0,0,3,3,13,BRYAN (13),0,NOT APPLICABLE,18,18,9,September,2020,6,Friday,0,0:00am-0:59am,35,35,0,This section IS NOT on the NHS,1,Rural,7,Local,2,County Highway Agency,4,County Road,CR-WILSON N JONES,,0,None,34.09870000,34.09870000,-96.003397220,-96.003397220,0,No Special Jurisdiction,12,Motor Vehicle In-Transport,7,Sideswipe - Same Direction,0,No,1,Non-Junction,1,Not an Intersection,0,None,,,1,On Roadway,3,Dark - Lighted,,,,,1,Clear,0,No,0000000,Not Applicable,0,0:00am-0:59am,34,34,0,0:00am-0:59am,54,54,88,"Not Applicable (Not Transported) ",88,Not Applicable (Not Transported),,,,,,,1,2
2020,40,400418,Oklahoma,1,1,0,0,0,2,2,149,WASHITA (149),652,BURNS FLAT,25,25,9,September,2020,6,Friday,5,5:00am-5:59am,19,19,0,This section IS NOT on the NHS,1,Rural,5,Major Collector,1,State Highway Agency,3,State Highway,SR-44,,0,None,35.34239722,35.34239722,-99.170400000,-99.170400000,0,No Special Jurisdiction,32,Culvert,0,The First Harmful Event was Not a Collision with a Motor Vehicle in Transport,0,No,1,Non-Junction,1,Not an Intersection,0,None,,,4,On Roadside,2,Dark - Not Lighted,,,,,1,Clear,0,No,0000000,Not Applicable,99,Unknown,98,Unknown if Notified,99,Unknown EMS Scene Arrival Hour,98,Unknown if Arrived,88,"Not Applicable (Not Transported) ",88,Not Applicable (Not Transported),,,,,,,1,0
2020,40,400419,Oklahoma,2,2,0,0,0,5,5,31,COMANCHE (31),0,NOT APPLICABLE,26,26,9,September,2020,7,Saturday,22,10:00pm-10:59pm,8,8,0,This section IS NOT on the NHS,1,Rural,7,Local,2,County Highway Agency,4,County Road,CR-SE 135TH ST,CR-BISHOP RD,0,None,34.57970000,34.57970000,-98.229697220,-98.229697220,0,No Special Jurisdiction,12,Motor Vehicle In-Transport,6,Angle,0,No,2,Intersection,2,Four-Way Intersection,0,None,,,1,On Roadway,2,Dark - Not Lighted,,,,,1,Clear,0,No,0000000,Not Applicable,22,10:00pm-10:59pm,33,33,22,10:00pm-10:59pm,58,58,23,11:00pm-11:59pm,50,50,,,,,,,2,1
2020,40,400420,Oklahoma,1,1,0,0,0,1,1,121,PITTSBURG (121),0,NOT APPLICABLE,2,2,10,October,2020,6,Friday,19,7:00pm-7:59pm,51,51,0,This section IS NOT on the NHS,1,Rural,5,Major Collector,2,County Highway Agency,4,County Road,CR-CHOATE PRAIRIE,,0,None,35.16660000,35.16660000,-95.780000000,-95.780000000,0,No Special Jurisdiction,38,Fence,0,The First Harmful Event was Not a Collision with a Motor Vehicle in Transport,0,No,1,Non-Junction,1,Not an Intersection,0,None,,,4,On Roadside,2,Dark - Not Lighted,,,,,1,Clear,0,No,0000000,Not Applicable,19,7:00pm-7:59pm,51,51,20,8:00pm-8:59pm,11,11,88,"Not Applicable (Not Transported) ",88,Not Applicable (Not Transported),,,,,,,1,0
2020,40,400421,Oklahoma,1,1,0,0,0,1,1,25,CIMARRON (25),0,NOT APPLICABLE,8,8,10,October,2020,5,Thursday,13,1:00pm-1:59pm,54,54,1,This section IS ON the NHS,1,Rural,3,Principal Arterial - Other,1,State Highway Agency,2,U.S. Highway,US-287,,78,78,36.58350000,36.58350000,-102.339900000,-102.339900000,0,No Special Jurisdiction,18,Other Object (not fixed),0,The First Harmful Event was Not a Collision with a Motor Vehicle in Transport,0,No,1,Non-Junction,1,Not an Intersection,0,None,,,1,On Roadway,1,Daylight,,,,,1,Clear,0,No,0000000,Not Applicable,99,Unknown,98,Unknown if Notified,99,Unknown EMS Scene Arrival Hour,98,Unknown if Arrived,88,"Not Applicable (Not Transported) ",88,Not Applicable (Not Transported),,,,,,,1,0
2020,40,400422,Oklahoma,1,1,0,2,2,3,3,149,WASHITA (149),0,NOT APPLICABLE,11,11,10,October,2020,1,Sunday,20,8:00pm-8:59pm,7,7,0,This section IS NOT on the NHS,1,Rural,7,Local,2,County Highway Agency,4,County Road,CR-E ST HWY 66,,0,None,35.42179167,35.42179167,-99.364091670,-99.364091670,0,No Special Jurisdiction,8,Pedestrian,0,The First Harmful Event was Not a Collision with a Motor Vehicle in Transport,0,No,1,Non-Junction,1,Not an Intersection,0,None,,,1,On Roadway,2,Dark - Not Lighted,,,,,1,Clear,0,No,0000000,Not Applicable,2,2:00am-2:59am,6,6,2,2:00am-2:59am,9,9,2,2:00am-2:59am,34,34,,,,,,,1,0
2020,40,400423,Oklahoma,1,1,0,0,0,1,1,51,GRADY (51),0,NOT APPLICABLE,16,16,10,October,2020,6,Friday,2,2:00am-2:59am,0,0,1,This section IS ON the NHS,1,Rural,1,Interstate,1,State Highway Agency,1,Interstate,I-44,,0,None,35.23689722,35.23689722,-97.679100000,-97.679100000,0,No Special Jurisdiction,38,Fence,0,The First Harmful Event was Not a Collision with a Motor Vehicle in Transport,0,No,1,Non-Junction,1,Not an Intersection,0,None,,,4,On Roadside,2,Dark - Not Lighted,,,,,10,Cloudy,0,No,0000000,Not Applicable,99,Unknown,98,Unknown if Notified,99,Unknown EMS Scene Arrival Hour,98,Unknown if Arrived,88,"Not Applicable (Not Transported) ",88,Not Applicable (Not Transported),,,,,,,1,0
2020,40,400424,Oklahoma,1,1,0,0,0,1,1,51,GRADY (51),960,CHICKASHA,13,13,9,September,2020,1,Sunday,8,8:00am-8:59am,52,52,0,This section IS NOT on the NHS,2,Urban,3,Principal Arterial - Other,1,State Highway Agency,2,U.S. Highway,US-62,,0,None,35.05141944,35.05141944,-97.909044440,-97.909044440,0,No Special Jurisdiction,21,Bridge Pier or Support,0,The First Harmful Event was Not a Collision with a Motor Vehicle in Transport,0,No,1,Non-Junction,1,Not an Intersection,0,None,,,4,On Roadside,1,Daylight,,,,,1,Clear,0,No,0000000,Not Applicable,99,Unknown,98,Unknown if Notified,99,Unknown EMS Scene Arrival Hour,98,Unknown if Arrived,88,"Not Applicable (Not Transported) ",88,Not Applicable (Not Transported),,,,,,,1,0
2020,40,400425,Oklahoma,1,1,0,1,1,1,1,119,PAYNE (119),1210,CUSHING,28,28,9,September,2020,2,Monday,8,8:00am-8:59am,25,25,0,This section IS NOT on the NHS,2,Urban,3,Principal Arterial - Other,1,State Highway Agency,3,State Highway,SR-33,,0,None,35.98521667,35.98521667,-96.771172220,-96.771172220,0,No Special Jurisdiction,8,Pedestrian,0,The First Harmful Event was Not a Collision with a Motor Vehicle in Transport,0,No,1,Non-Junction,1,Not an Intersection,0,None,,,5,Outside Trafficway,1,Daylight,,,,,1,Clear,0,No,0000000,Not Applicable,8,8:00am-8:59am,26,26,8,8:00am-8:59am,27,27,88,"Not Applicable (Not Transported) ",88,Not Applicable (Not Transported),,,,,,,1,0
2020,40,400426,Oklahoma,2,2,0,0,0,2,2,19,CARTER (19),210,ARDMORE,30,30,9,September,2020,4,Wednesday,7,7:00am-7:59am,46,46,0,This section IS NOT on the NHS,2,Urban,4,Minor Arterial,2,County Highway Agency,4,County Road,CR-PRAIRIE VALLEY RD,,0,None,34.20199167,34.20199167,-97.179261110,-97.179261110,0,No Special Jurisdiction,12,Motor Vehicle In-Transport,6,Angle,0,No,1,Non-Junction,1,Not an Intersection,0,None,,,1,On Roadway,4,Dawn,,,,,1,Clear,0,No,0000000,Not Applicable,8,8:00am-8:59am,51,51,9,9:00am-9:59am,2,2,10,10:00am-10:59am,13,13,,,,,,,1,0
2020,40,400427,Oklahoma,2,2,0,0,0,2,2,145,WAGONER (145),0,NOT APPLICABLE,7,7,10,October,2020,4,Wednesday,21,9:00pm-9:59pm,33,33,1,This section IS ON the NHS,1,Rural,3,Principal Arterial - Other,1,State Highway Agency,2,U.S. Highway,US-69,MUSKOGEE TURNPIKE ON-RAMP,24,24,35.84669722,35.84669722,-95.403000000,-95.403000000,0,No Special Jurisdiction,12,Motor Vehicle In-Transport,6,Angle,0,No,2,Intersection,2,Four-Way Intersection,0,None,,,1,On Roadway,2,Dark - Not Lighted,,,,,1,Clear,0,No,0000000,Not Applicable,21,9:00pm-9:59pm,35,35,21,9:00pm-9:59pm,46,46,22,10:00pm-10:59pm,18,18,,,,,,,1,1
2020,40,400428,Oklahoma,2,2,0,0,0,2,2,49,GARVIN (49),0,NOT APPLICABLE,10,10,10,October,2020,7,Saturday,20,8:00pm-8:59pm,33,33,0,This section IS NOT on the NHS,1,Rural,5,Major Collector,1,State Highway Agency,2,U.S. Highway,US-77,,119,119,34.74839722,34.74839722,-97.251400000,-97.251400000,0,No Special Jurisdiction,12,Motor Vehicle In-Transport,6,Angle,0,No,1,Non-Junction,1,Not an Intersection,0,None,,,1,On Roadway,2,Dark - Not Lighted,,,,,1,Clear,0,No,0000000,Not Applicable,20,8:00pm-8:59pm,36,36,21,9:00pm-9:59pm,10,10,21,9:00pm-9:59pm,53,53,,,,,,,2,0