caseyear,state,st_case,statename,ve_total,ve_forms,pvh_invl,peds,pernotmvit,permvit,persons,county,countyname,city,cityname,day,dayname,month,monthname,year,day_week,day_weekname,hour,hourname,minute,minutename,nhs,nhsname,rur_urb,rur_urbname,func_sys,func_sysname,rd_owner,rd_ownername,route,routename,tway_id,tway_id2,milept,mileptname,latitude,latitudename,longitud,longitudname,sp_jur,sp_jurname,harm_ev,harm_evname,man_coll,man_collname,reljct1,reljct1name,reljct2,reljct2name,typ_int,typ_intname,wrk_zone,wrk_zonename,road_fnc,road_fncname,rel_road,rel_roadname,lgt_cond,lgt_condname,weather1,weather1name,weather2,weather2name,weather,weathername,sch_bus,sch_busname,rail,railname,not_hour,not_hourname,not_min,not_minname,arr_hour,arr_hourname,arr_min,arr_minname,hosp_hr,hosp_hrname,hosp_mn,hosp_mnname,cf1,cf1name,cf2,cf2name,cf3,cf3name,fatals,drunk_dr
2020,40,400429,Oklahoma,1,1,0,0,0,3,3,153,WOODWARD (153),0,NOT APPLICABLE,11,11,10,October,2020,1,Sunday,3,3:00am-3:59am,1,1,0,This section IS NOT on the NHS,1,Rural,7,Local,2,County Highway Agency,4,County Road,CR-EW42,,0,None,36.40540000,36.40540000,-99.481497220,-99.481497220,0,No Special Jurisdiction,35,Embankment,0,The First Harmful Event was Not a Collision with a Motor Vehicle in Transport,0,No,1,Non-Junction,1,Not an Intersection,0,None,,,4,On Roadside,2,Dark - Not Lighted,,,,,1,Clear,0,No,0000000,Not Applicable,3,3:00am-3:59am,4,4,3,3:00am-3:59am,17,17,3,3:00am-3:59am,38,38,,,,,,,1,1
2020,40,400430,Oklahoma,2,2,0,0,0,2,2,15,CADDO (15),0,NOT APPLICABLE,13,13,10,October,2020,3,Tuesday,12,12:00pm-12:59pm,52,52,0,This section IS NOT on the NHS,1,Rural,5,Major Collector,1,State Highway Agency,2,U.S. Highway,US-277,CR-1470,24,24,34.88409722,34.88409722,-98.211100000,-98.211100000,0,No Special Jurisdiction,12,Motor Vehicle In-Transport,6,Angle,0,No,2,Intersection,2,Four-Way Intersection,0,None,,,1,On Roadway,1,Daylight,,,,,1,Clear,0,No,0000000,Not Applicable,12,12:00pm-12:59pm,49,49,12,12:00pm-12:59pm,59,59,88,"Not Applicable (Not Transported) ",88,Not Applicable (Not Transported),,,,,,,1,0
2020,40,400431,Oklahoma,1,1,0,0,0,4,4,109,OKLAHOMA (109),3550,OKLAHOMA CITY,21,21,10,October,2020,4,Wednesday,22,10:00pm-10:59pm,4,4,0,This section IS NOT on the NHS,2,Urban,5,Major Collector,4,City or Municipal Highway Agency,6,Local Street - Municipality,E SHERIDAN AVE,,0,None,35.46640000,35.46640000,-97.499300000,-97.499300000,0,No Special Jurisdiction,58,Ground,0,The First Harmful Event was Not a Collision with a Motor Vehicle in Transport,0,No,1,Non-Junction,1,Not an Intersection,0,None,,,4,On Roadside,2,Dark - Not Lighted,,,,,10,Cloudy,0,No,0000000,Not Applicable,22,10:00pm-10:59pm,35,35,22,10:00pm-10:59pm,40,40,22,10:00pm-10:59pm,54,54,,,,,,,1,1
2020,40,400432,Oklahoma,1,1,0,0,0,1,1,71,KAY (71),0,NOT APPLICABLE,16,16,7,July,2020,5,Thursday,4,4:00am-4:59am,18,18,0,This section IS NOT on the NHS,1,Rural,5,Major Collector,2,County Highway Agency,4,County Road,CR-KILDARE,,0,None,36.81069722,36.81069722,-97.004900000,-97.004900000,0,No Special Jurisdiction,32,Culvert,0,The First Harmful Event was Not a Collision with a Motor Vehicle in Transport,0,No,1,Non-Junction,1,Not an Intersection,0,None,,,4,On Roadside,2,Dark - Not Lighted,,,,,1,Clear,0,No,0000000,Not Applicable,5,5:00am-5:59am,25,25,5,5:00am-5:59am,35,35,5,5:00am-5:59am,56,56,,,,,,,1,0
2020,40,400433,Oklahoma,2,2,0,0,0,4,4,111,OKMULGEE (111),0,NOT APPLICABLE,2,2,10,October,2020,6,Friday,16,4:00pm-4:59pm,35,35,1,This section IS ON the NHS,1,Rural,3,Principal Arterial - Other,1,State Highway Agency,2,U.S. Highway,US-75,,155,155,35.82180000,35.82180000,-96.015297220,-96.015297220,0,No Special Jurisdiction,12,Motor Vehicle In-Transport,6,Angle,0,No,8,Driveway Access Related,1,Not an Intersection,0,None,,,1,On Roadway,1,Daylight,,,,,1,Clear,0,No,0000000,Not Applicable,11,11:00am-11:59am,35,35,11,11:00am-11:59am,50,50,12,12:00pm-12:59pm,39,39,,,,,,,1,0
2020,40,400434,Oklahoma,2,2,0,0,0,3,3,107,OKFUSKEE (107),0,NOT APPLICABLE,9,9,10,October,2020,6,Friday,2,2:00am-2:59am,5,5,0,This section IS NOT on the NHS,1,Rural,5,Major Collector,2,County Highway Agency,4,County Road,CR-OLD HIGHWAY 62,CR-N3880,0,None,35.43500000,35.43500000,-96.105400000,-96.105400000,0,No Special Jurisdiction,12,Motor Vehicle In-Transport,6,Angle,0,No,2,Intersection,2,Four-Way Intersection,0,None,,,1,On Roadway,2,Dark - Not Lighted,,,,,10,Cloudy,0,No,0000000,Not Applicable,2,2:00am-2:59am,12,12,2,2:00am-2:59am,29,29,4,4:00am-4:59am,29,29,,,,,,,2,2
2020,40,400435,Oklahoma,1,1,0,1,1,1,1,109,OKLAHOMA (109),3550,OKLAHOMA CITY,15,15,10,October,2020,5,Thursday,20,8:00pm-8:59pm,35,35,0,This section IS NOT on the NHS,2,Urban,3,Principal Arterial - Other,4,City or Municipal Highway Agency,6,Local Street - Municipality,S PENNSYLVANIA AVE,,0,None,35.38790000,35.38790000,-97.547794440,-97.547794440,0,No Special Jurisdiction,8,Pedestrian,0,The First Harmful Event was Not a Collision with a Motor Vehicle in Transport,0,No,1,Non-Junction,1,Not an Intersection,0,None,,,1,On Roadway,2,Dark - Not Lighted,,,,,10,Cloudy,0,No,0000000,Not Applicable,99,Unknown,99,Unknown,99,Unknown EMS Scene Arrival Hour,99,Unknown EMS Scene Arrival Minutes,99,Unknown,99,Unknown EMS Hospital Arrival Time,,,,,,,1,0
2020,40,400436,Oklahoma,2,2,0,0,0,2,2,87,MCCLAIN (87),3870,PURCELL,2,2,10,October,2020,6,Friday,16,4:00pm-4:59pm,30,30,1,This section IS ON the NHS,2,Urban,1,Interstate,1,State Highway Agency,1,Interstate,I-35,,0,None,34.97540000,34.97540000,-97.371700000,-97.371700000,0,No Special Jurisdiction,12,Motor Vehicle In-Transport,1,Front-to-Rear,0,No,1,Non-Junction,1,Not an Intersection,4,"Work Zone, Type Unknown",,,1,On Roadway,1,Daylight,,,,,1,Clear,0,No,0000000,Not Applicable,16,4:00pm-4:59pm,35,35,17,5:00pm-5:59pm,10,10,17,5:00pm-5:59pm,43,43,,,,,,,1,0
2020,40,400437,Oklahoma,2,2,0,0,0,2,2,17,CANADIAN (17),3550,OKLAHOMA CITY,3,3,10,October,2020,7,Saturday,0,0:00am-0:59am,13,13,1,This section IS ON the NHS,2,Urban,3,Principal Arterial - Other,1,State Highway Agency,8,Other,KILPATRICK TPK,,0,None,35.45389722,35.45389722,-97.716300000,-97.716300000,0,No Special Jurisdiction,12,Motor Vehicle In-Transport,2,Front-to-Front,0,No,1,Non-Junction,1,Not an Intersection,0,None,,,1,On Roadway,3,Dark - Lighted,,,,,1,Clear,0,No,0000000,Not Applicable,0,0:00am-0:59am,17,17,0,0:00am-0:59am,36,36,0,0:00am-0:59am,56,56,,,,,,,1,1
2020,40,400438,Oklahoma,2,2,0,0,0,3,3,123,PONTOTOC (123),675,BYNG,12,12,10,October,2020,2,Monday,5,5:00am-5:59am,45,45,1,This section IS ON the NHS,1,Rural,3,Principal Arterial - Other,1,State Highway Agency,2,U.S. Highway,US-377,W BROADWAY,0,None,34.86849722,34.86849722,-96.679297220,-96.679297220,0,No Special Jurisdiction,12,Motor Vehicle In-Transport,6,Angle,0,No,2,Intersection,2,Four-Way Intersection,0,None,,,1,On Roadway,2,Dark - Not Lighted,,,,,1,Clear,0,No,0000000,Not Applicable,5,5:00am-5:59am,39,39,5,5:00am-5:59am,49,49,6,6:00am-6:59am,35,35,,,,,,,1,0
2020,40,400439,Oklahoma,2,2,0,0,0,2,2,109,OKLAHOMA (109),3550,OKLAHOMA CITY,22,22,10,October,2020,5,Thursday,23,11:00pm-11:59pm,20,20,0,This section IS NOT on the NHS,2,Urban,4,Minor Arterial,4,City or Municipal Highway Agency,6,Local Street - Municipality,NE 10TH ST,,0,None,35.47860000,35.47860000,-97.435597220,-97.435597220,0,No Special Jurisdiction,12,Motor Vehicle In-Transport,1,Front-to-Rear,0,No,1,Non-Junction,1,Not an Intersection,0,None,,,1,On Roadway,2,Dark - Not Lighted,,,,,1,Clear,0,No,0000000,Not Applicable,23,11:00pm-11:59pm,37,37,23,11:00pm-11:59pm,39,39,88,"Not Applicable (Not Transported) ",88,Not Applicable (Not Transported),,,,,,,1,2
2020,40,400440,Oklahoma,2,2,0,0,0,3,3,97,MAYES (97),0,NOT APPLICABLE,23,23,10,October,2020,6,Friday,5,5:00am-5:59am,55,55,1,This section IS ON the NHS,1,Rural,3,Principal Arterial - Other,1,State Highway Agency,2,U.S. Highway,US-69,,111,111,36.23160000,36.23160000,-95.339200000,-95.339200000,0,No Special Jurisdiction,12,Motor Vehicle In-Transport,6,Angle,0,No,8,Driveway Access Related,1,Not an Intersection,0,None,,,1,On Roadway,2,Dark - Not Lighted,,,,,2,Rain,0,No,0000000,Not Applicable,99,Unknown,98,Unknown if Notified,99,Unknown EMS Scene Arrival Hour,98,Unknown if Arrived,88,"Not Applicable (Not Transported) ",88,Not Applicable (Not Transported),,,,,,,1,0
2020,40,400441,Oklahoma,1,1,0,0,0,1,1,51,GRADY (51),0,NOT APPLICABLE,24,24,10,October,2020,7,Saturday,5,5:00am-5:59am,6,6,0,This section IS NOT on the NHS,1,Rural,5,Major Collector,1,State Highway Agency,3,State Highway,SR-17,,28,28,34.78269722,34.78269722,-98.054100000,-98.054100000,0,No Special Jurisdiction,1,Rollover/Overturn,0,The First Harmful Event was Not a Collision with a Motor Vehicle in Transport,0,No,1,Non-Junction,1,Not an Intersection,0,None,,,1,On Roadway,2,Dark - Not Lighted,,,,,10,Cloudy,0,No,0000000,Not Applicable,99,Unknown,98,Unknown if Notified,99,Unknown EMS Scene Arrival Hour,98,Unknown if Arrived,88,"Not Applicable (Not Transported) ",88,Not Applicable (Not Transported),,,,,,,1,0
2020,40,400442,Oklahoma,1,1,0,0,0,2,2,109,OKLAHOMA (109),3550,OKLAHOMA CITY,26,26,10,October,2020,2,Monday,11,11:00am-11:59am,21,21,1,This section IS ON the NHS,2,Urban,1,Interstate,1,State Highway Agency,1,Interstate,I-240 ENTRANCE RAMP,,0,None,35.39170000,35.39170000,-97.494500000,-97.494500000,0,No Special Jurisdiction,25,Concrete Traffic Barrier,0,The First Harmful Event was Not a Collision with a Motor Vehicle in Transport,0,No,1,Non-Junction,1,Not an Intersection,0,None,,,3,On Median,1,Daylight,,,,,98,Not Reported,0,No,0000000,Not Applicable,11,11:00am-11:59am,19,19,11,11:00am-11:59am,34,34,12,12:00pm-12:59pm,3,3,,,,,,,1,0
2020,40,400443,Oklahoma,2,2,0,0,0,4,4,145,WAGONER (145),1150,COWETA,23,23,7,July,2020,5,Thursday,14,2:00pm-2:59pm,7,7,1,This section IS ON the NHS,2,Urban,3,Principal Arterial - Other,1,State Highway Agency,3,State Highway,SR-51,,0,None,36.00324167,36.00324167,-95.681177780,-95.681177780,0,No Special Jurisdiction,12,Motor Vehicle In-Transport,6,Angle,0,No,8,Driveway Access Related,1,Not an Intersection,0,None,,,1,On Roadway,1,Daylight,,,,,1,Clear,0,No,0000000,Not Applicable,14,2:00pm-2:59pm,9,9,14,2:00pm-2:59pm,18,18,15,3:00pm-3:59pm,3,3,,,,,,,1,0
2020,40,400444,Oklahoma,2,1,1,0,0,1,1,41,DELAWARE (41),0,NOT APPLICABLE,14,14,10,October,2020,4,Wednesday,12,12:00pm-12:59pm,49,49,1,This section IS ON the NHS,1,Rural,3,Principal Arterial - Other,1,State Highway Agency,2,U.S. Highway,US-59,,77,77,36.50229722,36.50229722,-94.781497220,-94.781497220,0,No Special Jurisdiction,35,Embankment,0,The First Harmful Event was Not a Collision with a Motor Vehicle in Transport,0,No,1,Non-Junction,1,Not an Intersection,0,None,,,4,On Roadside,1,Daylight,,,,,1,Clear,0,No,0000000,Not Applicable,12,12:00pm-12:59pm,48,48,12,12:00pm-12:59pm,57,57,13,1:00pm-1:59pm,20,20,,,,,,,1,0
2020,40,400445,Oklahoma,2,2,0,0,0,2,2,101,MUSKOGEE (101),0,NOT APPLICABLE,27,27,10,October,2020,3,Tuesday,6,6:00am-6:59am,26,26,1,This section IS ON the NHS,1,Rural,1,Interstate,1,State Highway Agency,1,Interstate,I-40,,0,None,35.48210000,35.48210000,-95.239500000,-95.239500000,0,No Special Jurisdiction,12,Motor Vehicle In-Transport,1,Front-to-Rear,0,No,1,Non-Junction,1,Not an Intersection,0,None,,,1,On Roadway,2,Dark - Not Lighted,,,,,2,Rain,0,No,0000000,Not Applicable,6,6:00am-6:59am,26,26,6,6:00am-6:59am,43,43,88,"Not Applicable (Not Transported) ",88,Not Applicable (Not Transported),,,,,,,1,0
2020,40,400446,Oklahoma,1,1,0,1,1,1,1,109,OKLAHOMA (109),3550,OKLAHOMA CITY,30,30,10,October,2020,6,Friday,21,9:00pm-9:59pm,5,5,0,This section IS NOT on the NHS,2,Urban,5,Major Collector,4,City or Municipal Highway Agency,6,Local Street - Municipality,NE 36TH ST,,0,None,35.50750000,35.50750000,-97.347897220,-97.347897220,0,No Special Jurisdiction,8,Pedestrian,0,The First Harmful Event was Not a Collision with a Motor Vehicle in Transport,0,No,1,Non-Junction,1,Not an Intersection,0,None,,,1,On Roadway,2,Dark - Not Lighted,,,,,10,Cloudy,0,No,0000000,Not Applicable,99,Unknown,98,Unknown if Notified,99,Unknown EMS Scene Arrival Hour,98,Unknown if Arrived,88,"Not Applicable (Not Transported) ",88,Not Applicable (Not Transported),,,,,,,1,0
2020,40,400447,Oklahoma,2,2,0,0,0,2,2,143,TULSA (143),4780,TULSA,9,9,10,October,2020,6,Friday,22,10:00pm-10:59pm,30,30,0,This section IS NOT on the NHS,2,Urban,4,Minor Arterial,4,City or Municipal Highway Agency,6,Local Street - Municipality,11TH ST,,0,None,36.14800000,36.14800000,-95.774197220,-95.774197220,0,No Special Jurisdiction,12,Motor Vehicle In-Transport,6,Angle,0,No,1,Non-Junction,1,Not an Intersection,0,None,,,6,Off Roadway-Location Unknown,2,Dark - Not Lighted,,,,,1,Clear,0,No,0000000,Not Applicable,99,Unknown,98,Unknown if Notified,99,Unknown EMS Scene Arrival Hour,98,Unknown if Arrived,88,"Not Applicable (Not Transported) ",88,Not Applicable (Not Transported),,,,,,,1,1
2020,40,400448,Oklahoma,1,1,0,0,0,1,1,109,OKLAHOMA (109),3550,OKLAHOMA CITY,12,12,10,October,2020,2,Monday,16,4:00pm-4:59pm,34,34,1,This section IS ON the NHS,2,Urban,3,Principal Arterial - Other,1,State Highway Agency,3,State Highway,SR-74,,0,None,35.58729722,35.58729722,-97.583697220,-97.583697220,0,No Special Jurisdiction,1,Rollover/Overturn,0,The First Harmful Event was Not a Collision with a Motor Vehicle in Transport,0,No,1,Non-Junction,1,Not an Intersection,0,None,,,3,On Median,1,Daylight,,,,,1,Clear,0,No,0000000,Not Applicable,16,4:00pm-4:59pm,34,34,16,4:00pm-4:59pm,42,42,17,5:00pm-5:59pm,7,7,,,,,,,1,0
2020,40,400449,Oklahoma,1,1,0,1,1,1,1,109,OKLAHOMA (109),3550,OKLAHOMA CITY,22,22,10,October,2020,5,Thursday,21,9:00pm-9:59pm,8,8,0,This section IS NOT on the NHS,2,Urban,4,Minor Arterial,4,City or Municipal Highway Agency,6,Local Street - Municipality,N WESTERN AVE,,0,None,35.58760000,35.58760000,-97.531400000,-97.531400000,0,No Special Jurisdiction,8,Pedestrian,0,The First Harmful Event was Not a Collision with a Motor Vehicle in Transport,0,No,1,Non-Junction,1,Not an Intersection,0,None,,,1,On Roadway,2,Dark - Not Lighted,,,,,10,Cloudy,0,No,0000000,Not Applicable,20,8:00pm-8:59pm,17,17,20,8:00pm-8:59pm,30,30,99,Unknown,99,Unknown EMS Hospital Arrival Time,,,,,,,1,0
2020,40,400450,Oklahoma,3,3,0,0,0,4,4,135,SEQUOYAH (135),0,NOT APPLICABLE,28,28,10,October,2020,4,Wednesday,4,4:00am-4:59am,26,26,1,This section IS ON the NHS,1,Rural,1,Interstate,1,State Highway Agency,1,Interstate,I-40,,0,None,35.42810000,35.42810000,-94.492194440,-94.492194440,0,No Special Jurisdiction,12,Motor Vehicle In-Transport,7,Sideswipe - Same Direction,0,No,1,Non-Junction,1,Not an Intersection,0,None,,,1,On Roadway,3,Dark - Lighted,,,,,2,Rain,0,No,0000000,Not Applicable,4,4:00am-4:59am,29,29,4,4:00am-4:59am,44,44,88,"Not Applicable (Not Transported) ",88,Not Applicable (Not Transported),,,,,,,1,0
2020,40,400451,Oklahoma,1,1,0,0,0,1,1,23,CHOCTAW (23),0,NOT APPLICABLE,9,9,10,October,2020,6,Friday,99,Unknown Hours,99,Unknown Minutes,0,This section IS NOT on the NHS,1,Rural,5,Major Collector,1,State Highway Agency,3,State Highway,SR-109,,96,96,33.91040000,33.91040000,-95.329400000,-95.329400000,0,No Special Jurisdiction,38,Fence,0,The First Harmful Event was Not a Collision with a Motor Vehicle in Transport,0,No,1,Non-Junction,1,Not an Intersection,0,None,,,4,On Roadside,9,Reported as Unknown,,,,,1,Clear,0,No,0000000,Not Applicable,9,9:00am-9:59am,6,6,9,9:00am-9:59am,25,25,88,"Not Applicable (Not Transported) ",88,Not Applicable (Not Transported),,,,,,,1,1
2020,40,400452,Oklahoma,1,1,0,1,1,1,1,111,OKMULGEE (111),3560,OKMULGEE,6,6,5,May,2020,4,Wednesday,20,8:00pm-8:59pm,44,44,0,This section IS NOT on the NHS,2,Urban,7,Local,4,City or Municipal Highway Agency,6,Local Street - Municipality,E KENNEDY ST,,0,None,35.63125278,35.63125278,-95.958883330,-95.958883330,0,No Special Jurisdiction,9,Pedalcyclist,0,The First Harmful Event was Not a Collision with a Motor Vehicle in Transport,0,No,1,Non-Junction,1,Not an Intersection,0,None,,,1,On Roadway,5,Dusk,,,,,1,Clear,0,No,0000000,Not Applicable,20,8:00pm-8:59pm,20,20,20,8:00pm-8:59pm,25,25,20,8:00pm-8:59pm,46,46,,,,,,,1,0
2020,40,400453,Oklahoma,2,2,0,0,0,3,3,115,OTTAWA (115),0,NOT APPLICABLE,15,15,9,September,2020,3,Tuesday,9,9:00am-9:59am,29,29,0,This section IS NOT on the NHS,1,Rural,4,Minor Arterial,1,State Highway Agency,2,U.S. Highway,US-60,CR-NS520,0,None,36.70020000,36.70020000,-94.945194440,-94.945194440,0,No Special Jurisdiction,12,Motor Vehicle In-Transport,1,Front-to-Rear,0,No,3,Intersection-Related,2,Four-Way Intersection,0,None,,,1,On Roadway,1,Daylight,,,,,1,Clear,0,No,0000000,Not Applicable,8,8:00am-8:59am,37,37,8,8:00am-8:59am,38,38,9,9:00am-9:59am,16,16,,,,,,,1,0
2020,40,400454,Oklahoma,2,2,0,0,0,2,2,111,OKMULGEE (111),0,NOT APPLICABLE,30,30,9,September,2020,4,Wednesday,12,12:00pm-12:59pm,59,59,0,This section IS NOT on the NHS,1,Rural,7,Local,2,County Highway Agency,4,County Road,CR-ALLIGATOR TRAIL,SR-56 LOOP,0,None,35.64650000,35.64650000,-95.957597220,-95.957597220,0,No Special Jurisdiction,12,Motor Vehicle In-Transport,6,Angle,0,No,2,Intersection,2,Four-Way Intersection,0,None,,,1,On Roadway,1,Daylight,,,,,1,Clear,0,No,0000000,Not Applicable,7,7:00am-7:59am,53,53,8,8:00am-8:59am,6,6,8,8:00am-8:59am,21,21,,,,,,,1,0
2020,40,400455,Oklahoma,2,2,0,0,0,4,4,71,KAY (71),0,NOT APPLICABLE,18,18,10,October,2020,1,Sunday,10,10:00am-10:59am,33,33,0,This section IS NOT on the NHS,1,Rural,5,Major Collector,1,State Highway Agency,3,State Highway,SR-11,,97,97,36.80989722,36.80989722,-97.107297220,-97.107297220,0,No Special Jurisdiction,12,Motor Vehicle In-Transport,6,Angle,0,No,1,Non-Junction,1,Not an Intersection,0,None,,,2,On Shoulder,1,Daylight,,,,,2,Rain,0,No,0000000,Not Applicable,10,10:00am-10:59am,34,34,10,10:00am-10:59am,46,46,11,11:00am-11:59am,14,14,,,,,,,2,1
2020,40,400456,Oklahoma,1,1,0,0,0,1,1,111,OKMULGEE (111),3560,OKMULGEE,11,11,4,April,2020,7,Saturday,5,5:00am-5:59am,15,15,0,This section IS NOT on the NHS,2,Urban,7,Local,4,City or Municipal Highway Agency,6,Local Street - Municipality,OAKWOOD,,0,None,35.61372222,35.61372222,-95.969147220,-95.969147220,0,No Special Jurisdiction,42,Tree (Standing Only),0,The First Harmful Event was Not a Collision with a Motor Vehicle in Transport,0,No,1,Non-Junction,1,Not an Intersection,0,None,,,4,On Roadside,2,Dark - Not Lighted,,,,,1,Clear,0,No,0000000,Not Applicable,99,Unknown,98,Unknown if Notified,99,Unknown EMS Scene Arrival Hour,98,Unknown if Arrived,88,"Not Applicable (Not Transported) ",88,Not Applicable (Not Transported),,,,,,,1,1
2020,40,400457,Oklahoma,1,1,0,0,0,1,1,17,CANADIAN (17),3780,PIEDMONT,31,31,8,August,2020,2,Monday,23,11:00pm-11:59pm,27,27,0,This section IS NOT on the NHS,1,Rural,7,Local,4,City or Municipal Highway Agency,6,Local Street - Municipality,SARA RD NE,,0,None,35.64011667,35.64011667,-97.709622220,-97.709622220,0,No Special Jurisdiction,32,Culvert,0,The First Harmful Event was Not a Collision with a Motor Vehicle in Transport,0,No,1,Non-Junction,1,Not an Intersection,0,None,,,4,On Roadside,2,Dark - Not Lighted,,,,,2,Rain,0,No,0000000,Not Applicable,99,Unknown,98,Unknown if Notified,99,Unknown EMS Scene Arrival Hour,98,Unknown if Arrived,88,"Not Applicable (Not Transported) ",88,Not Applicable (Not Transported),,,,,,,1,0
2020,40,400458,Oklahoma,1,1,0,0,0,1,1,143,TULSA (143),4780,TULSA,4,4,10,October,2020,1,Sunday,3,3:00am-3:59am,48,48,1,This section IS ON the NHS,2,Urban,1,Interstate,1,State Highway Agency,1,Interstate,I-44,,0,None,36.16069722,36.16069722,-95.829300000,-95.829300000,0,No Special Jurisdiction,21,Bridge Pier or Support,0,The First Harmful Event was Not a Collision with a Motor Vehicle in Transport,0,No,1,Non-Junction,1,Not an Intersection,0,None,,,4,On Roadside,3,Dark - Lighted,,,,,1,Clear,0,No,0000000,Not Applicable,99,Unknown,98,Unknown if Notified,99,Unknown EMS Scene Arrival Hour,98,Unknown if Arrived,88,"Not Applicable (Not Transported) ",88,Not Applicable (Not Transported),,,,,,,1,1
2020,40,400459,Oklahoma,1,1,0,0,0,1,1,111,OKMULGEE (111),0,NOT APPLICABLE,4,4,10,October,2020,1,Sunday,5,5:00am-5:59am,23,23,0,This section IS NOT on the NHS,1,Rural,5,Major Collector,2,County Highway Agency,4,County Road,CR-CONIFER,,0,None,35.49309722,35.49309722,-95.997200000,-95.997200000,0,No Special Jurisdiction,35,Embankment,0,The First Harmful Event was Not a Collision with a Motor Vehicle in Transport,0,No,1,Non-Junction,1,Not an Intersection,0,None,,,4,On Roadside,2,Dark - Not Lighted,,,,,1,Clear,0,No,0000000,Not Applicable,99,Unknown,98,Unknown if Notified,99,Unknown EMS Scene Arrival Hour,98,Unknown if Arrived,88,"Not Applicable (Not Transported) ",88,Not Applicable (Not Transported),,,,,,,1,1
2020,40,400460,Oklahoma,2,2,0,0,0,3,3,71,KAY (71),0,NOT APPLICABLE,16,16,10,October,2020,6,Friday,0,0:00am-0:59am,46,46,1,This section IS ON the NHS,1,Rural,1,Interstate,1,State Highway Agency,1,Interstate,I-35,,0,None,36.92049722,36.92049722,-97.350700000,-97.350700000,0,No Special Jurisdiction,12,Motor Vehicle In-Transport,1,Front-to-Rear,0,No,1,Non-Junction,1,Not an Intersection,0,None,,,1,On Roadway,2,Dark - Not Lighted,,,,,1,Clear,0,No,0000000,Not Applicable,0,0:00am-0:59am,43,43,0,0:00am-0:59am,53,53,88,"Not Applicable (Not Transported) ",88,Not Applicable (Not Transported),,,,,,,1,0
2020,40,400461,Oklahoma,1,1,0,0,0,1,1,107,OKFUSKEE (107),0,NOT APPLICABLE,19,19,10,October,2020,2,Monday,13,1:00pm-1:59pm,55,55,0,This section IS NOT on the NHS,1,Rural,7,Local,2,County Highway Agency,4,County Road,CR-N3875,,0,None,35.31869722,35.31869722,-96.114097220,-96.114097220,0,No Special Jurisdiction,42,Tree (Standing Only),0,The First Harmful Event was Not a Collision with a Motor Vehicle in Transport,0,No,1,Non-Junction,1,Not an Intersection,0,None,,,4,On Roadside,1,Daylight,,,,,1,Clear,0,No,0000000,Not Applicable,99,Unknown,98,Unknown if Notified,99,Unknown EMS Scene Arrival Hour,98,Unknown if Arrived,88,"Not Applicable (Not Transported) ",88,Not Applicable (Not Transported),,,,,,,1,0
2020,40,400462,Oklahoma,2,2,0,0,0,2,2,143,TULSA (143),4780,TULSA,1,1,11,November,2020,1,Sunday,9,9:00am-9:59am,31,31,0,This section IS NOT on the NHS,2,Urban,3,Principal Arterial - Other,4,City or Municipal Highway Agency,6,Local Street - Municipality,"E 71ST ST ",S 85TH E AVE,0,None,36.06080000,36.06080000,-95.882300000,-95.882300000,0,No Special Jurisdiction,12,Motor Vehicle In-Transport,6,Angle,0,No,2,Intersection,3,T-Intersection,0,None,,,1,On Roadway,1,Daylight,,,,,1,Clear,0,No,0000000,Not Applicable,9,9:00am-9:59am,31,31,9,9:00am-9:59am,36,36,9,9:00am-9:59am,59,59,,,,,,,1,0
2020,40,400463,Oklahoma,1,1,0,0,0,1,1,143,TULSA (143),4780,TULSA,1,1,11,November,2020,1,Sunday,23,11:00pm-11:59pm,3,3,1,This section IS ON the NHS,2,Urban,3,Principal Arterial - Other,1,State Highway Agency,2,U.S. Highway,US-169,,0,None,36.13850000,36.13850000,-95.860297220,-95.860297220,0,No Special Jurisdiction,18,Other Object (not fixed),0,The First Harmful Event was Not a Collision with a Motor Vehicle in Transport,0,No,1,Non-Junction,1,Not an Intersection,0,None,,,4,On Roadside,3,Dark - Lighted,,,,,1,Clear,0,No,0000000,Not Applicable,99,Unknown,99,Unknown,99,Unknown EMS Scene Arrival Hour,99,Unknown EMS Scene Arrival Minutes,99,Unknown,99,Unknown EMS Hospital Arrival Time,,,,,,,1,1
2020,40,400464,Oklahoma,1,1,0,1,1,1,1,143,TULSA (143),4780,TULSA,8,8,11,November,2020,1,Sunday,4,4:00am-4:59am,8,8,0,This section IS NOT on the NHS,2,Urban,4,Minor Arterial,4,City or Municipal Highway Agency,6,Local Street - Municipality,S PEORIA AVE,E 60TH ST,0,None,36.07699722,36.07699722,-95.975800000,-95.975800000,0,No Special Jurisdiction,8,Pedestrian,0,The First Harmful Event was Not a Collision with a Motor Vehicle in Transport,0,No,3,Intersection-Related,2,Four-Way Intersection,0,None,,,1,On Roadway,3,Dark - Lighted,,,,,1,Clear,0,No,0000000,Not Applicable,99,Unknown,98,Unknown if Notified,99,Unknown EMS Scene Arrival Hour,98,Unknown if Arrived,88,"Not Applicable (Not Transported) ",88,Not Applicable (Not Transported),,,,,,,1,1
2020,40,400465,Oklahoma,1,1,0,1,1,1,1,143,TULSA (143),4780,TULSA,9,9,11,November,2020,2,Monday,1,1:00am-1:59am,45,45,1,This section IS ON the NHS,2,Urban,3,Principal Arterial - Other,1,State Highway Agency,2,U.S. Highway,US-75,,0,None,36.03739722,36.03739722,-96.008497220,-96.008497220,0,No Special Jurisdiction,8,Pedestrian,0,The First Harmful Event was Not a Collision with a Motor Vehicle in Transport,0,No,1,Non-Junction,1,Not an Intersection,0,None,,,1,On Roadway,2,Dark - Not Lighted,,,,,1,Clear,0,No,0000000,Not Applicable,99,Unknown,98,Unknown if Notified,99,Unknown EMS Scene Arrival Hour,98,Unknown if Arrived,88,"Not Applicable (Not Transported) ",88,Not Applicable (Not Transported),,,,,,,1,0