caseyear,state,st_case,statename,ve_total,ve_forms,pvh_invl,peds,pernotmvit,permvit,persons,county,countyname,city,cityname,day,dayname,month,monthname,year,day_week,day_weekname,hour,hourname,minute,minutename,nhs,nhsname,rur_urb,rur_urbname,func_sys,func_sysname,rd_owner,rd_ownername,route,routename,tway_id,tway_id2,milept,mileptname,latitude,latitudename,longitud,longitudname,sp_jur,sp_jurname,harm_ev,harm_evname,man_coll,man_collname,reljct1,reljct1name,reljct2,reljct2name,typ_int,typ_intname,wrk_zone,wrk_zonename,road_fnc,road_fncname,rel_road,rel_roadname,lgt_cond,lgt_condname,weather1,weather1name,weather2,weather2name,weather,weathername,sch_bus,sch_busname,rail,railname,not_hour,not_hourname,not_min,not_minname,arr_hour,arr_hourname,arr_min,arr_minname,hosp_hr,hosp_hrname,hosp_mn,hosp_mnname,cf1,cf1name,cf2,cf2name,cf3,cf3name,fatals,drunk_dr
2020,40,400466,Oklahoma,2,2,0,0,0,2,2,15,CADDO (15),0,NOT APPLICABLE,9,9,11,November,2020,2,Monday,15,3:00pm-3:59pm,18,18,1,This section IS ON the NHS,1,Rural,1,Interstate,1,State Highway Agency,1,Interstate,I-40,,0,None,35.52929722,35.52929722,-98.414900000,-98.414900000,0,No Special Jurisdiction,12,Motor Vehicle In-Transport,1,Front-to-Rear,0,No,1,Non-Junction,1,Not an Intersection,0,None,,,1,On Roadway,1,Daylight,,,,,1,Clear,0,No,0000000,Not Applicable,99,Unknown,98,Unknown if Notified,99,Unknown EMS Scene Arrival Hour,98,Unknown if Arrived,88,"Not Applicable (Not Transported) ",88,Not Applicable (Not Transported),,,,,,,1,0
2020,40,400467,Oklahoma,1,1,0,0,0,1,1,147,WASHINGTON (147),0,NOT APPLICABLE,9,9,10,October,2020,6,Friday,6,6:00am-6:59am,34,34,1,This section IS ON the NHS,1,Rural,3,Principal Arterial - Other,1,State Highway Agency,2,U.S. Highway,US-75,,57,57,36.50730000,36.50730000,-95.920794440,-95.920794440,0,No Special Jurisdiction,11,Live Animal,0,The First Harmful Event was Not a Collision with a Motor Vehicle in Transport,0,No,1,Non-Junction,1,Not an Intersection,0,None,,,1,On Roadway,2,Dark - Not Lighted,,,,,10,Cloudy,0,No,0000000,Not Applicable,6,6:00am-6:59am,20,20,6,6:00am-6:59am,38,38,88,"Not Applicable (Not Transported) ",88,Not Applicable (Not Transported),,,,,,,1,0
2020,40,400468,Oklahoma,2,2,0,0,0,2,2,143,TULSA (143),0,NOT APPLICABLE,21,21,10,October,2020,4,Wednesday,9,9:00am-9:59am,21,21,1,This section IS ON the NHS,2,Urban,3,Principal Arterial - Other,1,State Highway Agency,2,U.S. Highway,US-75,CR-E 126TH ST N,134,134,36.33659722,36.33659722,-95.924000000,-95.924000000,0,No Special Jurisdiction,12,Motor Vehicle In-Transport,6,Angle,0,No,2,Intersection,2,Four-Way Intersection,0,None,,,1,On Roadway,1,Daylight,,,,,10,Cloudy,0,No,0000000,Not Applicable,9,9:00am-9:59am,23,23,9,9:00am-9:59am,30,30,10,10:00am-10:59am,2,2,,,,,,,1,0
2020,40,400469,Oklahoma,2,2,0,0,0,3,3,69,JOHNSTON (69),0,NOT APPLICABLE,22,22,10,October,2020,5,Thursday,0,0:00am-0:59am,20,20,0,This section IS NOT on the NHS,1,Rural,5,Major Collector,1,State Highway Agency,3,State Highway,SR-48,SR-48A,0,None,34.27329722,34.27329722,-96.424800000,-96.424800000,0,No Special Jurisdiction,12,Motor Vehicle In-Transport,6,Angle,0,No,2,Intersection,2,Four-Way Intersection,0,None,,,1,On Roadway,2,Dark - Not Lighted,,,,,1,Clear,0,No,0000000,Not Applicable,0,0:00am-0:59am,32,32,1,1:00am-1:59am,13,13,2,2:00am-2:59am,26,26,,,,,,,1,0
2020,40,400470,Oklahoma,2,2,0,0,0,4,4,31,COMANCHE (31),0,NOT APPLICABLE,26,26,10,October,2020,2,Monday,11,11:00am-11:59am,22,22,0,This section IS NOT on the NHS,2,Urban,5,Major Collector,2,County Highway Agency,4,County Road,CR-NE CACHE,CR-NE 60TH ST,0,None,34.62310000,34.62310000,-98.317297220,-98.317297220,0,No Special Jurisdiction,12,Motor Vehicle In-Transport,6,Angle,0,No,2,Intersection,2,Four-Way Intersection,0,None,,,1,On Roadway,1,Daylight,,,,,2,Rain,0,No,0000000,Not Applicable,11,11:00am-11:59am,20,20,11,11:00am-11:59am,29,29,12,12:00pm-12:59pm,0,0,,,,,,,1,0
2020,40,400471,Oklahoma,2,2,0,0,0,3,3,93,MAJOR (93),0,NOT APPLICABLE,27,27,10,October,2020,3,Tuesday,6,6:00am-6:59am,55,55,0,This section IS NOT on the NHS,1,Rural,5,Major Collector,1,State Highway Agency,3,State Highway,SR-58,,24,24,36.42499722,36.42499722,-98.247600000,-98.247600000,0,No Special Jurisdiction,12,Motor Vehicle In-Transport,6,Angle,0,No,1,Non-Junction,1,Not an Intersection,0,None,,,1,On Roadway,2,Dark - Not Lighted,,,,,98,Not Reported,0,No,0000000,Not Applicable,6,6:00am-6:59am,47,47,7,7:00am-7:59am,6,6,8,8:00am-8:59am,18,18,,,,,,,1,0
2020,40,400472,Oklahoma,1,1,0,0,0,3,3,79,LE FLORE (79),0,NOT APPLICABLE,28,28,10,October,2020,4,Wednesday,17,5:00pm-5:59pm,40,40,0,This section IS NOT on the NHS,1,Rural,4,Minor Arterial,1,State Highway Agency,2,U.S. Highway,US-270,,87,87,34.96750000,34.96750000,-94.776697220,-94.776697220,0,No Special Jurisdiction,35,Embankment,0,The First Harmful Event was Not a Collision with a Motor Vehicle in Transport,0,No,1,Non-Junction,1,Not an Intersection,0,None,,,4,On Roadside,5,Dusk,,,,,2,Rain,0,No,0000000,Not Applicable,99,Unknown,98,Unknown if Notified,99,Unknown EMS Scene Arrival Hour,98,Unknown if Arrived,88,"Not Applicable (Not Transported) ",88,Not Applicable (Not Transported),,,,,,,1,0
2020,40,400473,Oklahoma,2,2,0,0,0,8,8,131,ROGERS (131),0,NOT APPLICABLE,31,31,10,October,2020,7,Saturday,22,10:00pm-10:59pm,29,29,1,This section IS ON the NHS,1,Rural,3,Principal Arterial - Other,1,State Highway Agency,2,U.S. Highway,US-412,CR-S4240,154,154,36.16960000,36.16960000,-95.457897220,-95.457897220,0,No Special Jurisdiction,12,Motor Vehicle In-Transport,6,Angle,0,No,2,Intersection,2,Four-Way Intersection,0,None,,,1,On Roadway,3,Dark - Lighted,,,,,1,Clear,0,No,0000000,Not Applicable,22,10:00pm-10:59pm,39,39,22,10:00pm-10:59pm,50,50,23,11:00pm-11:59pm,38,38,,,,,,,1,0
2020,40,400474,Oklahoma,2,2,0,0,0,2,2,5,ATOKA (5),0,NOT APPLICABLE,31,31,10,October,2020,7,Saturday,17,5:00pm-5:59pm,29,29,1,This section IS ON the NHS,1,Rural,3,Principal Arterial - Other,1,State Highway Agency,2,U.S. Highway,US-69,,50,50,34.22489722,34.22489722,-96.225997220,-96.225997220,0,No Special Jurisdiction,12,Motor Vehicle In-Transport,6,Angle,0,No,7,"Crossover-Related ",1,Not an Intersection,1,Construction,,,1,On Roadway,1,Daylight,,,,,1,Clear,0,No,0000000,Not Applicable,99,Unknown,98,Unknown if Notified,99,Unknown EMS Scene Arrival Hour,98,Unknown if Arrived,88,"Not Applicable (Not Transported) ",88,Not Applicable (Not Transported),,,,,,,1,0
2020,40,400475,Oklahoma,2,2,0,0,0,2,2,109,OKLAHOMA (109),3550,OKLAHOMA CITY,10,10,10,October,2020,7,Saturday,1,1:00am-1:59am,23,23,1,This section IS ON the NHS,2,Urban,1,Interstate,1,State Highway Agency,1,Interstate,I-40,,0,None,35.38470000,35.38470000,-97.236900000,-97.236900000,0,No Special Jurisdiction,12,Motor Vehicle In-Transport,6,Angle,0,No,1,Non-Junction,1,Not an Intersection,0,None,,,1,On Roadway,2,Dark - Not Lighted,,,,,1,Clear,0,No,0000000,Not Applicable,1,1:00am-1:59am,24,24,1,1:00am-1:59am,43,43,2,2:00am-2:59am,13,13,,,,,,,1,1
2020,40,400476,Oklahoma,2,2,0,0,0,5,5,17,CANADIAN (17),1540,EL RENO,17,17,10,October,2020,7,Saturday,1,1:00am-1:59am,37,37,1,This section IS ON the NHS,2,Urban,1,Interstate,1,State Highway Agency,1,Interstate,I-40,,0,None,35.52400000,35.52400000,-98.027197220,-98.027197220,0,No Special Jurisdiction,12,Motor Vehicle In-Transport,2,Front-to-Front,0,No,1,Non-Junction,1,Not an Intersection,0,None,,,1,On Roadway,2,Dark - Not Lighted,,,,,1,Clear,0,No,0000000,Not Applicable,1,1:00am-1:59am,43,43,1,1:00am-1:59am,57,57,2,2:00am-2:59am,16,16,,,,,,,4,1
2020,40,400477,Oklahoma,2,2,0,0,0,4,4,121,PITTSBURG (121),0,NOT APPLICABLE,22,22,10,October,2020,5,Thursday,13,1:00pm-1:59pm,53,53,0,This section IS NOT on the NHS,1,Rural,4,Minor Arterial,1,State Highway Agency,2,U.S. Highway,US-270,,93,93,34.89189722,34.89189722,-95.621997220,-95.621997220,0,No Special Jurisdiction,12,Motor Vehicle In-Transport,6,Angle,0,No,1,Non-Junction,1,Not an Intersection,0,None,,,1,On Roadway,1,Daylight,,,,,1,Clear,0,No,0000000,Not Applicable,13,1:00pm-1:59pm,54,54,14,2:00pm-2:59pm,5,5,14,2:00pm-2:59pm,58,58,,,,,,,1,0
2020,40,400478,Oklahoma,1,1,0,0,0,1,1,89,MCCURTAIN (89),0,NOT APPLICABLE,23,23,10,October,2020,6,Friday,4,4:00am-4:59am,10,10,0,This section IS NOT on the NHS,1,Rural,5,Major Collector,1,State Highway Agency,3,State Highway,SR-98,SR-3,127,127,34.10070000,34.10070000,-94.910300000,-94.910300000,0,No Special Jurisdiction,59,"Traffic Sign Support ",0,The First Harmful Event was Not a Collision with a Motor Vehicle in Transport,0,No,3,Intersection-Related,3,T-Intersection,0,None,,,4,On Roadside,2,Dark - Not Lighted,,,,,1,Clear,0,No,0000000,Not Applicable,99,Unknown,98,Unknown if Notified,99,Unknown EMS Scene Arrival Hour,98,Unknown if Arrived,88,"Not Applicable (Not Transported) ",88,Not Applicable (Not Transported),,,,,,,1,1
2020,40,400479,Oklahoma,5,5,0,0,0,7,7,143,TULSA (143),4780,TULSA,31,31,10,October,2020,7,Saturday,18,6:00pm-6:59pm,36,36,0,This section IS NOT on the NHS,2,Urban,4,Minor Arterial,4,City or Municipal Highway Agency,6,Local Street - Municipality,N UTICA AVE,E ADMIRAL PL,0,None,36.15959722,36.15959722,-95.967200000,-95.967200000,0,No Special Jurisdiction,12,Motor Vehicle In-Transport,1,Front-to-Rear,0,No,2,Intersection,2,Four-Way Intersection,0,None,,,1,On Roadway,3,Dark - Lighted,,,,,1,Clear,0,No,0000000,Not Applicable,18,6:00pm-6:59pm,37,37,18,6:00pm-6:59pm,39,39,18,6:00pm-6:59pm,59,59,,,,,,,1,0
2020,40,400480,Oklahoma,4,3,1,1,1,4,4,139,TEXAS (139),2010,GUYMON,22,22,8,August,2020,7,Saturday,15,3:00pm-3:59pm,20,20,0,This section IS NOT on the NHS,2,Urban,7,Local,4,City or Municipal Highway Agency,6,Local Street - Municipality,NW 13TH ST,,0,None,36.69070556,36.69070556,-101.489516670,-101.489516670,0,No Special Jurisdiction,12,Motor Vehicle In-Transport,6,Angle,0,No,1,Non-Junction,1,Not an Intersection,0,None,,,1,On Roadway,1,Daylight,,,,,1,Clear,0,No,0000000,Not Applicable,15,3:00pm-3:59pm,21,21,15,3:00pm-3:59pm,25,25,88,"Not Applicable (Not Transported) ",88,Not Applicable (Not Transported),,,,,,,1,0
2020,40,400481,Oklahoma,2,2,0,0,0,2,2,87,MCCLAIN (87),3378,NEW CASTLE,31,31,8,August,2020,2,Monday,20,8:00pm-8:59pm,16,16,0,This section IS NOT on the NHS,1,Rural,5,Major Collector,1,State Highway Agency,3,State Highway,SR-37,,0,None,35.29099444,35.29099444,-97.633808330,-97.633808330,0,No Special Jurisdiction,12,Motor Vehicle In-Transport,2,Front-to-Front,0,No,1,Non-Junction,1,Not an Intersection,0,None,,,1,On Roadway,2,Dark - Not Lighted,,,,,2,Rain,0,No,0000000,Not Applicable,20,8:00pm-8:59pm,16,16,20,8:00pm-8:59pm,26,26,21,9:00pm-9:59pm,5,5,,,,,,,1,0
2020,40,400482,Oklahoma,4,4,0,0,0,6,6,109,OKLAHOMA (109),3550,OKLAHOMA CITY,4,4,9,September,2020,6,Friday,10,10:00am-10:59am,56,56,0,This section IS NOT on the NHS,2,Urban,7,Local,4,City or Municipal Highway Agency,7,Local Street - Frontage Road,S I-35 SERVICE RD,SE 59TH ST,0,None,35.40621944,35.40621944,-97.493419440,-97.493419440,0,No Special Jurisdiction,12,Motor Vehicle In-Transport,6,Angle,0,No,2,Intersection,2,Four-Way Intersection,0,None,,,1,On Roadway,1,Daylight,,,,,1,Clear,0,No,0000000,Not Applicable,10,10:00am-10:59am,58,58,11,11:00am-11:59am,2,2,11,11:00am-11:59am,22,22,,,,,,,1,1
2020,40,400483,Oklahoma,1,1,0,1,1,1,1,109,OKLAHOMA (109),3550,OKLAHOMA CITY,4,4,9,September,2020,6,Friday,10,10:00am-10:59am,59,59,1,This section IS ON the NHS,2,Urban,1,Interstate,1,State Highway Agency,1,Interstate,I-35,,0,None,35.40660556,35.40660556,-97.493730560,-97.493730560,0,No Special Jurisdiction,8,Pedestrian,0,The First Harmful Event was Not a Collision with a Motor Vehicle in Transport,0,No,1,Non-Junction,1,Not an Intersection,0,None,,,1,On Roadway,1,Daylight,,,,,1,Clear,0,No,0000000,Not Applicable,99,Unknown,98,Unknown if Notified,99,Unknown EMS Scene Arrival Hour,98,Unknown if Arrived,88,"Not Applicable (Not Transported) ",88,Not Applicable (Not Transported),,,,,,,1,0
2020,40,400484,Oklahoma,1,1,0,0,0,1,1,81,LINCOLN (81),4530,STROUD,13,13,9,September,2020,1,Sunday,11,11:00am-11:59am,58,58,0,This section IS NOT on the NHS,1,Rural,4,Minor Arterial,1,State Highway Agency,3,State Highway,SR-99,,0,None,35.76373333,35.76373333,-96.662544440,-96.662544440,0,No Special Jurisdiction,1,Rollover/Overturn,0,The First Harmful Event was Not a Collision with a Motor Vehicle in Transport,0,No,1,Non-Junction,1,Not an Intersection,0,None,,,6,Off Roadway-Location Unknown,1,Daylight,,,,,1,Clear,0,No,0000000,Not Applicable,12,12:00pm-12:59pm,36,36,12,12:00pm-12:59pm,50,50,13,1:00pm-1:59pm,23,23,,,,,,,1,0
2020,40,400485,Oklahoma,2,2,0,0,0,5,5,27,CLEVELAND (27),3220,MOORE,13,13,9,September,2020,1,Sunday,21,9:00pm-9:59pm,41,41,0,This section IS NOT on the NHS,2,Urban,3,Principal Arterial - Other,4,City or Municipal Highway Agency,6,Local Street - Municipality,SW 19TH ST,,0,None,35.31981389,35.31981389,-97.501330560,-97.501330560,0,No Special Jurisdiction,12,Motor Vehicle In-Transport,6,Angle,0,No,8,Driveway Access Related,1,Not an Intersection,0,None,,,1,On Roadway,3,Dark - Lighted,,,,,1,Clear,0,No,0000000,Not Applicable,21,9:00pm-9:59pm,43,43,21,9:00pm-9:59pm,50,50,22,10:00pm-10:59pm,10,10,,,,,,,1,1
2020,40,400486,Oklahoma,1,1,0,0,0,3,3,123,PONTOTOC (123),20,ADA,14,14,9,September,2020,2,Monday,9,9:00am-9:59am,44,44,0,This section IS NOT on the NHS,2,Urban,7,Local,2,County Highway Agency,4,County Road,CR-AHLOSO RD,,0,None,34.74296111,34.74296111,-96.645019440,-96.645019440,0,No Special Jurisdiction,42,Tree (Standing Only),0,The First Harmful Event was Not a Collision with a Motor Vehicle in Transport,0,No,1,Non-Junction,1,Not an Intersection,0,None,,,4,On Roadside,1,Daylight,,,,,10,Cloudy,0,No,0000000,Not Applicable,99,Unknown,98,Unknown if Notified,99,Unknown EMS Scene Arrival Hour,98,Unknown if Arrived,88,"Not Applicable (Not Transported) ",88,Not Applicable (Not Transported),,,,,,,3,0
2020,40,400487,Oklahoma,2,2,0,0,0,6,6,89,MCCURTAIN (89),2370,IDABEL,25,25,9,September,2020,6,Friday,23,11:00pm-11:59pm,17,17,1,This section IS ON the NHS,2,Urban,3,Principal Arterial - Other,1,State Highway Agency,2,U.S. Highway,US-70B,SW LEFLORE,0,None,33.88086389,33.88086389,-94.839480560,-94.839480560,0,No Special Jurisdiction,12,Motor Vehicle In-Transport,6,Angle,0,No,2,Intersection,3,T-Intersection,0,None,,,1,On Roadway,2,Dark - Not Lighted,,,,,5,"Fog, Smog, Smoke",0,No,0000000,Not Applicable,23,11:00pm-11:59pm,15,15,23,11:00pm-11:59pm,20,20,23,11:00pm-11:59pm,55,55,,,,,,,4,1
2020,40,400488,Oklahoma,2,2,0,0,0,2,2,143,TULSA (143),3630,OWASSO,20,20,10,October,2020,3,Tuesday,6,6:00am-6:59am,42,42,0,This section IS NOT on the NHS,2,Urban,4,Minor Arterial,4,City or Municipal Highway Agency,6,Local Street - Municipality,N 97TH E AVE,,0,None,36.06472500,36.06472500,-95.868527780,-95.868527780,0,No Special Jurisdiction,12,Motor Vehicle In-Transport,2,Front-to-Front,0,No,8,Driveway Access Related,1,Not an Intersection,0,None,,,1,On Roadway,2,Dark - Not Lighted,,,,,1,Clear,0,No,0000000,Not Applicable,99,Unknown,98,Unknown if Notified,99,Unknown EMS Scene Arrival Hour,98,Unknown if Arrived,88,"Not Applicable (Not Transported) ",88,Not Applicable (Not Transported),,,,,,,1,0
2020,40,400489,Oklahoma,2,2,0,0,0,4,4,81,LINCOLN (81),0,NOT APPLICABLE,26,26,10,October,2020,2,Monday,19,7:00pm-7:59pm,47,47,1,This section IS ON the NHS,1,Rural,3,Principal Arterial - Other,1,State Highway Agency,2,U.S. Highway,US-62,,0,None,35.48680000,35.48680000,-96.719597220,-96.719597220,0,No Special Jurisdiction,12,Motor Vehicle In-Transport,6,Angle,0,No,1,Non-Junction,1,Not an Intersection,0,None,,,1,On Roadway,2,Dark - Not Lighted,,,,,1,Clear,0,No,0000000,Not Applicable,19,7:00pm-7:59pm,42,42,20,8:00pm-8:59pm,16,16,21,9:00pm-9:59pm,25,25,,,,,,,1,1
2020,40,400490,Oklahoma,2,2,0,0,0,4,4,137,STEPHENS (137),3070,MARLOW,25,25,7,July,2020,7,Saturday,17,5:00pm-5:59pm,59,59,1,This section IS ON the NHS,1,Rural,3,Principal Arterial - Other,1,State Highway Agency,2,U.S. Highway,US-81,SR-7,0,None,34.59449444,34.59449444,-97.967005560,-97.967005560,0,No Special Jurisdiction,12,Motor Vehicle In-Transport,6,Angle,0,No,2,Intersection,2,Four-Way Intersection,0,None,,,1,On Roadway,1,Daylight,,,,,1,Clear,0,No,0000000,Not Applicable,18,6:00pm-6:59pm,2,2,18,6:00pm-6:59pm,21,21,18,6:00pm-6:59pm,35,35,,,,,,,1,0
2020,40,400491,Oklahoma,2,2,0,1,1,2,2,109,OKLAHOMA (109),4990,WARR ACRES,9,9,9,September,2020,4,Wednesday,21,9:00pm-9:59pm,32,32,0,This section IS NOT on the NHS,2,Urban,3,Principal Arterial - Other,4,City or Municipal Highway Agency,6,Local Street - Municipality,MACARTHUR BLVD,,0,None,35.51826667,35.51826667,-97.618925000,-97.618925000,0,No Special Jurisdiction,9,Pedalcyclist,0,The First Harmful Event was Not a Collision with a Motor Vehicle in Transport,0,No,1,Non-Junction,1,Not an Intersection,0,None,,,1,On Roadway,3,Dark - Lighted,,,,,2,Rain,0,No,0000000,Not Applicable,99,Unknown,98,Unknown if Notified,99,Unknown EMS Scene Arrival Hour,98,Unknown if Arrived,88,"Not Applicable (Not Transported) ",88,Not Applicable (Not Transported),,,,,,,1,0
2020,40,400492,Oklahoma,2,2,0,0,0,2,2,47,GARFIELD (47),5040,WAUKOMIS,25,25,9,September,2020,6,Friday,17,5:00pm-5:59pm,59,59,1,This section IS ON the NHS,1,Rural,3,Principal Arterial - Other,1,State Highway Agency,2,U.S. Highway,US-81,HAYWARD RD,0,None,36.28939167,36.28939167,-97.889927780,-97.889927780,0,No Special Jurisdiction,12,Motor Vehicle In-Transport,6,Angle,0,No,2,Intersection,2,Four-Way Intersection,0,None,,,1,On Roadway,1,Daylight,,,,,1,Clear,0,No,0000000,Not Applicable,18,6:00pm-6:59pm,3,3,18,6:00pm-6:59pm,37,37,19,7:00pm-7:59pm,24,24,,,,,,,1,0
2020,40,400493,Oklahoma,2,2,0,0,0,2,2,17,CANADIAN (17),5290,YUKON,3,3,10,October,2020,7,Saturday,10,10:00am-10:59am,32,32,0,This section IS NOT on the NHS,2,Urban,5,Major Collector,4,City or Municipal Highway Agency,6,Local Street - Municipality,NW 10TH ST,HOLLY AVE,0,None,35.47890000,35.47890000,-97.744891670,-97.744891670,0,No Special Jurisdiction,12,Motor Vehicle In-Transport,6,Angle,0,No,2,Intersection,3,T-Intersection,0,None,,,1,On Roadway,1,Daylight,,,,,1,Clear,0,No,0000000,Not Applicable,10,10:00am-10:59am,32,32,10,10:00am-10:59am,41,41,11,11:00am-11:59am,3,3,,,,,,,1,0
2020,40,400494,Oklahoma,1,1,0,1,1,0,0,27,CLEVELAND (27),3220,MOORE,14,14,10,October,2020,4,Wednesday,16,4:00pm-4:59pm,12,12,0,This section IS NOT on the NHS,2,Urban,4,Minor Arterial,4,City or Municipal Highway Agency,6,Local Street - Municipality,S TELEPHONE RD,SW 19TH ST,0,None,35.31980556,35.31980556,-97.494344440,-97.494344440,0,No Special Jurisdiction,8,Pedestrian,0,The First Harmful Event was Not a Collision with a Motor Vehicle in Transport,0,No,2,Intersection,2,Four-Way Intersection,0,None,,,1,On Roadway,1,Daylight,,,,,1,Clear,0,No,0000000,Not Applicable,16,4:00pm-4:59pm,15,15,16,4:00pm-4:59pm,22,22,88,"Not Applicable (Not Transported) ",88,Not Applicable (Not Transported),,,,,,,1,0
2020,40,400495,Oklahoma,1,1,0,1,1,2,2,67,JEFFERSON (67),5050,WAURIKA,21,21,10,October,2020,4,Wednesday,22,10:00pm-10:59pm,10,10,0,This section IS NOT on the NHS,1,Rural,7,Local,4,City or Municipal Highway Agency,6,Local Street - Municipality,E C AVE,,0,None,34.16600833,34.16600833,-97.995541670,-97.995541670,0,No Special Jurisdiction,8,Pedestrian,0,The First Harmful Event was Not a Collision with a Motor Vehicle in Transport,0,No,1,Non-Junction,1,Not an Intersection,0,None,,,1,On Roadway,2,Dark - Not Lighted,,,,,1,Clear,0,No,0000000,Not Applicable,22,10:00pm-10:59pm,14,14,22,10:00pm-10:59pm,19,19,22,10:00pm-10:59pm,39,39,,,,,,,1,0
2020,40,400496,Oklahoma,3,3,0,0,0,4,4,51,GRADY (51),4800,TUTTLE,30,30,10,October,2020,6,Friday,18,6:00pm-6:59pm,59,59,0,This section IS NOT on the NHS,1,Rural,5,Major Collector,1,State Highway Agency,3,State Highway,SR-37,CEMETERY RD,0,None,35.29087222,35.29087222,-97.759363890,-97.759363890,0,No Special Jurisdiction,12,Motor Vehicle In-Transport,6,Angle,0,No,2,Intersection,2,Four-Way Intersection,0,None,,,1,On Roadway,5,Dusk,,,,,1,Clear,0,No,0000000,Not Applicable,18,6:00pm-6:59pm,0,0,18,6:00pm-6:59pm,3,3,18,6:00pm-6:59pm,33,33,,,,,,,1,0
2020,40,400498,Oklahoma,2,2,0,0,0,2,2,43,DEWEY (43),0,NOT APPLICABLE,22,22,10,October,2020,5,Thursday,17,5:00pm-5:59pm,24,24,1,This section IS ON the NHS,1,Rural,3,Principal Arterial - Other,1,State Highway Agency,2,U.S. Highway,US-183,,201,201,36.09539722,36.09539722,-98.954400000,-98.954400000,0,No Special Jurisdiction,12,Motor Vehicle In-Transport,6,Angle,0,No,1,Non-Junction,1,Not an Intersection,0,None,,,1,On Roadway,1,Daylight,,,,,1,Clear,0,No,0000000,Not Applicable,17,5:00pm-5:59pm,27,27,18,6:00pm-6:59pm,7,7,19,7:00pm-7:59pm,26,26,,,,,,,1,0
2020,40,400499,Oklahoma,2,2,0,0,0,2,2,143,TULSA (143),4780,TULSA,11,11,11,November,2020,4,Wednesday,13,1:00pm-1:59pm,40,40,0,This section IS NOT on the NHS,2,Urban,7,Local,4,City or Municipal Highway Agency,6,Local Street - Municipality,E PORT RD,N 74TH E AVE,0,None,36.20850000,36.20850000,-95.894900000,-95.894900000,0,No Special Jurisdiction,12,Motor Vehicle In-Transport,6,Angle,0,No,2,Intersection,3,T-Intersection,0,None,,,1,On Roadway,1,Daylight,,,,,1,Clear,0,No,0000000,Not Applicable,99,Unknown,98,Unknown if Notified,99,Unknown EMS Scene Arrival Hour,98,Unknown if Arrived,88,"Not Applicable (Not Transported) ",88,Not Applicable (Not Transported),,,,,,,1,0
2020,40,400500,Oklahoma,3,3,0,0,0,4,4,7,BEAVER (7),0,NOT APPLICABLE,24,24,11,November,2020,3,Tuesday,18,6:00pm-6:59pm,33,33,0,This section IS NOT on the NHS,1,Rural,4,Minor Arterial,1,State Highway Agency,2,U.S. Highway,US-83,,17,17,36.52439722,36.52439722,-100.810297220,-100.810297220,0,No Special Jurisdiction,12,Motor Vehicle In-Transport,8,Sideswipe - Opposite Direction,0,No,1,Non-Junction,1,Not an Intersection,0,None,,,1,On Roadway,2,Dark - Not Lighted,,,,,98,Not Reported,0,No,0000000,Not Applicable,99,Unknown,99,Unknown,99,Unknown EMS Scene Arrival Hour,99,Unknown EMS Scene Arrival Minutes,99,Unknown,99,Unknown EMS Hospital Arrival Time,,,,,,,1,0
2020,40,400501,Oklahoma,1,1,0,1,1,1,1,109,OKLAHOMA (109),3550,OKLAHOMA CITY,7,7,12,December,2020,2,Monday,1,1:00am-1:59am,55,55,1,This section IS ON the NHS,2,Urban,3,Principal Arterial - Other,1,State Highway Agency,3,State Highway,SR-3,,0,None,35.52519722,35.52519722,-97.559797220,-97.559797220,0,No Special Jurisdiction,8,Pedestrian,0,The First Harmful Event was Not a Collision with a Motor Vehicle in Transport,0,No,1,Non-Junction,1,Not an Intersection,0,None,,,1,On Roadway,3,Dark - Lighted,,,,,1,Clear,0,No,0000000,Not Applicable,99,Unknown,98,Unknown if Notified,99,Unknown EMS Scene Arrival Hour,98,Unknown if Arrived,88,"Not Applicable (Not Transported) ",88,Not Applicable (Not Transported),,,,,,,1,1
2020,40,400502,Oklahoma,1,1,0,1,1,1,1,109,OKLAHOMA (109),3550,OKLAHOMA CITY,19,19,10,October,2020,2,Monday,19,7:00pm-7:59pm,55,55,1,This section IS ON the NHS,2,Urban,1,Interstate,1,State Highway Agency,1,Interstate,I-240 OFF-RAMP,,0,None,35.39099722,35.39099722,-97.462597220,-97.462597220,0,No Special Jurisdiction,8,Pedestrian,0,The First Harmful Event was Not a Collision with a Motor Vehicle in Transport,1,Yes,20,Entrance/Exit Ramp,1,Not an Intersection,0,None,,,1,On Roadway,2,Dark - Not Lighted,,,,,1,Clear,0,No,0000000,Not Applicable,99,Unknown,99,Unknown,99,Unknown EMS Scene Arrival Hour,99,Unknown EMS Scene Arrival Minutes,99,Unknown,99,Unknown EMS Hospital Arrival Time,,,,,,,1,0
2020,40,400503,Oklahoma,2,2,0,0,0,2,2,95,MARSHALL (95),0,NOT APPLICABLE,16,16,11,November,2020,2,Monday,21,9:00pm-9:59pm,55,55,0,This section IS NOT on the NHS,1,Rural,5,Major Collector,1,State Highway Agency,3,State Highway,SR-32,,99,99,33.99839722,33.99839722,-96.772900000,-96.772900000,0,No Special Jurisdiction,12,Motor Vehicle In-Transport,2,Front-to-Front,0,No,1,Non-Junction,1,Not an Intersection,0,None,,,1,On Roadway,2,Dark - Not Lighted,,,,,1,Clear,0,No,0000000,Not Applicable,22,10:00pm-10:59pm,3,3,22,10:00pm-10:59pm,34,34,23,11:00pm-11:59pm,26,26,,,,,,,1,0
2020,40,400504,Oklahoma,1,1,0,0,0,1,1,125,POTTAWATOMIE (125),0,NOT APPLICABLE,19,19,11,November,2020,5,Thursday,3,3:00am-3:59am,42,42,0,This section IS NOT on the NHS,1,Rural,7,Local,2,County Highway Agency,4,County Road,CR-WESTECH RD,,0,None,35.39079722,35.39079722,-96.898497220,-96.898497220,0,No Special Jurisdiction,32,Culvert,0,The First Harmful Event was Not a Collision with a Motor Vehicle in Transport,0,No,1,Non-Junction,1,Not an Intersection,0,None,,,4,On Roadside,2,Dark - Not Lighted,,,,,1,Clear,0,No,0000000,Not Applicable,99,Unknown,98,Unknown if Notified,99,Unknown EMS Scene Arrival Hour,98,Unknown if Arrived,88,"Not Applicable (Not Transported) ",88,Not Applicable (Not Transported),,,,,,,1,1