caseyear,state,st_case,statename,ve_total,ve_forms,pvh_invl,peds,pernotmvit,permvit,persons,county,countyname,city,cityname,day,dayname,month,monthname,year,day_week,day_weekname,hour,hourname,minute,minutename,nhs,nhsname,rur_urb,rur_urbname,func_sys,func_sysname,rd_owner,rd_ownername,route,routename,tway_id,tway_id2,milept,mileptname,latitude,latitudename,longitud,longitudname,sp_jur,sp_jurname,harm_ev,harm_evname,man_coll,man_collname,reljct1,reljct1name,reljct2,reljct2name,typ_int,typ_intname,wrk_zone,wrk_zonename,road_fnc,road_fncname,rel_road,rel_roadname,lgt_cond,lgt_condname,weather1,weather1name,weather2,weather2name,weather,weathername,sch_bus,sch_busname,rail,railname,not_hour,not_hourname,not_min,not_minname,arr_hour,arr_hourname,arr_min,arr_minname,hosp_hr,hosp_hrname,hosp_mn,hosp_mnname,cf1,cf1name,cf2,cf2name,cf3,cf3name,fatals,drunk_dr
2020,40,400541,Oklahoma,2,2,0,0,0,2,2,97,MAYES (97),0,NOT APPLICABLE,23,23,11,November,2020,2,Monday,15,3:00pm-3:59pm,28,28,0,This section IS NOT on the NHS,1,Rural,5,Major Collector,1,State Highway Agency,3,State Highway,SR-82,,17,17,36.50639722,36.50639722,-95.059600000,-95.059600000,0,No Special Jurisdiction,12,Motor Vehicle In-Transport,1,Front-to-Rear,0,No,1,Non-Junction,1,Not an Intersection,0,None,,,1,On Roadway,1,Daylight,,,,,10,Cloudy,0,No,0000000,Not Applicable,99,Unknown,98,Unknown if Notified,99,Unknown EMS Scene Arrival Hour,98,Unknown if Arrived,88,"Not Applicable (Not Transported) ",88,Not Applicable (Not Transported),,,,,,,1,1
2020,40,400542,Oklahoma,2,2,0,0,0,3,3,125,POTTAWATOMIE (125),0,NOT APPLICABLE,23,23,11,November,2020,2,Monday,16,4:00pm-4:59pm,41,41,0,This section IS NOT on the NHS,1,Rural,7,Local,2,County Highway Agency,4,County Road,CR-LITTLE RIVER RD,,0,None,35.13210000,35.13210000,-96.985697220,-96.985697220,0,No Special Jurisdiction,12,Motor Vehicle In-Transport,6,Angle,0,No,8,Driveway Access Related,1,Not an Intersection,0,None,,,1,On Roadway,1,Daylight,,,,,1,Clear,0,No,0000000,Not Applicable,16,4:00pm-4:59pm,29,29,16,4:00pm-4:59pm,42,42,17,5:00pm-5:59pm,16,16,,,,,,,1,0
2020,40,400543,Oklahoma,2,2,0,0,0,5,5,133,SEMINOLE (133),0,NOT APPLICABLE,24,24,11,November,2020,3,Tuesday,19,7:00pm-7:59pm,45,45,0,This section IS NOT on the NHS,1,Rural,4,Minor Arterial,1,State Highway Agency,2,U.S. Highway,US-270,CR-EW270,86,86,35.17569722,35.17569722,-96.582597220,-96.582597220,0,No Special Jurisdiction,12,Motor Vehicle In-Transport,1,Front-to-Rear,0,No,2,Intersection,2,Four-Way Intersection,0,None,,,1,On Roadway,2,Dark - Not Lighted,,,,,2,Rain,0,No,0000000,Not Applicable,99,Unknown,99,Unknown,99,Unknown EMS Scene Arrival Hour,99,Unknown EMS Scene Arrival Minutes,99,Unknown,99,Unknown EMS Hospital Arrival Time,,,,,,,1,0
2020,40,400544,Oklahoma,2,2,0,0,0,4,4,51,GRADY (51),960,CHICKASHA,25,25,11,November,2020,4,Wednesday,21,9:00pm-9:59pm,48,48,1,This section IS ON the NHS,2,Urban,1,Interstate,1,State Highway Agency,1,Interstate,I-44,,0,None,35.04240000,35.04240000,-97.910797220,-97.910797220,0,No Special Jurisdiction,12,Motor Vehicle In-Transport,1,Front-to-Rear,0,No,1,Non-Junction,1,Not an Intersection,0,None,,,1,On Roadway,2,Dark - Not Lighted,,,,,1,Clear,0,No,0000000,Not Applicable,21,9:00pm-9:59pm,50,50,21,9:00pm-9:59pm,56,56,22,10:00pm-10:59pm,20,20,,,,,,,1,0
2020,40,400545,Oklahoma,1,1,0,0,0,1,1,127,PUSHMATAHA (127),0,NOT APPLICABLE,27,27,11,November,2020,6,Friday,21,9:00pm-9:59pm,0,0,0,This section IS NOT on the NHS,1,Rural,7,Local,2,County Highway Agency,4,County Road,CR-E1960,,0,None,34.17130000,34.17130000,-95.182597220,-95.182597220,0,No Special Jurisdiction,1,Rollover/Overturn,0,The First Harmful Event was Not a Collision with a Motor Vehicle in Transport,0,No,1,Non-Junction,1,Not an Intersection,0,None,,,1,On Roadway,2,Dark - Not Lighted,,,,,10,Cloudy,0,No,0000000,Not Applicable,20,8:00pm-8:59pm,56,56,21,9:00pm-9:59pm,25,25,88,"Not Applicable (Not Transported) ",88,Not Applicable (Not Transported),,,,,,,1,0
2020,40,400547,Oklahoma,1,1,0,0,0,1,1,3,ALFALFA (3),0,NOT APPLICABLE,2,2,12,December,2020,4,Wednesday,0,0:00am-0:59am,20,20,0,This section IS NOT on the NHS,1,Rural,7,Local,2,County Highway Agency,4,County Road,CR-BRYAN RD,,0,None,36.49219722,36.49219722,-98.154897220,-98.154897220,0,No Special Jurisdiction,1,Rollover/Overturn,0,The First Harmful Event was Not a Collision with a Motor Vehicle in Transport,0,No,1,Non-Junction,1,Not an Intersection,0,None,,,1,On Roadway,2,Dark - Not Lighted,,,,,10,Cloudy,0,No,0000000,Not Applicable,0,0:00am-0:59am,29,29,0,0:00am-0:59am,49,49,88,"Not Applicable (Not Transported) ",88,Not Applicable (Not Transported),,,,,,,1,0
2020,40,400548,Oklahoma,2,2,0,0,0,3,3,83,LOGAN (83),0,NOT APPLICABLE,2,2,12,December,2020,4,Wednesday,6,6:00am-6:59am,51,51,0,This section IS NOT on the NHS,1,Rural,5,Major Collector,1,State Highway Agency,3,State Highway,SR-74,,103,103,36.01720000,36.01720000,-97.586397220,-97.586397220,0,No Special Jurisdiction,12,Motor Vehicle In-Transport,2,Front-to-Front,0,No,1,Non-Junction,1,Not an Intersection,0,None,,,1,On Roadway,4,Dawn,,,,,10,Cloudy,0,No,0000000,Not Applicable,6,6:00am-6:59am,52,52,7,7:00am-7:59am,16,16,7,7:00am-7:59am,57,57,,,,,,,1,0
2020,40,400549,Oklahoma,2,2,0,0,0,4,4,143,TULSA (143),0,NOT APPLICABLE,2,2,12,December,2020,4,Wednesday,9,9:00am-9:59am,19,19,0,This section IS NOT on the NHS,1,Rural,7,Local,2,County Highway Agency,4,County Road,CR-E 181ST ST S,,0,None,35.90109722,35.90109722,-95.930997220,-95.930997220,0,No Special Jurisdiction,12,Motor Vehicle In-Transport,6,Angle,0,No,1,Non-Junction,1,Not an Intersection,0,None,,,1,On Roadway,1,Daylight,,,,,2,Rain,0,No,0000000,Not Applicable,9,9:00am-9:59am,39,39,9,9:00am-9:59am,41,41,10,10:00am-10:59am,20,20,,,,,,,1,0
2020,40,400550,Oklahoma,2,2,0,0,0,2,2,83,LOGAN (83),2000,GUTHRIE,2,2,12,December,2020,4,Wednesday,15,3:00pm-3:59pm,49,49,0,This section IS NOT on the NHS,2,Urban,4,Minor Arterial,4,City or Municipal Highway Agency,6,Local Street - Municipality,E PERKINS RD,S ASH ST,0,None,35.87389722,35.87389722,-97.421497220,-97.421497220,0,No Special Jurisdiction,12,Motor Vehicle In-Transport,2,Front-to-Front,0,No,3,Intersection-Related,2,Four-Way Intersection,0,None,,,1,On Roadway,1,Daylight,,,,,2,Rain,0,No,0000000,Not Applicable,15,3:00pm-3:59pm,43,43,15,3:00pm-3:59pm,44,44,99,Unknown,99,Unknown EMS Hospital Arrival Time,,,,,,,1,0
2020,40,400551,Oklahoma,1,1,0,0,0,1,1,109,OKLAHOMA (109),3550,OKLAHOMA CITY,3,3,12,December,2020,5,Thursday,3,3:00am-3:59am,40,40,1,This section IS ON the NHS,2,Urban,1,Interstate,1,State Highway Agency,1,Interstate,I-40,,0,None,35.46150000,35.46150000,-97.556600000,-97.556600000,0,No Special Jurisdiction,25,Concrete Traffic Barrier,0,The First Harmful Event was Not a Collision with a Motor Vehicle in Transport,0,No,1,Non-Junction,1,Not an Intersection,0,None,,,3,On Median,3,Dark - Lighted,,,,,2,Rain,0,No,0000000,Not Applicable,99,Unknown,98,Unknown if Notified,99,Unknown EMS Scene Arrival Hour,98,Unknown if Arrived,88,"Not Applicable (Not Transported) ",88,Not Applicable (Not Transported),,,,,,,1,1
2020,40,400552,Oklahoma,2,2,0,0,0,4,4,69,JOHNSTON (69),0,NOT APPLICABLE,4,4,12,December,2020,6,Friday,7,7:00am-7:59am,45,45,0,This section IS NOT on the NHS,1,Rural,5,Major Collector,1,State Highway Agency,3,State Highway,SR-1,,165,165,34.35710000,34.35710000,-96.804297220,-96.804297220,0,No Special Jurisdiction,12,Motor Vehicle In-Transport,2,Front-to-Front,0,No,1,Non-Junction,1,Not an Intersection,0,None,,,1,On Roadway,4,Dawn,,,,,5,"Fog, Smog, Smoke",0,No,0000000,Not Applicable,7,7:00am-7:59am,43,43,8,8:00am-8:59am,17,17,9,9:00am-9:59am,18,18,,,,,,,1,0
2020,40,400553,Oklahoma,1,1,0,0,0,1,1,127,PUSHMATAHA (127),0,NOT APPLICABLE,5,5,12,December,2020,7,Saturday,15,3:00pm-3:59pm,48,48,0,This section IS NOT on the NHS,1,Rural,7,Local,2,County Highway Agency,4,County Road,CR-4235,,0,None,34.63739722,34.63739722,-95.486800000,-95.486800000,0,No Special Jurisdiction,42,Tree (Standing Only),0,The First Harmful Event was Not a Collision with a Motor Vehicle in Transport,0,No,1,Non-Junction,1,Not an Intersection,0,None,,,4,On Roadside,1,Daylight,,,,,1,Clear,0,No,0000000,Not Applicable,99,Unknown,98,Unknown if Notified,99,Unknown EMS Scene Arrival Hour,98,Unknown if Arrived,88,"Not Applicable (Not Transported) ",88,Not Applicable (Not Transported),,,,,,,1,0
2020,40,400554,Oklahoma,2,2,0,0,0,4,4,115,OTTAWA (115),0,NOT APPLICABLE,7,7,12,December,2020,2,Monday,7,7:00am-7:59am,48,48,0,This section IS NOT on the NHS,1,Rural,5,Major Collector,1,State Highway Agency,3,State Highway,SR-10,,17,17,36.82759722,36.82759722,-94.698197220,-94.698197220,0,No Special Jurisdiction,12,Motor Vehicle In-Transport,6,Angle,0,No,1,Non-Junction,1,Not an Intersection,0,None,,,1,On Roadway,1,Daylight,,,,,1,Clear,0,No,0000000,Not Applicable,7,7:00am-7:59am,49,49,7,7:00am-7:59am,54,54,8,8:00am-8:59am,41,41,,,,,,,1,0
2020,40,400555,Oklahoma,2,2,0,0,0,2,2,143,TULSA (143),4780,TULSA,8,8,12,December,2020,3,Tuesday,15,3:00pm-3:59pm,17,17,1,This section IS ON the NHS,2,Urban,1,Interstate,1,State Highway Agency,1,Interstate,I-244,,0,None,36.15939722,36.15939722,-95.975097220,-95.975097220,0,No Special Jurisdiction,20,Impact Attenuator/Crash Cushion,0,The First Harmful Event was Not a Collision with a Motor Vehicle in Transport,0,No,1,Non-Junction,1,Not an Intersection,0,None,,,8,Gore,1,Daylight,,,,,1,Clear,0,No,0000000,Not Applicable,99,Unknown,98,Unknown if Notified,99,Unknown EMS Scene Arrival Hour,98,Unknown if Arrived,88,"Not Applicable (Not Transported) ",88,Not Applicable (Not Transported),,,,,,,1,0
2020,40,400556,Oklahoma,1,1,0,1,1,2,2,143,TULSA (143),4780,TULSA,10,10,12,December,2020,5,Thursday,8,8:00am-8:59am,26,26,1,This section IS ON the NHS,2,Urban,1,Interstate,1,State Highway Agency,1,Interstate,I-44,,0,None,36.08239722,36.08239722,-96.045797220,-96.045797220,0,No Special Jurisdiction,8,Pedestrian,0,The First Harmful Event was Not a Collision with a Motor Vehicle in Transport,0,No,1,Non-Junction,1,Not an Intersection,0,None,,,1,On Roadway,1,Daylight,,,,,10,Cloudy,0,No,0000000,Not Applicable,99,Unknown,98,Unknown if Notified,99,Unknown EMS Scene Arrival Hour,98,Unknown if Arrived,88,"Not Applicable (Not Transported) ",88,Not Applicable (Not Transported),,,,,,,1,0
2020,40,400557,Oklahoma,2,2,0,0,0,5,5,19,CARTER (19),0,NOT APPLICABLE,10,10,12,December,2020,5,Thursday,18,6:00pm-6:59pm,21,21,0,This section IS NOT on the NHS,1,Rural,5,Major Collector,1,State Highway Agency,3,State Highway,SR-53,,35,35,34.30340000,34.30340000,-97.097597220,-97.097597220,0,No Special Jurisdiction,12,Motor Vehicle In-Transport,2,Front-to-Front,0,No,1,Non-Junction,1,Not an Intersection,0,None,,,1,On Roadway,2,Dark - Not Lighted,,,,,1,Clear,0,No,0000000,Not Applicable,18,6:00pm-6:59pm,22,22,18,6:00pm-6:59pm,57,57,19,7:00pm-7:59pm,52,52,,,,,,,2,0
2020,40,400558,Oklahoma,1,1,0,0,0,1,1,123,PONTOTOC (123),0,NOT APPLICABLE,13,13,12,December,2020,1,Sunday,7,7:00am-7:59am,53,53,0,This section IS NOT on the NHS,1,Rural,7,Local,2,County Highway Agency,4,County Road,CR-1500,,0,None,34.84029722,34.84029722,-96.858097220,-96.858097220,0,No Special Jurisdiction,42,Tree (Standing Only),0,The First Harmful Event was Not a Collision with a Motor Vehicle in Transport,0,No,1,Non-Junction,1,Not an Intersection,0,None,,,4,On Roadside,1,Daylight,,,,,2,Rain,0,No,0000000,Not Applicable,7,7:00am-7:59am,50,50,8,8:00am-8:59am,5,5,88,"Not Applicable (Not Transported) ",88,Not Applicable (Not Transported),,,,,,,1,1
2020,40,400559,Oklahoma,1,1,0,0,0,1,1,21,CHEROKEE (21),0,NOT APPLICABLE,13,13,12,December,2020,1,Sunday,11,11:00am-11:59am,46,46,0,This section IS NOT on the NHS,1,Rural,7,Local,2,County Highway Agency,4,County Road,CR-WELLING,,0,None,35.91109444,35.91109444,-94.909494440,-94.909494440,0,No Special Jurisdiction,42,Tree (Standing Only),0,The First Harmful Event was Not a Collision with a Motor Vehicle in Transport,0,No,1,Non-Junction,1,Not an Intersection,0,None,,,4,On Roadside,1,Daylight,,,,,4,Snow,0,No,0000000,Not Applicable,11,11:00am-11:59am,30,30,11,11:00am-11:59am,39,39,12,12:00pm-12:59pm,42,42,,,,,,,1,0
2020,40,400560,Oklahoma,2,2,0,0,0,2,2,85,LOVE (85),0,NOT APPLICABLE,16,16,12,December,2020,4,Wednesday,3,3:00am-3:59am,22,22,1,This section IS ON the NHS,1,Rural,1,Interstate,1,State Highway Agency,1,Interstate,I-35,,0,None,34.01279722,34.01279722,-97.143797220,-97.143797220,0,No Special Jurisdiction,12,Motor Vehicle In-Transport,6,Angle,0,No,1,Non-Junction,1,Not an Intersection,0,None,,,1,On Roadway,2,Dark - Not Lighted,,,,,1,Clear,0,No,0000000,Not Applicable,3,3:00am-3:59am,19,19,3,3:00am-3:59am,30,30,88,"Not Applicable (Not Transported) ",88,Not Applicable (Not Transported),,,,,,,1,0
2020,40,400561,Oklahoma,1,1,0,0,0,3,3,143,TULSA (143),0,NOT APPLICABLE,17,17,12,December,2020,5,Thursday,12,12:00pm-12:59pm,5,5,0,This section IS NOT on the NHS,2,Urban,3,Principal Arterial - Other,1,State Highway Agency,2,U.S. Highway,US-64,,0,None,36.15240000,36.15240000,-96.063800000,-96.063800000,0,No Special Jurisdiction,1,Rollover/Overturn,0,The First Harmful Event was Not a Collision with a Motor Vehicle in Transport,0,No,1,Non-Junction,1,Not an Intersection,0,None,,,4,On Roadside,1,Daylight,,,,,1,Clear,0,No,0000000,Not Applicable,99,Unknown,98,Unknown if Notified,99,Unknown EMS Scene Arrival Hour,98,Unknown if Arrived,88,"Not Applicable (Not Transported) ",88,Not Applicable (Not Transported),,,,,,,1,1
2020,40,400562,Oklahoma,1,1,0,0,0,2,2,97,MAYES (97),0,NOT APPLICABLE,18,18,12,December,2020,6,Friday,23,11:00pm-11:59pm,54,54,0,This section IS NOT on the NHS,1,Rural,5,Major Collector,1,State Highway Agency,3,State Highway,SR-20,,160,160,36.40749722,36.40749722,-95.019800000,-95.019800000,0,No Special Jurisdiction,42,Tree (Standing Only),0,The First Harmful Event was Not a Collision with a Motor Vehicle in Transport,0,No,1,Non-Junction,1,Not an Intersection,0,None,,,4,On Roadside,2,Dark - Not Lighted,,,,,1,Clear,0,No,0000000,Not Applicable,23,11:00pm-11:59pm,52,52,0,0:00am-0:59am,19,19,99,Unknown,99,Unknown EMS Hospital Arrival Time,,,,,,,1,1
2020,40,400563,Oklahoma,2,2,0,0,0,5,5,19,CARTER (19),210,ARDMORE,19,19,12,December,2020,7,Saturday,20,8:00pm-8:59pm,59,59,1,This section IS ON the NHS,2,Urban,1,Interstate,1,State Highway Agency,1,Interstate,I-35,,0,None,34.21450000,34.21450000,-97.163797220,-97.163797220,0,No Special Jurisdiction,12,Motor Vehicle In-Transport,1,Front-to-Rear,0,No,1,Non-Junction,1,Not an Intersection,0,None,,,1,On Roadway,2,Dark - Not Lighted,,,,,1,Clear,0,No,0000000,Not Applicable,20,8:00pm-8:59pm,56,56,21,9:00pm-9:59pm,5,5,22,10:00pm-10:59pm,3,3,,,,,,,2,0
2020,40,400564,Oklahoma,1,1,0,0,0,1,1,143,TULSA (143),4780,TULSA,17,17,12,December,2020,5,Thursday,23,11:00pm-11:59pm,21,21,1,This section IS ON the NHS,2,Urban,1,Interstate,1,State Highway Agency,1,Interstate,I-44,,0,None,36.16149722,36.16149722,-95.827100000,-95.827100000,0,No Special Jurisdiction,25,Concrete Traffic Barrier,0,The First Harmful Event was Not a Collision with a Motor Vehicle in Transport,0,No,1,Non-Junction,1,Not an Intersection,0,None,,,4,On Roadside,3,Dark - Lighted,,,,,1,Clear,0,No,0000000,Not Applicable,99,Unknown,98,Unknown if Notified,99,Unknown EMS Scene Arrival Hour,98,Unknown if Arrived,88,"Not Applicable (Not Transported) ",88,Not Applicable (Not Transported),,,,,,,1,1
2020,40,400565,Oklahoma,1,1,0,0,0,2,2,109,OKLAHOMA (109),3550,OKLAHOMA CITY,10,10,12,December,2020,5,Thursday,22,10:00pm-10:59pm,50,50,0,This section IS NOT on the NHS,2,Urban,7,Local,4,City or Municipal Highway Agency,6,Local Street - Municipality,N PORTLAND AVE,,0,None,35.54410000,35.54410000,-97.583397220,-97.583397220,0,No Special Jurisdiction,43,Other Fixed Object,0,The First Harmful Event was Not a Collision with a Motor Vehicle in Transport,0,No,1,Non-Junction,1,Not an Intersection,0,None,,,4,On Roadside,3,Dark - Lighted,,,,,10,Cloudy,0,No,0000000,Not Applicable,22,10:00pm-10:59pm,50,50,22,10:00pm-10:59pm,55,55,23,11:00pm-11:59pm,30,30,,,,,,,1,1
2020,40,400566,Oklahoma,2,2,0,0,0,3,3,101,MUSKOGEE (101),3310,MUSKOGEE,9,9,12,December,2020,4,Wednesday,8,8:00am-8:59am,18,18,0,This section IS NOT on the NHS,2,Urban,3,Principal Arterial - Other,1,State Highway Agency,3,State Highway,SR-165,QUEENS RD,0,None,35.71123056,35.71123056,-95.362133330,-95.362133330,0,No Special Jurisdiction,12,Motor Vehicle In-Transport,6,Angle,0,No,2,Intersection,2,Four-Way Intersection,0,None,,,1,On Roadway,1,Daylight,,,,,1,Clear,0,No,0000000,Not Applicable,8,8:00am-8:59am,20,20,8,8:00am-8:59am,28,28,8,8:00am-8:59am,56,56,,,,,,,1,0
2020,40,400567,Oklahoma,2,2,0,0,0,2,2,71,KAY (71),3800,PONCA CITY,19,19,12,December,2020,7,Saturday,17,5:00pm-5:59pm,23,23,1,This section IS ON the NHS,2,Urban,3,Principal Arterial - Other,1,State Highway Agency,2,U.S. Highway,US-77,OKLAHOMA AVE,0,None,36.70116111,36.70116111,-97.067313890,-97.067313890,0,No Special Jurisdiction,12,Motor Vehicle In-Transport,6,Angle,0,No,2,Intersection,2,Four-Way Intersection,0,None,,,1,On Roadway,5,Dusk,,,,,1,Clear,0,No,0000000,Not Applicable,17,5:00pm-5:59pm,21,21,17,5:00pm-5:59pm,29,29,17,5:00pm-5:59pm,43,43,,,,,,,1,0
2020,40,400568,Oklahoma,2,2,0,0,0,2,2,113,OSAGE (113),4330,SKIATOOK,25,25,4,April,2020,7,Saturday,17,5:00pm-5:59pm,13,13,0,This section IS NOT on the NHS,2,Urban,5,Major Collector,1,State Highway Agency,3,State Highway,SR-20,N 52ND W AVE,0,None,36.36864444,36.36864444,-96.049241670,-96.049241670,0,No Special Jurisdiction,12,Motor Vehicle In-Transport,6,Angle,0,No,2,Intersection,2,Four-Way Intersection,0,None,,,1,On Roadway,1,Daylight,,,,,1,Clear,0,No,0000000,Not Applicable,99,Unknown,98,Unknown if Notified,99,Unknown EMS Scene Arrival Hour,98,Unknown if Arrived,88,"Not Applicable (Not Transported) ",88,Not Applicable (Not Transported),,,,,,,1,1
2020,40,400569,Oklahoma,1,1,0,0,0,1,1,137,STEPHENS (137),1420,DUNCAN,5,5,7,July,2020,1,Sunday,14,2:00pm-2:59pm,27,27,1,This section IS ON the NHS,2,Urban,3,Principal Arterial - Other,1,State Highway Agency,2,U.S. Highway,US-81,,0,None,34.49250833,34.49250833,-97.969105560,-97.969105560,0,No Special Jurisdiction,42,Tree (Standing Only),0,The First Harmful Event was Not a Collision with a Motor Vehicle in Transport,0,No,1,Non-Junction,1,Not an Intersection,0,None,,,6,Off Roadway-Location Unknown,1,Daylight,,,,,1,Clear,0,No,0000000,Not Applicable,14,2:00pm-2:59pm,39,39,14,2:00pm-2:59pm,46,46,15,3:00pm-3:59pm,8,8,,,,,,,1,0
2020,40,400570,Oklahoma,1,1,0,1,1,5,5,85,LOVE (85),3050,MARIETTA,14,14,7,July,2020,3,Tuesday,21,9:00pm-9:59pm,25,25,0,This section IS NOT on the NHS,1,Rural,5,Major Collector,1,State Highway Agency,2,U.S. Highway,US-77,,0,None,33.93665000,33.93665000,-97.126305560,-97.126305560,0,No Special Jurisdiction,8,Pedestrian,0,The First Harmful Event was Not a Collision with a Motor Vehicle in Transport,0,No,1,Non-Junction,1,Not an Intersection,0,None,,,1,On Roadway,3,Dark - Lighted,,,,,1,Clear,0,No,0000000,Not Applicable,21,9:00pm-9:59pm,31,31,21,9:00pm-9:59pm,32,32,21,9:00pm-9:59pm,37,37,,,,,,,1,0
2020,40,400571,Oklahoma,1,1,0,0,0,1,1,109,OKLAHOMA (109),3170,MIDWEST CITY,23,23,8,August,2020,1,Sunday,13,1:00pm-1:59pm,56,56,0,This section IS NOT on the NHS,2,Urban,4,Minor Arterial,4,City or Municipal Highway Agency,6,Local Street - Municipality,S MIDWEST BLVD,,0,None,35.45049722,35.45049722,-97.388447220,-97.388447220,0,No Special Jurisdiction,33,Curb,0,The First Harmful Event was Not a Collision with a Motor Vehicle in Transport,0,No,1,Non-Junction,1,Not an Intersection,0,None,,,4,On Roadside,1,Daylight,,,,,1,Clear,0,No,0000000,Not Applicable,13,1:00pm-1:59pm,59,59,14,2:00pm-2:59pm,0,0,88,"Not Applicable (Not Transported) ",88,Not Applicable (Not Transported),,,,,,,1,0
2020,40,400572,Oklahoma,3,3,0,0,0,4,4,133,SEMINOLE (133),4240,SEMINOLE,5,5,9,September,2020,7,Saturday,0,0:00am-0:59am,32,32,1,This section IS ON the NHS,2,Urban,3,Principal Arterial - Other,1,State Highway Agency,2,U.S. Highway,US-377,,0,None,35.19780556,35.19780556,-96.675091670,-96.675091670,0,No Special Jurisdiction,12,Motor Vehicle In-Transport,2,Front-to-Front,0,No,1,Non-Junction,1,Not an Intersection,0,None,,,1,On Roadway,2,Dark - Not Lighted,,,,,1,Clear,0,No,0000000,Not Applicable,0,0:00am-0:59am,41,41,1,1:00am-1:59am,2,2,1,1:00am-1:59am,50,50,,,,,,,2,1
2020,40,400573,Oklahoma,2,2,0,0,0,2,2,119,PAYNE (119),4460,STILLWATER,5,5,10,October,2020,2,Monday,4,4:00am-4:59am,25,25,0,This section IS NOT on the NHS,2,Urban,3,Principal Arterial - Other,1,State Highway Agency,3,State Highway,SR-51,,0,None,36.11608333,36.11608333,-97.122811110,-97.122811110,0,No Special Jurisdiction,12,Motor Vehicle In-Transport,1,Front-to-Rear,0,No,1,Non-Junction,1,Not an Intersection,0,None,,,1,On Roadway,3,Dark - Lighted,,,,,1,Clear,0,No,0000000,Not Applicable,4,4:00am-4:59am,31,31,4,4:00am-4:59am,55,55,5,5:00am-5:59am,46,46,,,,,,,1,0
2020,40,400574,Oklahoma,3,3,0,0,0,3,3,143,TULSA (143),3630,OWASSO,19,19,11,November,2020,5,Thursday,9,9:00am-9:59am,55,55,0,This section IS NOT on the NHS,2,Urban,4,Minor Arterial,4,City or Municipal Highway Agency,6,Local Street - Municipality,E 86TH ST N,,0,None,36.27856389,36.27856389,-95.892311110,-95.892311110,0,No Special Jurisdiction,12,Motor Vehicle In-Transport,6,Angle,0,No,1,Non-Junction,1,Not an Intersection,4,"Work Zone, Type Unknown",,,1,On Roadway,1,Daylight,,,,,1,Clear,0,No,0000000,Not Applicable,16,4:00pm-4:59pm,52,52,16,4:00pm-4:59pm,58,58,17,5:00pm-5:59pm,40,40,,,,,,,1,0
2020,40,400575,Oklahoma,3,3,0,0,0,3,3,51,GRADY (51),4800,TUTTLE,27,27,11,November,2020,6,Friday,10,10:00am-10:59am,30,30,0,This section IS NOT on the NHS,1,Rural,5,Major Collector,1,State Highway Agency,3,State Highway,SR-37,,0,None,35.29096389,35.29096389,-97.699208330,-97.699208330,0,No Special Jurisdiction,12,Motor Vehicle In-Transport,8,Sideswipe - Opposite Direction,0,No,1,Non-Junction,1,Not an Intersection,0,None,,,1,On Roadway,1,Daylight,,,,,1,Clear,0,No,0000000,Not Applicable,99,Unknown,98,Unknown if Notified,99,Unknown EMS Scene Arrival Hour,98,Unknown if Arrived,88,"Not Applicable (Not Transported) ",88,Not Applicable (Not Transported),,,,,,,1,1
2020,40,400576,Oklahoma,1,1,0,1,1,2,2,109,OKLAHOMA (109),360,BETHANY,22,22,12,December,2020,3,Tuesday,17,5:00pm-5:59pm,48,48,0,This section IS NOT on the NHS,2,Urban,3,Principal Arterial - Other,4,City or Municipal Highway Agency,6,Local Street - Municipality,NW 23RD ST,,0,None,35.49335833,35.49335833,-97.638769440,-97.638769440,0,No Special Jurisdiction,8,Pedestrian,0,The First Harmful Event was Not a Collision with a Motor Vehicle in Transport,0,No,1,Non-Junction,1,Not an Intersection,0,None,,,1,On Roadway,3,Dark - Lighted,,,,,1,Clear,0,No,0000000,Not Applicable,17,5:00pm-5:59pm,51,51,17,5:00pm-5:59pm,58,58,18,6:00pm-6:59pm,37,37,,,,,,,1,0
2020,40,400577,Oklahoma,2,2,0,0,0,6,6,27,CLEVELAND (27),3430,NORMAN,27,27,12,December,2020,1,Sunday,23,11:00pm-11:59pm,54,54,0,This section IS NOT on the NHS,2,Urban,5,Major Collector,4,City or Municipal Highway Agency,6,Local Street - Municipality,E ROBINSON ST,48TH AVE NE,0,None,35.23270556,35.23270556,-97.370544440,-97.370544440,0,No Special Jurisdiction,12,Motor Vehicle In-Transport,6,Angle,0,No,2,Intersection,2,Four-Way Intersection,0,None,,,1,On Roadway,3,Dark - Lighted,,,,,1,Clear,0,No,0000000,Not Applicable,23,11:00pm-11:59pm,54,54,0,0:00am-0:59am,0,0,0,0:00am-0:59am,48,48,,,,,,,1,0
2020,40,400578,Oklahoma,2,2,0,0,0,2,2,27,CLEVELAND (27),3430,NORMAN,28,28,12,December,2020,2,Monday,6,6:00am-6:59am,21,21,0,This section IS NOT on the NHS,2,Urban,3,Principal Arterial - Other,1,State Highway Agency,3,State Highway,SR-9,,0,None,35.17967778,35.17967778,-97.437469440,-97.437469440,0,No Special Jurisdiction,12,Motor Vehicle In-Transport,2,Front-to-Front,0,No,1,Non-Junction,1,Not an Intersection,0,None,,,1,On Roadway,2,Dark - Not Lighted,,,,,1,Clear,0,No,0000000,Not Applicable,6,6:00am-6:59am,21,21,6,6:00am-6:59am,28,28,6,6:00am-6:59am,45,45,,,,,,,1,0