caseyear,state,st_case,statename,ve_total,ve_forms,pvh_invl,peds,pernotmvit,permvit,persons,county,countyname,city,cityname,day,dayname,month,monthname,year,day_week,day_weekname,hour,hourname,minute,minutename,nhs,nhsname,rur_urb,rur_urbname,func_sys,func_sysname,rd_owner,rd_ownername,route,routename,tway_id,tway_id2,milept,mileptname,latitude,latitudename,longitud,longitudname,sp_jur,sp_jurname,harm_ev,harm_evname,man_coll,man_collname,reljct1,reljct1name,reljct2,reljct2name,typ_int,typ_intname,wrk_zone,wrk_zonename,road_fnc,road_fncname,rel_road,rel_roadname,lgt_cond,lgt_condname,weather1,weather1name,weather2,weather2name,weather,weathername,sch_bus,sch_busname,rail,railname,not_hour,not_hourname,not_min,not_minname,arr_hour,arr_hourname,arr_min,arr_minname,hosp_hr,hosp_hrname,hosp_mn,hosp_mnname,cf1,cf1name,cf2,cf2name,cf3,cf3name,fatals,drunk_dr
2021,40,400007,Oklahoma,3,3,0,0,0,4,4,89,MCCURTAIN (89),0,NOT APPLICABLE,7,7,1,January,2021,5,Thursday,14,2:00pm-2:59pm,40,40,0,This section IS NOT on the NHS,1,Rural,3,Principal Arterial - Other,1,State Highway Agency,2,U.S. Highway,US-259,,239,239,34.34870000,34.34870000,-94.816294440,-94.816294440,0,No Special Jurisdiction,12,Motor Vehicle In-Transport,6,Angle,0,No,1,Non-Junction,1,Not an Intersection,0,None,,,1,On Roadway,1,Daylight,,,,,1,Clear,0,No,0000000,Not Applicable,14,2:00pm-2:59pm,48,48,15,3:00pm-3:59pm,20,20,16,4:00pm-4:59pm,45,45,,,,,,,1,
2021,40,400008,Oklahoma,3,3,0,0,0,3,3,87,MCCLAIN (87),0,NOT APPLICABLE,7,7,1,January,2021,5,Thursday,20,8:00pm-8:59pm,47,47,0,This section IS NOT on the NHS,1,Rural,4,Minor Arterial,1,State Highway Agency,2,U.S. Highway,US-177,,0,None,34.85479722,34.85479722,-96.966200000,-96.966200000,0,No Special Jurisdiction,12,Motor Vehicle In-Transport,99,Reported as Unknown,0,No,1,Non-Junction,1,Not an Intersection,0,None,,,1,On Roadway,2,Dark - Not Lighted,,,,,10,Cloudy,0,No,0000000,Not Applicable,99,Unknown,99,Unknown,99,Unknown EMS Scene Arrival Hour,99,Unknown EMS Scene Arrival Minutes,99,Unknown,99,Unknown EMS Hospital Arrival Time,,,,,,,1,
2021,40,400009,Oklahoma,1,1,0,1,1,1,1,99,MURRAY (99),0,NOT APPLICABLE,10,10,1,January,2021,1,Sunday,7,7:00am-7:59am,15,15,0,This section IS NOT on the NHS,1,Rural,4,Minor Arterial,1,State Highway Agency,2,U.S. Highway,US-177,,94,94,34.46929722,34.46929722,-96.952297220,-96.952297220,0,No Special Jurisdiction,8,Pedestrian,0,The First Harmful Event was Not a Collision with a Motor Vehicle in Transport,0,No,1,Non-Junction,1,Not an Intersection,0,None,,,1,On Roadway,2,Dark - Not Lighted,,,,,10,Cloudy,0,No,0000000,Not Applicable,7,7:00am-7:59am,13,13,7,7:00am-7:59am,19,19,88,"Not Applicable (Not Transported) ",88,Not Applicable (Not Transported),,,,,,,1,
2021,40,400010,Oklahoma,2,2,0,0,0,6,6,143,TULSA (143),4780,TULSA,15,15,1,January,2021,6,Friday,18,6:00pm-6:59pm,10,10,0,This section IS NOT on the NHS,2,Urban,5,Major Collector,4,City or Municipal Highway Agency,6,Local Street - Municipality,E 8TH ST,S CINCINNATI VE,0,None,36.14942500,36.14942500,-95.986175000,-95.986175000,0,No Special Jurisdiction,12,Motor Vehicle In-Transport,6,Angle,0,No,2,Intersection,2,Four-Way Intersection,0,None,,,1,On Roadway,3,Dark - Lighted,,,,,1,Clear,0,No,0000000,Not Applicable,99,Unknown,99,Unknown,99,Unknown EMS Scene Arrival Hour,99,Unknown EMS Scene Arrival Minutes,99,Unknown,99,Unknown EMS Hospital Arrival Time,,,,,,,1,
2021,40,400011,Oklahoma,2,2,0,0,0,3,3,101,MUSKOGEE (101),0,NOT APPLICABLE,8,8,1,January,2021,6,Friday,6,6:00am-6:59am,4,4,0,This section IS NOT on the NHS,1,Rural,3,Principal Arterial - Other,1,State Highway Agency,2,U.S. Highway,US-64,CR-W 10TH ST N,80,80,35.75500000,35.75500000,-95.642600000,-95.642600000,0,No Special Jurisdiction,12,Motor Vehicle In-Transport,6,Angle,0,No,2,Intersection,2,Four-Way Intersection,0,None,,,1,On Roadway,2,Dark - Not Lighted,,,,,10,Cloudy,0,No,0000000,Not Applicable,5,5:00am-5:59am,56,56,5,5:00am-5:59am,58,58,6,6:00am-6:59am,47,47,,,,,,,1,
2021,40,400012,Oklahoma,2,2,0,0,0,2,2,109,OKLAHOMA (109),3550,OKLAHOMA CITY,19,19,1,January,2021,3,Tuesday,1,1:00am-1:59am,36,36,1,This section IS ON the NHS,2,Urban,1,Interstate,1,State Highway Agency,1,Interstate,I-35,,0,None,35.49459722,35.49459722,-97.465100000,-97.465100000,0,No Special Jurisdiction,12,Motor Vehicle In-Transport,1,Front-to-Rear,0,No,1,Non-Junction,1,Not an Intersection,0,None,,,1,On Roadway,2,Dark - Not Lighted,,,,,1,Clear,0,No,0000000,Not Applicable,99,Unknown,98,Unknown if Notified,99,Unknown EMS Scene Arrival Hour,98,Unknown if Arrived,88,"Not Applicable (Not Transported) ",88,Not Applicable (Not Transported),,,,,,,1,
2021,40,400013,Oklahoma,2,2,0,0,0,4,4,19,CARTER (19),0,NOT APPLICABLE,9,9,1,January,2021,7,Saturday,16,4:00pm-4:59pm,1,1,0,This section IS NOT on the NHS,1,Rural,4,Minor Arterial,1,State Highway Agency,2,U.S. Highway,US-70,SR-76,0,None,34.17309722,34.17309722,-97.474800000,-97.474800000,0,No Special Jurisdiction,12,Motor Vehicle In-Transport,6,Angle,0,No,2,Intersection,2,Four-Way Intersection,0,None,,,1,On Roadway,1,Daylight,,,,,1,Clear,0,No,0000000,Not Applicable,16,4:00pm-4:59pm,3,3,16,4:00pm-4:59pm,44,44,17,5:00pm-5:59pm,51,51,,,,,,,1,
2021,40,400014,Oklahoma,2,2,0,0,0,2,2,93,MAJOR (93),0,NOT APPLICABLE,13,13,1,January,2021,4,Wednesday,13,1:00pm-1:59pm,51,51,0,This section IS NOT on the NHS,1,Rural,4,Minor Arterial,1,State Highway Agency,2,U.S. Highway,US-60,CR-EW49,30,30,36.30420000,36.30420000,-98.479697220,-98.479697220,0,No Special Jurisdiction,12,Motor Vehicle In-Transport,6,Angle,0,No,2,Intersection,2,Four-Way Intersection,0,None,,,1,On Roadway,1,Daylight,,,,,1,Clear,0,No,0000000,Not Applicable,99,Unknown,99,Unknown,99,Unknown EMS Scene Arrival Hour,99,Unknown EMS Scene Arrival Minutes,99,Unknown,99,Unknown EMS Hospital Arrival Time,,,,,,,1,
2021,40,400015,Oklahoma,3,3,0,0,0,4,4,143,TULSA (143),4780,TULSA,14,14,1,January,2021,5,Thursday,13,1:00pm-1:59pm,10,10,0,This section IS NOT on the NHS,2,Urban,4,Minor Arterial,4,City or Municipal Highway Agency,6,Local Street - Municipality,E 51ST ST,US-169 RAMP,0,None,36.08988333,36.08988333,-95.857833330,-95.857833330,0,No Special Jurisdiction,12,Motor Vehicle In-Transport,7,Sideswipe - Same Direction,1,Yes,3,Intersection-Related,2,Four-Way Intersection,0,None,,,1,On Roadway,1,Daylight,,,,,1,Clear,0,No,0000000,Not Applicable,99,Unknown,99,Unknown,99,Unknown EMS Scene Arrival Hour,99,Unknown EMS Scene Arrival Minutes,99,Unknown,99,Unknown EMS Hospital Arrival Time,,,,,,,1,
2021,40,400016,Oklahoma,1,1,0,1,1,1,1,125,POTTAWATOMIE (125),0,NOT APPLICABLE,9,9,1,January,2021,7,Saturday,23,11:00pm-11:59pm,11,11,0,This section IS NOT on the NHS,2,Urban,4,Minor Arterial,2,County Highway Agency,4,County Road,CR-BRANGUS RD,,0,None,35.38719444,35.38719444,-96.876794440,-96.876794440,0,No Special Jurisdiction,8,Pedestrian,0,The First Harmful Event was Not a Collision with a Motor Vehicle in Transport,0,No,1,Non-Junction,1,Not an Intersection,0,None,,,1,On Roadway,2,Dark - Not Lighted,,,,,1,Clear,0,No,0000000,Not Applicable,23,11:00pm-11:59pm,3,3,23,11:00pm-11:59pm,11,11,88,"Not Applicable (Not Transported) ",88,Not Applicable (Not Transported),,,,,,,1,
2021,40,400017,Oklahoma,2,2,0,0,0,2,2,85,LOVE (85),4710,THACKERVILLE,10,10,1,January,2021,1,Sunday,1,1:00am-1:59am,15,15,1,This section IS ON the NHS,1,Rural,1,Interstate,1,State Highway Agency,1,Interstate,I-35,,0,None,33.79429722,33.79429722,-97.134797220,-97.134797220,0,No Special Jurisdiction,12,Motor Vehicle In-Transport,1,Front-to-Rear,0,No,1,Non-Junction,1,Not an Intersection,0,None,,,1,On Roadway,2,Dark - Not Lighted,,,,,1,Clear,0,No,0000000,Not Applicable,1,1:00am-1:59am,32,32,1,1:00am-1:59am,40,40,88,"Not Applicable (Not Transported) ",88,Not Applicable (Not Transported),,,,,,,1,
2021,40,400018,Oklahoma,1,1,0,0,0,1,1,13,BRYAN (13),1430,DURANT,24,24,1,January,2021,1,Sunday,3,3:00am-3:59am,15,15,0,This section IS NOT on the NHS,2,Urban,7,Local,2,County Highway Agency,4,County Road,CR-N 49TH AVE CR-N370,,0,None,34.01030556,34.01030556,-96.425363890,-96.425363890,0,No Special Jurisdiction,1,Rollover/Overturn,0,The First Harmful Event was Not a Collision with a Motor Vehicle in Transport,0,No,1,Non-Junction,1,Not an Intersection,0,None,,,4,On Roadside,3,Dark - Lighted,,,,,5,"Fog, Smog, Smoke",0,No,0000000,Not Applicable,3,3:00am-3:59am,17,17,3,3:00am-3:59am,26,26,88,"Not Applicable (Not Transported) ",88,Not Applicable (Not Transported),,,,,,,1,
2021,40,400019,Oklahoma,2,2,0,0,0,3,3,97,MAYES (97),0,NOT APPLICABLE,26,26,1,January,2021,3,Tuesday,18,6:00pm-6:59pm,38,38,1,This section IS ON the NHS,1,Rural,3,Principal Arterial - Other,1,State Highway Agency,2,U.S. Highway,US-69,CR-EW435,58,58,36.38713333,36.38713333,-95.290466670,-95.290466670,0,No Special Jurisdiction,12,Motor Vehicle In-Transport,6,Angle,0,No,2,Intersection,2,Four-Way Intersection,0,None,,,1,On Roadway,2,Dark - Not Lighted,,,,,1,Clear,0,No,0000000,Not Applicable,18,6:00pm-6:59pm,30,30,18,6:00pm-6:59pm,40,40,19,7:00pm-7:59pm,51,51,,,,,,,1,
2021,40,400020,Oklahoma,2,2,0,0,0,2,2,143,TULSA (143),0,NOT APPLICABLE,17,17,1,January,2021,1,Sunday,9,9:00am-9:59am,18,18,1,This section IS ON the NHS,1,Rural,3,Principal Arterial - Other,1,State Highway Agency,2,U.S. Highway,US-75,CR-96TH ST N,14,14,36.29309722,36.29309722,-95.924300000,-95.924300000,0,No Special Jurisdiction,12,Motor Vehicle In-Transport,6,Angle,0,No,2,Intersection,2,Four-Way Intersection,0,None,,,1,On Roadway,1,Daylight,,,,,1,Clear,0,No,0000000,Not Applicable,99,Unknown,99,Unknown,99,Unknown EMS Scene Arrival Hour,99,Unknown EMS Scene Arrival Minutes,99,Unknown,99,Unknown EMS Hospital Arrival Time,,,,,,,1,
2021,40,400021,Oklahoma,2,2,0,0,0,2,2,7,BEAVER (7),0,NOT APPLICABLE,21,21,1,January,2021,5,Thursday,17,5:00pm-5:59pm,40,40,0,This section IS NOT on the NHS,1,Rural,5,Major Collector,1,State Highway Agency,2,U.S. Highway,US-270,,78,78,36.79560000,36.79560000,-100.519997220,-100.519997220,0,No Special Jurisdiction,12,Motor Vehicle In-Transport,2,Front-to-Front,0,No,1,Non-Junction,1,Not an Intersection,0,None,,,1,On Roadway,5,Dusk,,,,,1,Clear,0,No,0000000,Not Applicable,99,Unknown,99,Unknown,99,Unknown EMS Scene Arrival Hour,99,Unknown EMS Scene Arrival Minutes,99,Unknown,99,Unknown EMS Hospital Arrival Time,,,,,,,2,
2021,40,400022,Oklahoma,1,1,0,2,2,3,3,109,OKLAHOMA (109),3550,OKLAHOMA CITY,23,23,1,January,2021,7,Saturday,20,8:00pm-8:59pm,3,3,0,This section IS NOT on the NHS,2,Urban,4,Minor Arterial,4,City or Municipal Highway Agency,6,Local Street - Municipality,SE 44TH ST,,0,None,35.42081944,35.42081944,-97.496486110,-97.496486110,0,No Special Jurisdiction,8,Pedestrian,0,The First Harmful Event was Not a Collision with a Motor Vehicle in Transport,0,No,1,Non-Junction,1,Not an Intersection,0,None,,,1,On Roadway,3,Dark - Lighted,,,,,10,Cloudy,0,No,0000000,Not Applicable,99,Unknown,98,Unknown if Notified,99,Unknown EMS Scene Arrival Hour,98,Unknown if Arrived,88,"Not Applicable (Not Transported) ",88,Not Applicable (Not Transported),,,,,,,2,
2021,40,400023,Oklahoma,1,1,0,1,1,2,2,143,TULSA (143),4780,TULSA,29,29,1,January,2021,6,Friday,19,7:00pm-7:59pm,30,30,0,This section IS NOT on the NHS,2,Urban,4,Minor Arterial,4,City or Municipal Highway Agency,6,Local Street - Municipality,E 31ST ST,,0,None,36.11880000,36.11880000,-95.877097220,-95.877097220,0,No Special Jurisdiction,8,Pedestrian,0,The First Harmful Event was Not a Collision with a Motor Vehicle in Transport,0,No,1,Non-Junction,1,Not an Intersection,0,None,,,1,On Roadway,2,Dark - Not Lighted,,,,,1,Clear,0,No,0000000,Not Applicable,19,7:00pm-7:59pm,34,34,19,7:00pm-7:59pm,41,41,19,7:00pm-7:59pm,59,59,,,,,,,1,
2021,40,400024,Oklahoma,2,2,0,0,0,3,3,125,POTTAWATOMIE (125),4300,SHAWNEE,19,19,1,January,2021,3,Tuesday,11,11:00am-11:59am,41,41,1,This section IS ON the NHS,2,Urban,1,Interstate,1,State Highway Agency,1,Interstate,I-40,,0,None,35.38369722,35.38369722,-96.989197220,-96.989197220,0,No Special Jurisdiction,12,Motor Vehicle In-Transport,1,Front-to-Rear,0,No,1,Non-Junction,1,Not an Intersection,0,None,,,1,On Roadway,1,Daylight,,,,,1,Clear,0,No,0000000,Not Applicable,11,11:00am-11:59am,44,44,11,11:00am-11:59am,50,50,12,12:00pm-12:59pm,15,15,,,,,,,1,
2021,40,400025,Oklahoma,1,1,0,0,0,2,2,119,PAYNE (119),0,NOT APPLICABLE,9,9,1,January,2021,7,Saturday,4,4:00am-4:59am,36,36,0,This section IS NOT on the NHS,1,Rural,5,Major Collector,2,County Highway Agency,4,County Road,CR-NORFOLK,,0,None,36.01835833,36.01835833,-96.714130560,-96.714130560,0,No Special Jurisdiction,34,Ditch,0,The First Harmful Event was Not a Collision with a Motor Vehicle in Transport,0,No,1,Non-Junction,1,Not an Intersection,0,None,,,4,On Roadside,2,Dark - Not Lighted,,,,,10,Cloudy,0,No,0000000,Not Applicable,99,Unknown,99,Unknown,99,Unknown EMS Scene Arrival Hour,99,Unknown EMS Scene Arrival Minutes,99,Unknown,99,Unknown EMS Hospital Arrival Time,,,,,,,1,
2021,40,400026,Oklahoma,1,1,0,0,0,2,2,137,STEPHENS (137),0,NOT APPLICABLE,17,17,1,January,2021,1,Sunday,2,2:00am-2:59am,1,1,0,This section IS NOT on the NHS,1,Rural,5,Major Collector,2,County Highway Agency,4,County Road,CR-2770 EMPIRE RD,,0,None,34.44890000,34.44890000,-98.052197220,-98.052197220,0,No Special Jurisdiction,1,Rollover/Overturn,0,The First Harmful Event was Not a Collision with a Motor Vehicle in Transport,0,No,1,Non-Junction,1,Not an Intersection,0,None,,,4,On Roadside,2,Dark - Not Lighted,,,,,1,Clear,0,No,0000000,Not Applicable,2,2:00am-2:59am,9,9,2,2:00am-2:59am,42,42,3,3:00am-3:59am,18,18,,,,,,,1,
2021,40,400027,Oklahoma,2,2,0,0,0,2,2,83,LOGAN (83),0,NOT APPLICABLE,19,19,1,January,2021,3,Tuesday,10,10:00am-10:59am,32,32,0,This section IS NOT on the NHS,1,Rural,4,Minor Arterial,1,State Highway Agency,3,State Highway,SR-33,,0,None,35.87120000,35.87120000,-97.544297220,-97.544297220,0,No Special Jurisdiction,12,Motor Vehicle In-Transport,6,Angle,0,No,1,Non-Junction,1,Not an Intersection,0,None,,,1,On Roadway,1,Daylight,,,,,10,Cloudy,0,No,0000000,Not Applicable,10,10:00am-10:59am,27,27,10,10:00am-10:59am,38,38,88,"Not Applicable (Not Transported) ",88,Not Applicable (Not Transported),,,,,,,1,
2021,40,400028,Oklahoma,3,3,0,2,2,1,1,101,MUSKOGEE (101),0,NOT APPLICABLE,16,16,1,January,2021,7,Saturday,19,7:00pm-7:59pm,34,34,0,This section IS NOT on the NHS,1,Rural,5,Major Collector,1,State Highway Agency,2,U.S. Highway,US-64,,144,144,35.52179444,35.52179444,-95.309700000,-95.309700000,0,No Special Jurisdiction,8,Pedestrian,0,The First Harmful Event was Not a Collision with a Motor Vehicle in Transport,0,No,1,Non-Junction,1,Not an Intersection,0,None,,,1,On Roadway,2,Dark - Not Lighted,,,,,1,Clear,0,No,0000000,Not Applicable,19,7:00pm-7:59pm,29,29,19,7:00pm-7:59pm,43,43,20,8:00pm-8:59pm,40,40,,,,,,,1,
2021,40,400029,Oklahoma,3,3,0,0,0,3,3,11,BLAINE (11),0,NOT APPLICABLE,25,25,1,January,2021,2,Monday,14,2:00pm-2:59pm,29,29,1,This section IS ON the NHS,1,Rural,3,Principal Arterial - Other,1,State Highway Agency,2,U.S. Highway,US-270,,3,3,35.87030000,35.87030000,-98.628297220,-98.628297220,0,No Special Jurisdiction,12,Motor Vehicle In-Transport,1,Front-to-Rear,0,No,1,Non-Junction,1,Not an Intersection,0,None,,,1,On Roadway,1,Daylight,,,,,10,Cloudy,0,No,0000000,Not Applicable,14,2:00pm-2:59pm,29,29,14,2:00pm-2:59pm,55,55,15,3:00pm-3:59pm,51,51,,,,,,,1,
2021,40,400030,Oklahoma,2,2,0,0,0,2,2,131,ROGERS (131),0,NOT APPLICABLE,17,17,1,January,2021,1,Sunday,2,2:00am-2:59am,13,13,1,This section IS ON the NHS,1,Rural,3,Principal Arterial - Other,1,State Highway Agency,2,U.S. Highway,US-169,,7,7,36.38920000,36.38920000,-95.804500000,-95.804500000,0,No Special Jurisdiction,12,Motor Vehicle In-Transport,2,Front-to-Front,0,No,1,Non-Junction,1,Not an Intersection,0,None,,,1,On Roadway,2,Dark - Not Lighted,,,,,1,Clear,0,No,0000000,Not Applicable,99,Unknown,98,Unknown if Notified,99,Unknown EMS Scene Arrival Hour,98,Unknown if Arrived,88,"Not Applicable (Not Transported) ",88,Not Applicable (Not Transported),,,,,,,1,
2021,40,400032,Oklahoma,1,1,0,1,1,1,1,27,CLEVELAND (27),3220,MOORE,19,19,1,January,2021,3,Tuesday,6,6:00am-6:59am,44,44,0,This section IS NOT on the NHS,2,Urban,4,Minor Arterial,4,City or Municipal Highway Agency,6,Local Street - Municipality,N SANTA FE AVE,,0,None,35.34805556,35.34805556,-97.512130560,-97.512130560,0,No Special Jurisdiction,8,Pedestrian,0,The First Harmful Event was Not a Collision with a Motor Vehicle in Transport,0,No,1,Non-Junction,1,Not an Intersection,0,None,,,1,On Roadway,2,Dark - Not Lighted,,,,,1,Clear,0,No,0000000,Not Applicable,99,Unknown,99,Unknown,99,Unknown EMS Scene Arrival Hour,99,Unknown EMS Scene Arrival Minutes,99,Unknown,99,Unknown EMS Hospital Arrival Time,,,,,,,1,
2021,40,400033,Oklahoma,1,1,0,1,1,1,1,119,PAYNE (119),4460,STILLWATER,20,20,1,January,2021,4,Wednesday,18,6:00pm-6:59pm,10,10,0,This section IS NOT on the NHS,2,Urban,3,Principal Arterial - Other,1,State Highway Agency,3,State Highway,SR-51 6TH AVE,,0,None,36.11590000,36.11590000,-97.073427780,-97.073427780,0,No Special Jurisdiction,8,Pedestrian,0,The First Harmful Event was Not a Collision with a Motor Vehicle in Transport,0,No,1,Non-Junction,1,Not an Intersection,0,None,,,1,On Roadway,3,Dark - Lighted,,,,,10,Cloudy,0,No,0000000,Not Applicable,18,6:00pm-6:59pm,13,13,18,6:00pm-6:59pm,20,20,18,6:00pm-6:59pm,36,36,,,,,,,1,
2021,40,400034,Oklahoma,2,2,0,0,0,3,3,109,OKLAHOMA (109),3550,OKLAHOMA CITY,1,1,2,February,2021,2,Monday,13,1:00pm-1:59pm,47,47,1,This section IS ON the NHS,2,Urban,1,Interstate,1,State Highway Agency,1,Interstate,I-40,,0,None,35.39459722,35.39459722,-97.266900000,-97.266900000,0,No Special Jurisdiction,12,Motor Vehicle In-Transport,1,Front-to-Rear,0,No,1,Non-Junction,1,Not an Intersection,4,"Work Zone, Type Unknown",,,1,On Roadway,1,Daylight,,,,,1,Clear,0,No,0000000,Not Applicable,13,1:00pm-1:59pm,42,42,14,2:00pm-2:59pm,4,4,14,2:00pm-2:59pm,30,30,,,,,,,1,
2021,40,400036,Oklahoma,2,2,0,0,0,2,2,49,GARVIN (49),0,NOT APPLICABLE,2,2,2,February,2021,3,Tuesday,6,6:00am-6:59am,25,25,0,This section IS NOT on the NHS,1,Rural,4,Minor Arterial,1,State Highway Agency,3,State Highway,SR-29,,182,182,34.65180000,34.65180000,-97.260400000,-97.260400000,0,No Special Jurisdiction,11,Live Animal,0,The First Harmful Event was Not a Collision with a Motor Vehicle in Transport,0,No,1,Non-Junction,1,Not an Intersection,0,None,,,1,On Roadway,2,Dark - Not Lighted,,,,,10,Cloudy,0,No,0000000,Not Applicable,99,Unknown,98,Unknown if Notified,99,Unknown EMS Scene Arrival Hour,98,Unknown if Arrived,88,"Not Applicable (Not Transported) ",88,Not Applicable (Not Transported),,,,,,,1,
2021,40,400037,Oklahoma,1,1,0,0,0,2,2,109,OKLAHOMA (109),1480,EDMOND,6,6,2,February,2021,7,Saturday,18,6:00pm-6:59pm,16,16,1,This section IS ON the NHS,2,Urban,1,Interstate,1,State Highway Agency,1,Interstate,I-35,,0,None,35.65500000,35.65500000,-97.424097220,-97.424097220,0,No Special Jurisdiction,1,Rollover/Overturn,0,The First Harmful Event was Not a Collision with a Motor Vehicle in Transport,1,Yes,19,Other location within Interchange Area,1,Not an Intersection,0,None,,,4,On Roadside,2,Dark - Not Lighted,,,,,10,Cloudy,0,No,0000000,Not Applicable,99,Unknown,99,Unknown,99,Unknown EMS Scene Arrival Hour,99,Unknown EMS Scene Arrival Minutes,99,Unknown,99,Unknown EMS Hospital Arrival Time,,,,,,,1,
2021,40,400038,Oklahoma,1,1,0,0,0,1,1,13,BRYAN (13),0,NOT APPLICABLE,18,18,1,January,2021,2,Monday,21,9:00pm-9:59pm,48,48,1,This section IS ON the NHS,1,Rural,3,Principal Arterial - Other,1,State Highway Agency,2,U.S. Highway,US-70,CR-STREETMAN,47,47,33.99790000,33.99790000,-96.552800000,-96.552800000,0,No Special Jurisdiction,1,Rollover/Overturn,0,The First Harmful Event was Not a Collision with a Motor Vehicle in Transport,0,No,2,Intersection,2,Four-Way Intersection,0,None,,,1,On Roadway,2,Dark - Not Lighted,,,,,2,Rain,0,No,0000000,Not Applicable,21,9:00pm-9:59pm,51,51,22,10:00pm-10:59pm,27,27,23,11:00pm-11:59pm,32,32,,,,,,,1,
2021,40,400039,Oklahoma,1,1,0,0,0,1,1,147,WASHINGTON (147),0,NOT APPLICABLE,7,7,2,February,2021,1,Sunday,0,0:00am-0:59am,23,23,0,This section IS NOT on the NHS,1,Rural,7,Local,2,County Highway Agency,4,County Road,CR-NS4030,,0,None,36.51599722,36.51599722,-95.830897220,-95.830897220,0,No Special Jurisdiction,1,Rollover/Overturn,0,The First Harmful Event was Not a Collision with a Motor Vehicle in Transport,0,No,1,Non-Junction,1,Not an Intersection,0,None,,,4,On Roadside,2,Dark - Not Lighted,,,,,10,Cloudy,0,No,0000000,Not Applicable,0,0:00am-0:59am,2,2,0,0:00am-0:59am,37,37,88,"Not Applicable (Not Transported) ",88,Not Applicable (Not Transported),,,,,,,1,
2021,40,400040,Oklahoma,6,6,0,0,0,8,8,119,PAYNE (119),0,NOT APPLICABLE,8,8,2,February,2021,2,Monday,4,4:00am-4:59am,13,13,1,This section IS ON the NHS,1,Rural,1,Interstate,1,State Highway Agency,1,Interstate,I-35,,0,None,35.98689722,35.98689722,-97.352697220,-97.352697220,0,No Special Jurisdiction,57,Cable Barrier,0,The First Harmful Event was Not a Collision with a Motor Vehicle in Transport,0,No,1,Non-Junction,1,Not an Intersection,0,None,,,3,On Median,2,Dark - Not Lighted,,,,,98,Not Reported,0,No,0000000,Not Applicable,4,4:00am-4:59am,15,15,4,4:00am-4:59am,27,27,5,5:00am-5:59am,45,45,,,,,,,1,
2021,40,400041,Oklahoma,1,1,0,0,0,1,1,73,KINGFISHER (73),0,NOT APPLICABLE,8,8,2,February,2021,2,Monday,5,5:00am-5:59am,9,9,1,This section IS ON the NHS,1,Rural,3,Principal Arterial - Other,1,State Highway Agency,2,U.S. Highway,US-81,,72,72,35.96370000,35.96370000,-97.914000000,-97.914000000,0,No Special Jurisdiction,1,Rollover/Overturn,0,The First Harmful Event was Not a Collision with a Motor Vehicle in Transport,0,No,1,Non-Junction,1,Not an Intersection,0,None,,,4,On Roadside,2,Dark - Not Lighted,,,,,98,Not Reported,0,No,0000000,Not Applicable,5,5:00am-5:59am,3,3,5,5:00am-5:59am,17,17,88,"Not Applicable (Not Transported) ",88,Not Applicable (Not Transported),,,,,,,1,
2021,40,400042,Oklahoma,2,2,0,0,0,2,2,81,LINCOLN (81),0,NOT APPLICABLE,8,8,2,February,2021,2,Monday,18,6:00pm-6:59pm,17,17,0,This section IS NOT on the NHS,1,Rural,5,Major Collector,1,State Highway Agency,3,State Highway,SR-102,,1,1,35.46549722,35.46549722,-97.088897220,-97.088897220,0,No Special Jurisdiction,12,Motor Vehicle In-Transport,2,Front-to-Front,0,No,1,Non-Junction,1,Not an Intersection,0,None,,,1,On Roadway,2,Dark - Not Lighted,,,,,98,Not Reported,0,No,0000000,Not Applicable,18,6:00pm-6:59pm,20,20,18,6:00pm-6:59pm,44,44,19,7:00pm-7:59pm,46,46,,,,,,,1,
2021,40,400043,Oklahoma,1,1,0,0,0,1,1,69,JOHNSTON (69),0,NOT APPLICABLE,9,9,2,February,2021,3,Tuesday,9,9:00am-9:59am,0,0,0,This section IS NOT on the NHS,1,Rural,5,Major Collector,1,State Highway Agency,3,State Highway,SR-1,,56,56,34.23400000,34.23400000,-96.785200000,-96.785200000,0,No Special Jurisdiction,1,Rollover/Overturn,0,The First Harmful Event was Not a Collision with a Motor Vehicle in Transport,0,No,1,Non-Junction,1,Not an Intersection,0,None,,,4,On Roadside,1,Daylight,,,,,98,Not Reported,0,No,0000000,Not Applicable,8,8:00am-8:59am,58,58,9,9:00am-9:59am,8,8,9,9:00am-9:59am,34,34,,,,,,,1,
2021,40,400044,Oklahoma,1,1,0,0,0,1,1,139,TEXAS (139),0,NOT APPLICABLE,10,10,2,February,2021,4,Wednesday,1,1:00am-1:59am,0,0,0,This section IS NOT on the NHS,1,Rural,7,Local,2,County Highway Agency,4,County Road,CR-MILE 14,,0,None,36.55749722,36.55749722,-101.780500000,-101.780500000,0,No Special Jurisdiction,1,Rollover/Overturn,0,The First Harmful Event was Not a Collision with a Motor Vehicle in Transport,0,No,1,Non-Junction,1,Not an Intersection,0,None,,,4,On Roadside,2,Dark - Not Lighted,,,,,10,Cloudy,0,No,0000000,Not Applicable,8,8:00am-8:59am,5,5,8,8:00am-8:59am,25,25,88,"Not Applicable (Not Transported) ",88,Not Applicable (Not Transported),,,,,,,1,
2021,40,400045,Oklahoma,2,2,0,0,0,2,2,143,TULSA (143),590,BROKEN ARROW,15,15,2,February,2021,2,Monday,19,7:00pm-7:59pm,45,45,0,This section IS NOT on the NHS,2,Urban,3,Principal Arterial - Other,1,State Highway Agency,3,State Highway,SR-51,,0,None,36.07288611,36.07288611,-95.801866670,-95.801866670,0,No Special Jurisdiction,12,Motor Vehicle In-Transport,2,Front-to-Front,0,No,1,Non-Junction,1,Not an Intersection,0,None,,,1,On Roadway,3,Dark - Lighted,,,,,1,Clear,0,No,0000000,Not Applicable,19,7:00pm-7:59pm,46,46,19,7:00pm-7:59pm,53,53,88,"Not Applicable (Not Transported) ",88,Not Applicable (Not Transported),,,,,,,1,