caseyear,state,st_case,statename,ve_total,ve_forms,pvh_invl,peds,pernotmvit,permvit,persons,county,countyname,city,cityname,day,dayname,month,monthname,year,day_week,day_weekname,hour,hourname,minute,minutename,nhs,nhsname,rur_urb,rur_urbname,func_sys,func_sysname,rd_owner,rd_ownername,route,routename,tway_id,tway_id2,milept,mileptname,latitude,latitudename,longitud,longitudname,sp_jur,sp_jurname,harm_ev,harm_evname,man_coll,man_collname,reljct1,reljct1name,reljct2,reljct2name,typ_int,typ_intname,wrk_zone,wrk_zonename,road_fnc,road_fncname,rel_road,rel_roadname,lgt_cond,lgt_condname,weather1,weather1name,weather2,weather2name,weather,weathername,sch_bus,sch_busname,rail,railname,not_hour,not_hourname,not_min,not_minname,arr_hour,arr_hourname,arr_min,arr_minname,hosp_hr,hosp_hrname,hosp_mn,hosp_mnname,cf1,cf1name,cf2,cf2name,cf3,cf3name,fatals,drunk_dr
2021,40,400196,Oklahoma,1,1,0,1,1,2,2,23,CHOCTAW (23),4208,SAWYER,8,8,5,May,2021,7,Saturday,23,11:00pm-11:59pm,16,16,1,This section IS ON the NHS,1,Rural,3,Principal Arterial - Other,1,State Highway Agency,2,U.S. Highway,US-70,,0,None,34.01120000,34.01120000,-95.375900000,-95.375900000,0,No Special Jurisdiction,8,Pedestrian,0,The First Harmful Event was Not a Collision with a Motor Vehicle in Transport,0,No,1,Non-Junction,1,Not an Intersection,0,None,,,1,On Roadway,2,Dark - Not Lighted,,,,,1,Clear,0,No,0000000,Not Applicable,23,11:00pm-11:59pm,15,15,23,11:00pm-11:59pm,24,24,88,"Not Applicable (Not Transported) ",88,Not Applicable (Not Transported),,,,,,,1,
2021,40,400197,Oklahoma,1,1,0,0,0,5,5,39,CUSTER (39),0,NOT APPLICABLE,17,17,5,May,2021,2,Monday,99,Unknown Hours,99,Unknown Minutes,1,This section IS ON the NHS,1,Rural,1,Interstate,1,State Highway Agency,1,Interstate,I-40,,0,None,35.47970000,35.47970000,-99.073900000,-99.073900000,0,No Special Jurisdiction,34,Ditch,0,The First Harmful Event was Not a Collision with a Motor Vehicle in Transport,0,No,1,Non-Junction,1,Not an Intersection,4,"Work Zone, Type Unknown",,,4,On Roadside,9,Reported as Unknown,,,,,99,Reported as Unknown,0,No,0000000,Not Applicable,15,3:00pm-3:59pm,46,46,16,4:00pm-4:59pm,30,30,17,5:00pm-5:59pm,21,21,,,,,,,4,
2021,40,400198,Oklahoma,2,2,0,0,0,2,2,119,PAYNE (119),0,NOT APPLICABLE,20,20,5,May,2021,5,Thursday,18,6:00pm-6:59pm,32,32,0,This section IS NOT on the NHS,1,Rural,4,Minor Arterial,1,State Highway Agency,3,State Highway,SR-33,CR-CHRONISTER AVE,74,74,35.98560000,35.98560000,-96.634500000,-96.634500000,0,No Special Jurisdiction,12,Motor Vehicle In-Transport,6,Angle,0,No,2,Intersection,2,Four-Way Intersection,0,None,,,1,On Roadway,1,Daylight,,,,,1,Clear,0,No,0000000,Not Applicable,99,Unknown,99,Unknown,99,Unknown EMS Scene Arrival Hour,99,Unknown EMS Scene Arrival Minutes,99,Unknown,99,Unknown EMS Hospital Arrival Time,,,,,,,1,
2021,40,400199,Oklahoma,1,1,0,0,0,1,1,77,LATIMER (77),0,NOT APPLICABLE,25,25,5,May,2021,3,Tuesday,3,3:00am-3:59am,2,2,0,This section IS NOT on the NHS,1,Rural,4,Minor Arterial,1,State Highway Agency,3,State Highway,SR-2,,159,159,34.84670000,34.84670000,-95.313900000,-95.313900000,0,No Special Jurisdiction,1,Rollover/Overturn,0,The First Harmful Event was Not a Collision with a Motor Vehicle in Transport,0,No,1,Non-Junction,1,Not an Intersection,0,None,,,4,On Roadside,2,Dark - Not Lighted,,,,,1,Clear,0,No,0000000,Not Applicable,99,Unknown,98,Unknown if Notified,99,Unknown EMS Scene Arrival Hour,98,Unknown if Arrived,88,"Not Applicable (Not Transported) ",88,Not Applicable (Not Transported),,,,,,,1,
2021,40,400200,Oklahoma,1,1,0,0,0,1,1,133,SEMINOLE (133),4240,SEMINOLE,1,1,6,June,2021,3,Tuesday,1,1:00am-1:59am,20,20,0,This section IS NOT on the NHS,2,Urban,7,Local,4,City or Municipal Highway Agency,6,Local Street - Municipality,KILLINGSWORTH AVE,,0,None,35.23383056,35.23383056,-96.693066670,-96.693066670,0,No Special Jurisdiction,1,Rollover/Overturn,0,The First Harmful Event was Not a Collision with a Motor Vehicle in Transport,0,No,1,Non-Junction,1,Not an Intersection,0,None,,,1,On Roadway,2,Dark - Not Lighted,,,,,2,Rain,0,No,0000000,Not Applicable,99,Unknown,99,Unknown,99,Unknown EMS Scene Arrival Hour,99,Unknown EMS Scene Arrival Minutes,99,Unknown,99,Unknown EMS Hospital Arrival Time,,,,,,,1,
2021,40,400201,Oklahoma,2,2,0,0,0,4,4,95,MARSHALL (95),0,NOT APPLICABLE,4,4,6,June,2021,6,Friday,22,10:00pm-10:59pm,47,47,0,This section IS NOT on the NHS,1,Rural,5,Major Collector,1,State Highway Agency,3,State Highway,SR-32,,108,108,33.99830000,33.99830000,-96.758100000,-96.758100000,0,No Special Jurisdiction,12,Motor Vehicle In-Transport,6,Angle,0,No,1,Non-Junction,1,Not an Intersection,0,None,,,1,On Roadway,2,Dark - Not Lighted,,,,,1,Clear,0,No,0000000,Not Applicable,22,10:00pm-10:59pm,51,51,22,10:00pm-10:59pm,59,59,23,11:00pm-11:59pm,31,31,,,,,,,1,
2021,40,400202,Oklahoma,1,1,0,0,0,1,1,41,DELAWARE (41),0,NOT APPLICABLE,7,7,6,June,2021,2,Monday,14,2:00pm-2:59pm,49,49,0,This section IS NOT on the NHS,1,Rural,5,Major Collector,1,State Highway Agency,3,State Highway,SR-10,,2,2,36.16480000,36.16480000,-94.780000000,-94.780000000,0,No Special Jurisdiction,42,Tree (Standing Only),0,The First Harmful Event was Not a Collision with a Motor Vehicle in Transport,0,No,1,Non-Junction,1,Not an Intersection,0,None,,,4,On Roadside,1,Daylight,,,,,1,Clear,0,No,0000000,Not Applicable,99,Unknown,98,Unknown if Notified,99,Unknown EMS Scene Arrival Hour,98,Unknown if Arrived,88,"Not Applicable (Not Transported) ",88,Not Applicable (Not Transported),,,,,,,1,
2021,40,400203,Oklahoma,2,2,0,0,0,2,2,145,WAGONER (145),590,BROKEN ARROW,16,16,4,April,2021,6,Friday,11,11:00am-11:59am,42,42,1,This section IS ON the NHS,2,Urban,3,Principal Arterial - Other,1,State Highway Agency,3,State Highway,SR-51,225TH E AVE EVANS RD,0,None,36.02500000,36.02500000,-95.726044440,-95.726044440,0,No Special Jurisdiction,12,Motor Vehicle In-Transport,6,Angle,0,No,2,Intersection,2,Four-Way Intersection,0,None,,,1,On Roadway,1,Daylight,,,,,2,Rain,0,No,0000000,Not Applicable,11,11:00am-11:59am,42,42,11,11:00am-11:59am,50,50,12,12:00pm-12:59pm,35,35,,,,,,,1,
2021,40,400204,Oklahoma,1,1,0,0,0,2,2,145,WAGONER (145),0,NOT APPLICABLE,5,5,6,June,2021,7,Saturday,3,3:00am-3:59am,48,48,0,This section IS NOT on the NHS,1,Rural,7,Local,2,County Highway Agency,4,County Road,CR-S 413TH E AVE,,0,None,35.88300000,35.88300000,-95.517900000,-95.517900000,0,No Special Jurisdiction,1,Rollover/Overturn,0,The First Harmful Event was Not a Collision with a Motor Vehicle in Transport,0,No,1,Non-Junction,1,Not an Intersection,0,None,,,1,On Roadway,2,Dark - Not Lighted,,,,,10,Cloudy,0,No,0000000,Not Applicable,99,Unknown,99,Unknown,99,Unknown EMS Scene Arrival Hour,99,Unknown EMS Scene Arrival Minutes,99,Unknown,99,Unknown EMS Hospital Arrival Time,,,,,,,1,
2021,40,400205,Oklahoma,2,2,0,0,0,3,3,109,OKLAHOMA (109),3550,OKLAHOMA CITY,5,5,6,June,2021,7,Saturday,3,3:00am-3:59am,27,27,1,This section IS ON the NHS,1,Rural,1,Interstate,1,State Highway Agency,1,Interstate,I-40,,0,None,35.38780000,35.38780000,-97.253000000,-97.253000000,0,No Special Jurisdiction,12,Motor Vehicle In-Transport,2,Front-to-Front,0,No,1,Non-Junction,1,Not an Intersection,0,None,,,1,On Roadway,2,Dark - Not Lighted,,,,,1,Clear,0,No,0000000,Not Applicable,3,3:00am-3:59am,35,35,3,3:00am-3:59am,51,51,4,4:00am-4:59am,26,26,,,,,,,2,
2021,40,400206,Oklahoma,1,1,0,0,0,1,1,81,LINCOLN (81),4530,STROUD,15,15,5,May,2021,7,Saturday,11,11:00am-11:59am,37,37,0,This section IS NOT on the NHS,1,Rural,7,Local,2,County Highway Agency,4,County Road,CR-E800 RD,,0,None,35.85540000,35.85540000,-96.636300000,-96.636300000,0,No Special Jurisdiction,42,Tree (Standing Only),0,The First Harmful Event was Not a Collision with a Motor Vehicle in Transport,0,No,1,Non-Junction,1,Not an Intersection,0,None,,,4,On Roadside,1,Daylight,,,,,1,Clear,0,No,0000000,Not Applicable,99,Unknown,99,Unknown,99,Unknown EMS Scene Arrival Hour,99,Unknown EMS Scene Arrival Minutes,99,Unknown,99,Unknown EMS Hospital Arrival Time,,,,,,,1,
2021,40,400207,Oklahoma,2,2,0,0,0,2,2,107,OKFUSKEE (107),0,NOT APPLICABLE,11,11,6,June,2021,6,Friday,10,10:00am-10:59am,23,23,0,This section IS NOT on the NHS,1,Rural,5,Major Collector,1,State Highway Agency,3,State Highway,SR-56,,18,18,35.43530000,35.43530000,-96.266200000,-96.266200000,0,No Special Jurisdiction,12,Motor Vehicle In-Transport,2,Front-to-Front,0,No,1,Non-Junction,1,Not an Intersection,0,None,,,1,On Roadway,1,Daylight,,,,,10,Cloudy,0,No,0000000,Not Applicable,10,10:00am-10:59am,17,17,10,10:00am-10:59am,21,21,88,"Not Applicable (Not Transported) ",88,Not Applicable (Not Transported),,,,,,,1,
2021,40,400208,Oklahoma,1,1,0,0,0,1,1,109,OKLAHOMA (109),3550,OKLAHOMA CITY,5,5,6,June,2021,7,Saturday,19,7:00pm-7:59pm,52,52,0,This section IS NOT on the NHS,2,Urban,3,Principal Arterial - Other,4,City or Municipal Highway Agency,6,Local Street - Municipality,S COUNCIL RD,I-40 EXIT RAMP,0,None,35.45870000,35.45870000,-97.654200000,-97.654200000,0,No Special Jurisdiction,33,Curb,0,The First Harmful Event was Not a Collision with a Motor Vehicle in Transport,1,Yes,3,Intersection-Related,2,Four-Way Intersection,4,"Work Zone, Type Unknown",,,3,On Median,1,Daylight,,,,,2,Rain,0,No,0000000,Not Applicable,99,Unknown,98,Unknown if Notified,99,Unknown EMS Scene Arrival Hour,98,Unknown if Arrived,88,"Not Applicable (Not Transported) ",88,Not Applicable (Not Transported),,,,,,,1,
2021,40,400209,Oklahoma,1,1,0,0,0,1,1,115,OTTAWA (115),0,NOT APPLICABLE,6,6,6,June,2021,1,Sunday,11,11:00am-11:59am,24,24,0,This section IS NOT on the NHS,1,Rural,7,Local,2,County Highway Agency,4,County Road,CR-N640,,0,None,36.77690000,36.77690000,-94.734300000,-94.734300000,0,No Special Jurisdiction,1,Rollover/Overturn,0,The First Harmful Event was Not a Collision with a Motor Vehicle in Transport,0,No,1,Non-Junction,1,Not an Intersection,0,None,,,4,On Roadside,1,Daylight,,,,,10,Cloudy,0,No,0000000,Not Applicable,11,11:00am-11:59am,5,5,11,11:00am-11:59am,13,13,11,11:00am-11:59am,51,51,,,,,,,1,
2021,40,400210,Oklahoma,1,1,0,0,0,1,1,109,OKLAHOMA (109),3550,OKLAHOMA CITY,15,15,6,June,2021,3,Tuesday,9,9:00am-9:59am,21,21,0,This section IS NOT on the NHS,1,Rural,5,Major Collector,1,State Highway Agency,3,State Highway,SR-66,,0,None,35.66680000,35.66680000,-97.232700000,-97.232700000,0,No Special Jurisdiction,42,Tree (Standing Only),0,The First Harmful Event was Not a Collision with a Motor Vehicle in Transport,0,No,1,Non-Junction,1,Not an Intersection,0,None,,,4,On Roadside,1,Daylight,,,,,1,Clear,0,No,0000000,Not Applicable,99,Unknown,98,Unknown if Notified,99,Unknown EMS Scene Arrival Hour,98,Unknown if Arrived,88,"Not Applicable (Not Transported) ",88,Not Applicable (Not Transported),,,,,,,1,
2021,40,400211,Oklahoma,1,1,0,0,0,1,1,143,TULSA (143),4780,TULSA,10,10,5,May,2021,2,Monday,15,3:00pm-3:59pm,20,20,1,This section IS ON the NHS,2,Urban,3,Principal Arterial - Other,1,State Highway Agency,2,U.S. Highway,US-75,,0,None,36.21740000,36.21740000,-95.944400000,-95.944400000,0,No Special Jurisdiction,32,Culvert,0,The First Harmful Event was Not a Collision with a Motor Vehicle in Transport,0,No,1,Non-Junction,1,Not an Intersection,0,None,,,3,On Median,1,Daylight,,,,,1,Clear,0,No,0000000,Not Applicable,99,Unknown,98,Unknown if Notified,99,Unknown EMS Scene Arrival Hour,98,Unknown if Arrived,88,"Not Applicable (Not Transported) ",88,Not Applicable (Not Transported),,,,,,,1,
2021,40,400212,Oklahoma,1,1,0,0,0,1,1,143,TULSA (143),4780,TULSA,19,19,1,January,2021,3,Tuesday,21,9:00pm-9:59pm,55,55,0,This section IS NOT on the NHS,2,Urban,4,Minor Arterial,4,City or Municipal Highway Agency,6,Local Street - Municipality,SOUTHWEST BLVD,,0,None,36.11310000,36.11310000,-96.009600000,-96.009600000,0,No Special Jurisdiction,30,Utility Pole/Light Support,0,The First Harmful Event was Not a Collision with a Motor Vehicle in Transport,0,No,1,Non-Junction,1,Not an Intersection,0,None,,,4,On Roadside,3,Dark - Lighted,,,,,1,Clear,0,No,0000000,Not Applicable,20,8:00pm-8:59pm,58,58,21,9:00pm-9:59pm,5,5,21,9:00pm-9:59pm,37,37,,,,,,,1,
2021,40,400213,Oklahoma,1,1,0,0,0,2,2,101,MUSKOGEE (101),0,NOT APPLICABLE,12,12,3,March,2021,6,Friday,13,1:00pm-1:59pm,10,10,0,This section IS NOT on the NHS,1,Rural,7,Local,2,County Highway Agency,4,County Road,CR-WOODLAND,,0,None,35.71930000,35.71930000,-95.251600000,-95.251600000,0,No Special Jurisdiction,32,Culvert,0,The First Harmful Event was Not a Collision with a Motor Vehicle in Transport,0,No,1,Non-Junction,1,Not an Intersection,0,None,,,4,On Roadside,1,Daylight,,,,,10,Cloudy,0,No,0000000,Not Applicable,13,1:00pm-1:59pm,10,10,13,1:00pm-1:59pm,55,55,14,2:00pm-2:59pm,52,52,,,,,,,1,
2021,40,400214,Oklahoma,1,1,0,0,0,2,2,143,TULSA (143),4780,TULSA,9,9,4,April,2021,6,Friday,20,8:00pm-8:59pm,27,27,0,This section IS NOT on the NHS,2,Urban,4,Minor Arterial,4,City or Municipal Highway Agency,6,Local Street - Municipality,E ADMIRAL PL,,0,None,36.16080000,36.16080000,-95.914500000,-95.914500000,0,No Special Jurisdiction,21,Bridge Pier or Support,0,The First Harmful Event was Not a Collision with a Motor Vehicle in Transport,0,No,1,Non-Junction,1,Not an Intersection,0,None,,,3,On Median,2,Dark - Not Lighted,,,,,2,Rain,0,No,0000000,Not Applicable,20,8:00pm-8:59pm,31,31,20,8:00pm-8:59pm,31,31,21,9:00pm-9:59pm,14,14,,,,,,,1,
2021,40,400215,Oklahoma,1,1,0,1,1,1,1,143,TULSA (143),4780,TULSA,9,9,5,May,2021,1,Sunday,2,2:00am-2:59am,30,30,1,This section IS ON the NHS,2,Urban,3,Principal Arterial - Other,1,State Highway Agency,2,U.S. Highway,US-75,,0,None,36.08500000,36.08500000,-96.006400000,-96.006400000,0,No Special Jurisdiction,8,Pedestrian,0,The First Harmful Event was Not a Collision with a Motor Vehicle in Transport,0,No,1,Non-Junction,1,Not an Intersection,0,None,,,2,On Shoulder,2,Dark - Not Lighted,,,,,1,Clear,0,No,0000000,Not Applicable,2,2:00am-2:59am,30,30,2,2:00am-2:59am,41,41,3,3:00am-3:59am,3,3,,,,,,,1,
2021,40,400216,Oklahoma,2,2,0,0,0,3,3,145,WAGONER (145),590,BROKEN ARROW,1,1,6,June,2021,3,Tuesday,21,9:00pm-9:59pm,44,44,0,This section IS NOT on the NHS,2,Urban,5,Major Collector,4,City or Municipal Highway Agency,6,Local Street - Municipality,209TH E AVE,,0,None,36.05513056,36.05513056,-95.743872220,-95.743872220,0,No Special Jurisdiction,12,Motor Vehicle In-Transport,6,Angle,0,No,1,Non-Junction,1,Not an Intersection,0,None,,,1,On Roadway,2,Dark - Not Lighted,,,,,1,Clear,0,No,0000000,Not Applicable,21,9:00pm-9:59pm,45,45,21,9:00pm-9:59pm,50,50,88,"Not Applicable (Not Transported) ",88,Not Applicable (Not Transported),,,,,,,2,
2021,40,400217,Oklahoma,2,2,0,0,0,4,4,131,ROGERS (131),0,NOT APPLICABLE,6,6,6,June,2021,1,Sunday,14,2:00pm-2:59pm,18,18,1,This section IS ON the NHS,1,Rural,3,Principal Arterial - Other,1,State Highway Agency,2,U.S. Highway,US-412,CR-S4115,0,None,36.16440000,36.16440000,-95.681700000,-95.681700000,0,No Special Jurisdiction,12,Motor Vehicle In-Transport,6,Angle,0,No,2,Intersection,2,Four-Way Intersection,0,None,,,1,On Roadway,1,Daylight,,,,,1,Clear,0,No,0000000,Not Applicable,14,2:00pm-2:59pm,17,17,14,2:00pm-2:59pm,27,27,99,Unknown,99,Unknown EMS Hospital Arrival Time,,,,,,,1,
2021,40,400218,Oklahoma,1,1,0,0,0,1,1,133,SEMINOLE (133),0,NOT APPLICABLE,18,18,6,June,2021,6,Friday,23,11:00pm-11:59pm,49,49,0,This section IS NOT on the NHS,1,Rural,5,Major Collector,1,State Highway Agency,2,U.S. Highway,US-270B,US-270,1,1,35.15950000,35.15950000,-96.548000000,-96.548000000,0,No Special Jurisdiction,34,Ditch,0,The First Harmful Event was Not a Collision with a Motor Vehicle in Transport,1,Yes,3,Intersection-Related,3,T-Intersection,0,None,,,4,On Roadside,2,Dark - Not Lighted,,,,,1,Clear,0,No,0000000,Not Applicable,99,Unknown,98,Unknown if Notified,99,Unknown EMS Scene Arrival Hour,98,Unknown if Arrived,88,"Not Applicable (Not Transported) ",88,Not Applicable (Not Transported),,,,,,,1,
2021,40,400219,Oklahoma,1,1,0,1,1,1,1,143,TULSA (143),590,BROKEN ARROW,10,10,6,June,2021,5,Thursday,4,4:00am-4:59am,46,46,0,This section IS NOT on the NHS,2,Urban,4,Minor Arterial,4,City or Municipal Highway Agency,6,Local Street - Municipality,S ELM PL,,0,None,35.98089167,35.98089167,-95.797330560,-95.797330560,0,No Special Jurisdiction,9,Pedalcyclist,0,The First Harmful Event was Not a Collision with a Motor Vehicle in Transport,0,No,1,Non-Junction,1,Not an Intersection,0,None,,,1,On Roadway,3,Dark - Lighted,,,,,10,Cloudy,0,No,0000000,Not Applicable,4,4:00am-4:59am,46,46,4,4:00am-4:59am,50,50,5,5:00am-5:59am,31,31,,,,,,,1,
2021,40,400220,Oklahoma,2,2,0,0,0,3,3,143,TULSA (143),3630,OWASSO,10,10,3,March,2021,4,Wednesday,6,6:00am-6:59am,12,12,1,This section IS ON the NHS,2,Urban,3,Principal Arterial - Other,1,State Highway Agency,2,U.S. Highway,US-169,,0,None,36.29802222,36.29802222,-95.827161110,-95.827161110,0,No Special Jurisdiction,1,Rollover/Overturn,0,The First Harmful Event was Not a Collision with a Motor Vehicle in Transport,0,No,1,Non-Junction,1,Not an Intersection,0,None,,,3,On Median,2,Dark - Not Lighted,,,,,1,Clear,0,No,0000000,Not Applicable,99,Unknown,98,Unknown if Notified,99,Unknown EMS Scene Arrival Hour,98,Unknown if Arrived,88,"Not Applicable (Not Transported) ",88,Not Applicable (Not Transported),,,,,,,1,
2021,40,400221,Oklahoma,2,2,0,0,0,5,5,125,POTTAWATOMIE (125),0,NOT APPLICABLE,7,7,5,May,2021,6,Friday,6,6:00am-6:59am,5,5,0,This section IS NOT on the NHS,1,Rural,4,Minor Arterial,1,State Highway Agency,2,U.S. Highway,US-177,,65,65,35.06070000,35.06070000,-96.931500000,-96.931500000,0,No Special Jurisdiction,12,Motor Vehicle In-Transport,2,Front-to-Front,0,No,1,Non-Junction,1,Not an Intersection,0,None,,,1,On Roadway,1,Daylight,,,,,1,Clear,0,No,0000000,Not Applicable,99,Unknown,99,Unknown,99,Unknown EMS Scene Arrival Hour,99,Unknown EMS Scene Arrival Minutes,99,Unknown,99,Unknown EMS Hospital Arrival Time,,,,,,,3,
2021,40,400222,Oklahoma,2,2,0,0,0,6,6,19,CARTER (19),0,NOT APPLICABLE,6,6,6,June,2021,1,Sunday,17,5:00pm-5:59pm,39,39,0,This section IS NOT on the NHS,1,Rural,7,Local,2,County Highway Agency,4,County Road,CR-KELLER,,0,None,34.20140000,34.20140000,-97.369700000,-97.369700000,0,No Special Jurisdiction,12,Motor Vehicle In-Transport,2,Front-to-Front,0,No,1,Non-Junction,1,Not an Intersection,0,None,,,1,On Roadway,1,Daylight,,,,,10,Cloudy,0,No,0000000,Not Applicable,99,Unknown,99,Unknown,99,Unknown EMS Scene Arrival Hour,99,Unknown EMS Scene Arrival Minutes,99,Unknown,99,Unknown EMS Hospital Arrival Time,,,,,,,1,
2021,40,400223,Oklahoma,2,2,0,0,0,2,2,35,CRAIG (35),0,NOT APPLICABLE,8,8,6,June,2021,3,Tuesday,10,10:00am-10:59am,39,39,0,This section IS NOT on the NHS,1,Rural,4,Minor Arterial,1,State Highway Agency,3,State Highway,SR-2,,128,128,36.97610000,36.97610000,-95.083100000,-95.083100000,0,No Special Jurisdiction,12,Motor Vehicle In-Transport,6,Angle,0,No,8,Driveway Access Related,1,Not an Intersection,0,None,,,1,On Roadway,1,Daylight,,,,,10,Cloudy,0,No,0000000,Not Applicable,99,Unknown,99,Unknown,99,Unknown EMS Scene Arrival Hour,99,Unknown EMS Scene Arrival Minutes,99,Unknown,99,Unknown EMS Hospital Arrival Time,,,,,,,1,
2021,40,400224,Oklahoma,2,2,0,0,0,3,3,143,TULSA (143),4780,TULSA,30,30,5,May,2021,1,Sunday,15,3:00pm-3:59pm,1,1,0,This section IS NOT on the NHS,2,Urban,4,Minor Arterial,4,City or Municipal Highway Agency,6,Local Street - Municipality,S LEWIS AVE,E 8TH ST,0,None,36.14978056,36.14978056,-95.958230560,-95.958230560,0,No Special Jurisdiction,12,Motor Vehicle In-Transport,6,Angle,0,No,2,Intersection,3,T-Intersection,0,None,,,1,On Roadway,1,Daylight,,,,,1,Clear,0,No,0000000,Not Applicable,15,3:00pm-3:59pm,0,0,15,3:00pm-3:59pm,6,6,15,3:00pm-3:59pm,18,18,,,,,,,1,
2021,40,400225,Oklahoma,1,1,0,0,0,3,3,131,ROGERS (131),0,NOT APPLICABLE,2,2,6,June,2021,4,Wednesday,17,5:00pm-5:59pm,33,33,0,This section IS NOT on the NHS,1,Rural,7,Local,2,County Highway Agency,4,County Road,CR-NS4220,,0,None,36.51490000,36.51490000,-95.489400000,-95.489400000,0,No Special Jurisdiction,38,Fence,0,The First Harmful Event was Not a Collision with a Motor Vehicle in Transport,0,No,1,Non-Junction,1,Not an Intersection,0,None,,,4,On Roadside,1,Daylight,,,,,10,Cloudy,0,No,0000000,Not Applicable,17,5:00pm-5:59pm,36,36,17,5:00pm-5:59pm,54,54,18,6:00pm-6:59pm,30,30,,,,,,,1,
2021,40,400226,Oklahoma,2,2,0,0,0,4,4,119,PAYNE (119),4460,STILLWATER,19,19,3,March,2021,6,Friday,20,8:00pm-8:59pm,39,39,0,This section IS NOT on the NHS,2,Urban,3,Principal Arterial - Other,1,State Highway Agency,3,State Highway,SR-51 6TH ST,,0,None,36.11583889,36.11583889,-97.121991670,-97.121991670,0,No Special Jurisdiction,1,Rollover/Overturn,0,The First Harmful Event was Not a Collision with a Motor Vehicle in Transport,0,No,8,Driveway Access Related,1,Not an Intersection,0,None,,,1,On Roadway,3,Dark - Lighted,,,,,1,Clear,0,No,0000000,Not Applicable,99,Unknown,99,Unknown,99,Unknown EMS Scene Arrival Hour,99,Unknown EMS Scene Arrival Minutes,99,Unknown,99,Unknown EMS Hospital Arrival Time,,,,,,,1,
2021,40,400227,Oklahoma,1,1,0,1,1,1,1,109,OKLAHOMA (109),4990,WARR ACRES,4,4,2,February,2021,5,Thursday,9,9:00am-9:59am,1,1,0,This section IS NOT on the NHS,2,Urban,3,Principal Arterial - Other,4,City or Municipal Highway Agency,6,Local Street - Municipality,N MACARTHUR BLVD,,0,None,35.51674444,35.51674444,-97.618950000,-97.618950000,0,No Special Jurisdiction,8,Pedestrian,0,The First Harmful Event was Not a Collision with a Motor Vehicle in Transport,0,No,1,Non-Junction,1,Not an Intersection,4,"Work Zone, Type Unknown",,,1,On Roadway,1,Daylight,,,,,1,Clear,0,No,0000000,Not Applicable,99,Unknown,99,Unknown,99,Unknown EMS Scene Arrival Hour,99,Unknown EMS Scene Arrival Minutes,99,Unknown,99,Unknown EMS Hospital Arrival Time,,,,,,,1,
2021,40,400228,Oklahoma,1,1,0,0,0,2,2,97,MAYES (97),3855,PRYOR,10,10,3,March,2021,4,Wednesday,21,9:00pm-9:59pm,26,26,0,This section IS NOT on the NHS,2,Urban,3,Principal Arterial - Other,1,State Highway Agency,3,State Highway,SR-20 GRAHAM AVE,,0,None,36.30285556,36.30285556,-95.298022220,-95.298022220,0,No Special Jurisdiction,33,Curb,0,The First Harmful Event was Not a Collision with a Motor Vehicle in Transport,0,No,1,Non-Junction,1,Not an Intersection,0,None,,,4,On Roadside,2,Dark - Not Lighted,,,,,98,Not Reported,0,No,0000000,Not Applicable,21,9:00pm-9:59pm,30,30,22,10:00pm-10:59pm,6,6,22,10:00pm-10:59pm,46,46,,,,,,,1,
2021,40,400229,Oklahoma,6,6,0,0,0,12,12,109,OKLAHOMA (109),3550,OKLAHOMA CITY,11,11,5,May,2021,3,Tuesday,14,2:00pm-2:59pm,0,0,0,This section IS NOT on the NHS,2,Urban,4,Minor Arterial,4,City or Municipal Highway Agency,6,Local Street - Municipality,NE 10TH ST,,0,None,35.47870000,35.47870000,-97.426500000,-97.426500000,0,No Special Jurisdiction,12,Motor Vehicle In-Transport,6,Angle,0,No,1,Non-Junction,1,Not an Intersection,0,None,,,1,On Roadway,1,Daylight,,,,,1,Clear,0,No,0000000,Not Applicable,13,1:00pm-1:59pm,15,15,13,1:00pm-1:59pm,26,26,14,2:00pm-2:59pm,19,19,,,,,,,1,
2021,40,400230,Oklahoma,2,2,0,0,0,4,4,5,ATOKA (5),0,NOT APPLICABLE,20,20,5,May,2021,5,Thursday,11,11:00am-11:59am,35,35,1,This section IS ON the NHS,1,Rural,3,Principal Arterial - Other,1,State Highway Agency,3,State Highway,SR-3,,148,148,34.27490000,34.27490000,-95.915555560,-95.915555560,0,No Special Jurisdiction,12,Motor Vehicle In-Transport,6,Angle,0,No,1,Non-Junction,1,Not an Intersection,0,None,,,1,On Roadway,1,Daylight,,,,,2,Rain,0,No,0000000,Not Applicable,11,11:00am-11:59am,32,32,11,11:00am-11:59am,51,51,13,1:00pm-1:59pm,24,24,,,,,,,1,
2021,40,400231,Oklahoma,6,6,0,0,0,9,9,109,OKLAHOMA (109),3550,OKLAHOMA CITY,14,14,6,June,2021,2,Monday,12,12:00pm-12:59pm,56,56,1,This section IS ON the NHS,2,Urban,1,Interstate,1,State Highway Agency,1,Interstate,I-40,,0,None,35.46310000,35.46310000,-97.477200000,-97.477200000,0,No Special Jurisdiction,12,Motor Vehicle In-Transport,1,Front-to-Rear,0,No,1,Non-Junction,1,Not an Intersection,1,Construction,,,1,On Roadway,1,Daylight,,,,,1,Clear,0,No,0000000,Not Applicable,12,12:00pm-12:59pm,53,53,13,1:00pm-1:59pm,12,12,13,1:00pm-1:59pm,33,33,,,,,,,1,
2021,40,400232,Oklahoma,1,1,0,1,1,1,1,13,BRYAN (13),0,NOT APPLICABLE,4,4,6,June,2021,6,Friday,9,9:00am-9:59am,11,11,0,This section IS NOT on the NHS,1,Rural,5,Major Collector,1,State Highway Agency,3,State Highway,SR-70E,,97,97,33.90300000,33.90300000,-96.224800000,-96.224800000,0,No Special Jurisdiction,8,Pedestrian,0,The First Harmful Event was Not a Collision with a Motor Vehicle in Transport,0,No,1,Non-Junction,1,Not an Intersection,0,None,,,1,On Roadway,1,Daylight,,,,,1,Clear,0,No,0000000,Not Applicable,9,9:00am-9:59am,3,3,9,9:00am-9:59am,48,48,10,10:00am-10:59am,45,45,,,,,,,1,