caseyear,state,st_case,statename,ve_total,ve_forms,pvh_invl,peds,pernotmvit,permvit,persons,county,countyname,city,cityname,day,dayname,month,monthname,year,day_week,day_weekname,hour,hourname,minute,minutename,nhs,nhsname,rur_urb,rur_urbname,func_sys,func_sysname,rd_owner,rd_ownername,route,routename,tway_id,tway_id2,milept,mileptname,latitude,latitudename,longitud,longitudname,sp_jur,sp_jurname,harm_ev,harm_evname,man_coll,man_collname,reljct1,reljct1name,reljct2,reljct2name,typ_int,typ_intname,wrk_zone,wrk_zonename,road_fnc,road_fncname,rel_road,rel_roadname,lgt_cond,lgt_condname,weather1,weather1name,weather2,weather2name,weather,weathername,sch_bus,sch_busname,rail,railname,not_hour,not_hourname,not_min,not_minname,arr_hour,arr_hourname,arr_min,arr_minname,hosp_hr,hosp_hrname,hosp_mn,hosp_mnname,cf1,cf1name,cf2,cf2name,cf3,cf3name,fatals,drunk_dr
2021,40,400490,Oklahoma,3,3,0,0,0,6,6,109,OKLAHOMA (109),3550,OKLAHOMA CITY,25,25,10,October,2021,2,Monday,16,4:00pm-4:59pm,22,22,0,This section IS NOT on the NHS,2,Urban,7,Local,4,City or Municipal Highway Agency,7,Local Street - Frontage Road,"I-40 SERVICE RD ",S PENNSYLVANIA AVE,0,None,35.46130000,35.46130000,-97.547900000,-97.547900000,0,No Special Jurisdiction,12,Motor Vehicle In-Transport,6,Angle,0,No,2,Intersection,2,Four-Way Intersection,0,None,,,1,On Roadway,1,Daylight,,,,,1,Clear,0,No,0000000,Not Applicable,16,4:00pm-4:59pm,23,23,16,4:00pm-4:59pm,30,30,17,5:00pm-5:59pm,20,20,,,,,,,1,
2021,40,400491,Oklahoma,4,4,0,0,0,7,7,27,CLEVELAND (27),3550,OKLAHOMA CITY,25,25,10,October,2021,2,Monday,19,7:00pm-7:59pm,2,2,0,This section IS NOT on the NHS,2,Urban,4,Minor Arterial,4,City or Municipal Highway Agency,6,Local Street - Municipality,S PENNSYLVANIA AVE,SW 104TH ST,0,None,35.36340000,35.36340000,-97.547600000,-97.547600000,0,No Special Jurisdiction,12,Motor Vehicle In-Transport,6,Angle,0,No,2,Intersection,2,Four-Way Intersection,0,None,,,1,On Roadway,5,Dusk,,,,,10,Cloudy,0,No,0000000,Not Applicable,19,7:00pm-7:59pm,5,5,19,7:00pm-7:59pm,22,22,19,7:00pm-7:59pm,55,55,,,,,,,1,
2021,40,400492,Oklahoma,3,2,1,0,0,2,2,109,OKLAHOMA (109),3550,OKLAHOMA CITY,29,29,10,October,2021,6,Friday,6,6:00am-6:59am,27,27,1,This section IS ON the NHS,1,Rural,1,Interstate,1,State Highway Agency,1,Interstate,I-40,,0,None,35.38465556,35.38465556,-97.232219440,-97.232219440,0,No Special Jurisdiction,14,Parked Motor Vehicle,0,The First Harmful Event was Not a Collision with a Motor Vehicle in Transport,0,No,1,Non-Junction,1,Not an Intersection,0,None,,,2,On Shoulder,2,Dark - Not Lighted,,,,,1,Clear,0,No,0000000,Not Applicable,6,6:00am-6:59am,28,28,6,6:00am-6:59am,49,49,7,7:00am-7:59am,23,23,,,,,,,1,
2021,40,400493,Oklahoma,2,2,0,0,0,2,2,41,DELAWARE (41),0,NOT APPLICABLE,3,3,11,November,2021,4,Wednesday,16,4:00pm-4:59pm,59,59,0,This section IS NOT on the NHS,1,Rural,5,Major Collector,1,State Highway Agency,3,State Highway,SR-25 E290RD,,0,None,36.59800000,36.59800000,-94.641300000,-94.641300000,0,No Special Jurisdiction,12,Motor Vehicle In-Transport,2,Front-to-Front,0,No,1,Non-Junction,1,Not an Intersection,0,None,,,1,On Roadway,1,Daylight,,,,,1,Clear,0,No,0000000,Not Applicable,99,Unknown,98,Unknown if Notified,99,Unknown EMS Scene Arrival Hour,98,Unknown if Arrived,88,"Not Applicable (Not Transported) ",88,Not Applicable (Not Transported),,,,,,,1,
2021,40,400494,Oklahoma,1,1,0,0,0,2,2,143,TULSA (143),4170,SAND SPRINGS,27,27,10,October,2021,4,Wednesday,21,9:00pm-9:59pm,33,33,0,This section IS NOT on the NHS,2,Urban,7,Local,2,County Highway Agency,4,County Road,CR-W 34TH ST S,,0,None,36.11460000,36.11460000,-96.072500000,-96.072500000,0,No Special Jurisdiction,35,Embankment,0,The First Harmful Event was Not a Collision with a Motor Vehicle in Transport,0,No,1,Non-Junction,1,Not an Intersection,0,None,,,4,On Roadside,2,Dark - Not Lighted,,,,,10,Cloudy,0,No,0000000,Not Applicable,22,10:00pm-10:59pm,33,33,22,10:00pm-10:59pm,46,46,23,11:00pm-11:59pm,59,59,,,,,,,1,
2021,40,400495,Oklahoma,1,1,0,0,0,1,1,5,ATOKA (5),0,NOT APPLICABLE,29,29,10,October,2021,6,Friday,20,8:00pm-8:59pm,21,21,1,This section IS ON the NHS,1,Rural,3,Principal Arterial - Other,1,State Highway Agency,3,State Highway,SR-3,,0,None,34.32950000,34.32950000,-96.048200000,-96.048200000,0,No Special Jurisdiction,34,Ditch,0,The First Harmful Event was Not a Collision with a Motor Vehicle in Transport,0,No,1,Non-Junction,1,Not an Intersection,0,None,,,4,On Roadside,2,Dark - Not Lighted,,,,,1,Clear,0,No,0000000,Not Applicable,99,Unknown,98,Unknown if Notified,99,Unknown EMS Scene Arrival Hour,98,Unknown if Arrived,88,"Not Applicable (Not Transported) ",88,Not Applicable (Not Transported),,,,,,,1,
2021,40,400496,Oklahoma,1,1,0,0,0,1,1,47,GARFIELD (47),0,NOT APPLICABLE,30,30,9,September,2021,5,Thursday,14,2:00pm-2:59pm,9,9,0,This section IS NOT on the NHS,1,Rural,5,Major Collector,2,County Highway Agency,4,County Road,CR-KEOWEE E32,,0,None,36.55010000,36.55010000,-97.916400000,-97.916400000,0,No Special Jurisdiction,24,Guardrail Face,0,The First Harmful Event was Not a Collision with a Motor Vehicle in Transport,0,No,1,Non-Junction,1,Not an Intersection,0,None,,,4,On Roadside,1,Daylight,,,,,10,Cloudy,0,No,0000000,Not Applicable,14,2:00pm-2:59pm,5,5,14,2:00pm-2:59pm,28,28,15,3:00pm-3:59pm,27,27,,,,,,,1,
2021,40,400497,Oklahoma,1,1,0,1,1,1,1,31,COMANCHE (31),2750,LAWTON,24,24,9,September,2021,6,Friday,12,12:00pm-12:59pm,47,47,0,This section IS NOT on the NHS,2,Urban,7,Local,4,City or Municipal Highway Agency,6,Local Street - Municipality,SW 17TH AVE,SW A AVE,0,None,34.60752500,34.60752500,-98.413522220,-98.413522220,0,No Special Jurisdiction,9,Pedalcyclist,0,The First Harmful Event was Not a Collision with a Motor Vehicle in Transport,0,No,2,Intersection,2,Four-Way Intersection,0,None,,,1,On Roadway,1,Daylight,,,,,10,Cloudy,0,No,0000000,Not Applicable,12,12:00pm-12:59pm,51,51,12,12:00pm-12:59pm,53,53,13,1:00pm-1:59pm,15,15,,,,,,,1,
2021,40,400498,Oklahoma,2,2,0,0,0,3,3,93,MAJOR (93),0,NOT APPLICABLE,16,16,10,October,2021,7,Saturday,16,4:00pm-4:59pm,47,47,0,This section IS NOT on the NHS,1,Rural,5,Major Collector,1,State Highway Agency,3,State Highway,SR-58,US-60 us-412,96,96,36.39130000,36.39130000,-98.247800000,-98.247800000,0,No Special Jurisdiction,12,Motor Vehicle In-Transport,6,Angle,0,No,2,Intersection,2,Four-Way Intersection,0,None,,,1,On Roadway,1,Daylight,,,,,1,Clear,0,No,0000000,Not Applicable,99,Unknown,99,Unknown,99,Unknown EMS Scene Arrival Hour,99,Unknown EMS Scene Arrival Minutes,99,Unknown,99,Unknown EMS Hospital Arrival Time,,,,,,,1,
2021,40,400499,Oklahoma,1,1,0,0,0,4,4,71,KAY (71),0,NOT APPLICABLE,26,26,10,October,2021,3,Tuesday,22,10:00pm-10:59pm,26,26,0,This section IS NOT on the NHS,1,Rural,7,Local,2,County Highway Agency,4,County Road,CR-ENTERPRISE,,0,None,36.97700000,36.97700000,-96.957600000,-96.957600000,0,No Special Jurisdiction,32,Culvert,0,The First Harmful Event was Not a Collision with a Motor Vehicle in Transport,0,No,1,Non-Junction,1,Not an Intersection,0,None,,,4,On Roadside,2,Dark - Not Lighted,,,,,10,Cloudy,0,No,0000000,Not Applicable,99,Unknown,99,Unknown,99,Unknown EMS Scene Arrival Hour,99,Unknown EMS Scene Arrival Minutes,99,Unknown,99,Unknown EMS Hospital Arrival Time,,,,,,,1,
2021,40,400500,Oklahoma,1,1,0,0,0,1,1,115,OTTAWA (115),3160,MIAMI,9,9,5,May,2021,1,Sunday,0,0:00am-0:59am,52,52,0,This section IS NOT on the NHS,2,Urban,7,Local,4,City or Municipal Highway Agency,6,Local Street - Municipality,ROCKDALE AVE,,0,None,36.88537222,36.88537222,-94.857313890,-94.857313890,0,No Special Jurisdiction,42,Tree (Standing Only),0,The First Harmful Event was Not a Collision with a Motor Vehicle in Transport,0,No,1,Non-Junction,1,Not an Intersection,0,None,,,4,On Roadside,3,Dark - Lighted,,,,,10,Cloudy,0,No,0000000,Not Applicable,99,Unknown,99,Unknown,99,Unknown EMS Scene Arrival Hour,99,Unknown EMS Scene Arrival Minutes,99,Unknown,99,Unknown EMS Hospital Arrival Time,,,,,,,1,
2021,40,400501,Oklahoma,1,1,0,0,0,4,4,115,OTTAWA (115),0,NOT APPLICABLE,17,17,9,September,2021,6,Friday,14,2:00pm-2:59pm,11,11,0,This section IS NOT on the NHS,1,Rural,5,Major Collector,1,State Highway Agency,3,State Highway,SR-10C E100 RD,,0,None,36.87080000,36.87080000,-94.679200000,-94.679200000,0,No Special Jurisdiction,1,Rollover/Overturn,0,The First Harmful Event was Not a Collision with a Motor Vehicle in Transport,0,No,1,Non-Junction,1,Not an Intersection,0,None,,,4,On Roadside,1,Daylight,,,,,1,Clear,0,No,0000000,Not Applicable,14,2:00pm-2:59pm,9,9,14,2:00pm-2:59pm,18,18,14,2:00pm-2:59pm,31,31,,,,,,,3,
2021,40,400502,Oklahoma,1,1,0,0,0,2,2,47,GARFIELD (47),1550,ENID,13,13,10,October,2021,4,Wednesday,1,1:00am-1:59am,55,55,0,This section IS NOT on the NHS,2,Urban,7,Local,4,City or Municipal Highway Agency,6,Local Street - Municipality,E MAINE ST,,0,None,36.39558889,36.39558889,-97.877677780,-97.877677780,0,No Special Jurisdiction,33,Curb,0,The First Harmful Event was Not a Collision with a Motor Vehicle in Transport,0,No,1,Non-Junction,1,Not an Intersection,0,None,,,4,On Roadside,3,Dark - Lighted,,,,,10,Cloudy,0,No,0000000,Not Applicable,99,Unknown,98,Unknown if Notified,99,Unknown EMS Scene Arrival Hour,98,Unknown if Arrived,88,"Not Applicable (Not Transported) ",88,Not Applicable (Not Transported),,,,,,,2,
2021,40,400503,Oklahoma,1,1,0,0,0,2,2,43,DEWEY (43),0,NOT APPLICABLE,15,15,10,October,2021,6,Friday,3,3:00am-3:59am,22,22,0,This section IS NOT on the NHS,1,Rural,7,Local,2,County Highway Agency,4,County Road,CR-EW0740,,0,None,35.94230000,35.94230000,-98.715100000,-98.715100000,0,No Special Jurisdiction,11,Live Animal,0,The First Harmful Event was Not a Collision with a Motor Vehicle in Transport,0,No,1,Non-Junction,1,Not an Intersection,0,None,,,1,On Roadway,2,Dark - Not Lighted,,,,,10,Cloudy,0,No,0000000,Not Applicable,4,4:00am-4:59am,12,12,4,4:00am-4:59am,55,55,6,6:00am-6:59am,10,10,,,,,,,1,
2021,40,400504,Oklahoma,1,1,0,0,0,2,2,91,MCINTOSH (91),0,NOT APPLICABLE,24,24,10,October,2021,1,Sunday,13,1:00pm-1:59pm,38,38,1,This section IS ON the NHS,1,Rural,3,Principal Arterial - Other,31,State Toll Road,8,Other,INDIAN NATION TURNPIKE,,0,None,35.35600000,35.35600000,-95.957300000,-95.957300000,0,No Special Jurisdiction,52,Guardrail End,0,The First Harmful Event was Not a Collision with a Motor Vehicle in Transport,0,No,1,Non-Junction,1,Not an Intersection,0,None,,,4,On Roadside,1,Daylight,,,,,1,Clear,0,No,0000000,Not Applicable,99,Unknown,99,Unknown,99,Unknown EMS Scene Arrival Hour,99,Unknown EMS Scene Arrival Minutes,99,Unknown,99,Unknown EMS Hospital Arrival Time,,,,,,,1,
2021,40,400505,Oklahoma,2,2,0,0,0,2,2,15,CADDO (15),0,NOT APPLICABLE,25,25,10,October,2021,2,Monday,7,7:00am-7:59am,49,49,1,This section IS ON the NHS,1,Rural,1,Interstate,1,State Highway Agency,1,Interstate,I-40,,0,None,35.52930000,35.52930000,-98.480300000,-98.480300000,0,No Special Jurisdiction,12,Motor Vehicle In-Transport,1,Front-to-Rear,0,No,1,Non-Junction,1,Not an Intersection,0,None,,,1,On Roadway,4,Dawn,,,,,1,Clear,0,No,0000000,Not Applicable,99,Unknown,99,Unknown,99,Unknown EMS Scene Arrival Hour,99,Unknown EMS Scene Arrival Minutes,99,Unknown,99,Unknown EMS Hospital Arrival Time,,,,,,,1,
2021,40,400506,Oklahoma,3,3,0,0,0,7,7,17,CANADIAN (17),3550,OKLAHOMA CITY,29,29,10,October,2021,6,Friday,23,11:00pm-11:59pm,22,22,0,This section IS NOT on the NHS,2,Urban,3,Principal Arterial - Other,1,State Highway Agency,3,State Highway,SR-66,,0,None,35.51530000,35.51530000,-97.699400000,-97.699400000,0,No Special Jurisdiction,12,Motor Vehicle In-Transport,1,Front-to-Rear,0,No,1,Non-Junction,1,Not an Intersection,0,None,,,1,On Roadway,2,Dark - Not Lighted,,,,,10,Cloudy,0,No,0000000,Not Applicable,23,11:00pm-11:59pm,23,23,23,11:00pm-11:59pm,40,40,0,0:00am-0:59am,15,15,,,,,,,1,
2021,40,400507,Oklahoma,1,1,0,0,0,2,2,103,NOBLE (103),0,NOT APPLICABLE,4,4,11,November,2021,5,Thursday,7,7:00am-7:59am,13,13,1,This section IS ON the NHS,1,Rural,1,Interstate,1,State Highway Agency,1,Interstate,I-35,,0,None,36.15921944,36.15921944,-97.327313890,-97.327313890,0,No Special Jurisdiction,18,Other Object (not fixed),0,The First Harmful Event was Not a Collision with a Motor Vehicle in Transport,0,No,1,Non-Junction,1,Not an Intersection,0,None,,,3,On Median,2,Dark - Not Lighted,,,,,10,Cloudy,0,No,0000000,Not Applicable,99,Unknown,99,Unknown,99,Unknown EMS Scene Arrival Hour,99,Unknown EMS Scene Arrival Minutes,99,Unknown,99,Unknown EMS Hospital Arrival Time,,,,,,,1,
2021,40,400508,Oklahoma,2,2,0,0,0,3,3,143,TULSA (143),4780,TULSA,6,6,11,November,2021,7,Saturday,21,9:00pm-9:59pm,55,55,0,This section IS NOT on the NHS,2,Urban,3,Principal Arterial - Other,1,State Highway Agency,3,State Highway,SR-51,,0,None,36.08890000,36.08890000,-95.835200000,-95.835200000,0,No Special Jurisdiction,12,Motor Vehicle In-Transport,2,Front-to-Front,0,No,1,Non-Junction,1,Not an Intersection,0,None,,,1,On Roadway,3,Dark - Lighted,,,,,1,Clear,0,No,0000000,Not Applicable,21,9:00pm-9:59pm,57,57,22,10:00pm-10:59pm,9,9,22,10:00pm-10:59pm,36,36,,,,,,,3,
2021,40,400509,Oklahoma,2,2,0,0,0,2,2,135,SEQUOYAH (135),0,NOT APPLICABLE,7,7,11,November,2021,1,Sunday,19,7:00pm-7:59pm,13,13,0,This section IS NOT on the NHS,1,Rural,5,Major Collector,1,State Highway Agency,2,U.S. Highway,US-64,,21,21,35.50040000,35.50040000,-95.043600000,-95.043600000,0,No Special Jurisdiction,12,Motor Vehicle In-Transport,6,Angle,0,No,1,Non-Junction,1,Not an Intersection,0,None,,,1,On Roadway,2,Dark - Not Lighted,,,,,1,Clear,0,No,0000000,Not Applicable,19,7:00pm-7:59pm,13,13,19,7:00pm-7:59pm,33,33,20,8:00pm-8:59pm,32,32,,,,,,,1,
2021,40,400510,Oklahoma,2,2,0,0,0,3,3,143,TULSA (143),4780,TULSA,8,8,11,November,2021,2,Monday,18,6:00pm-6:59pm,47,47,0,This section IS NOT on the NHS,2,Urban,3,Principal Arterial - Other,4,City or Municipal Highway Agency,6,Local Street - Municipality,"E 71ST ST ",S WHEELING AVE,0,None,36.06080000,36.06080000,-95.963300000,-95.963300000,0,No Special Jurisdiction,12,Motor Vehicle In-Transport,6,Angle,0,No,2,Intersection,3,T-Intersection,0,None,,,1,On Roadway,2,Dark - Not Lighted,,,,,10,Cloudy,0,No,0000000,Not Applicable,18,6:00pm-6:59pm,48,48,18,6:00pm-6:59pm,55,55,19,7:00pm-7:59pm,13,13,,,,,,,1,
2021,40,400511,Oklahoma,1,1,0,1,1,1,1,31,COMANCHE (31),2750,LAWTON,9,9,10,October,2021,7,Saturday,20,8:00pm-8:59pm,21,21,0,This section IS NOT on the NHS,2,Urban,7,Local,4,City or Municipal Highway Agency,6,Local Street - Municipality,SW 11TH ST,SW SUMMIT AVE,0,None,34.59542778,34.59542778,-98.404713890,-98.404713890,0,No Special Jurisdiction,8,Pedestrian,0,The First Harmful Event was Not a Collision with a Motor Vehicle in Transport,0,No,3,Intersection-Related,2,Four-Way Intersection,0,None,,,1,On Roadway,3,Dark - Lighted,,,,,1,Clear,0,No,0000000,Not Applicable,99,Unknown,99,Unknown,99,Unknown EMS Scene Arrival Hour,99,Unknown EMS Scene Arrival Minutes,99,Unknown,99,Unknown EMS Hospital Arrival Time,,,,,,,1,
2021,40,400512,Oklahoma,2,2,0,0,0,2,2,143,TULSA (143),4780,TULSA,13,13,11,November,2021,7,Saturday,17,5:00pm-5:59pm,49,49,0,This section IS NOT on the NHS,2,Urban,4,Minor Arterial,4,City or Municipal Highway Agency,6,Local Street - Municipality,S LEWIS AVE,,0,None,36.10920000,36.10920000,-95.958100000,-95.958100000,0,No Special Jurisdiction,12,Motor Vehicle In-Transport,6,Angle,0,No,1,Non-Junction,1,Not an Intersection,0,None,,,1,On Roadway,2,Dark - Not Lighted,,,,,1,Clear,0,No,0000000,Not Applicable,17,5:00pm-5:59pm,49,49,17,5:00pm-5:59pm,59,59,18,6:00pm-6:59pm,27,27,,,,,,,1,
2021,40,400513,Oklahoma,2,2,0,0,0,4,4,87,MCCLAIN (87),3378,NEW CASTLE,10,10,7,July,2021,7,Saturday,23,11:00pm-11:59pm,38,38,0,This section IS NOT on the NHS,1,Rural,7,Local,4,City or Municipal Highway Agency,6,Local Street - Municipality,N US-62 SERVICE RD,,0,None,35.29504167,35.29504167,-97.598961110,-97.598961110,0,No Special Jurisdiction,12,Motor Vehicle In-Transport,2,Front-to-Front,0,No,1,Non-Junction,1,Not an Intersection,0,None,,,1,On Roadway,2,Dark - Not Lighted,,,,,2,Rain,0,No,0000000,Not Applicable,23,11:00pm-11:59pm,41,41,23,11:00pm-11:59pm,57,57,0,0:00am-0:59am,30,30,,,,,,,1,
2021,40,400514,Oklahoma,1,1,0,0,0,1,1,143,TULSA (143),400,BIXBY,10,10,10,October,2021,1,Sunday,1,1:00am-1:59am,34,34,0,This section IS NOT on the NHS,2,Urban,3,Principal Arterial - Other,1,State Highway Agency,2,U.S. Highway,US-64 S MEMORIAL DR,,0,None,35.96380833,35.96380833,-95.886547220,-95.886547220,0,No Special Jurisdiction,1,Rollover/Overturn,0,The First Harmful Event was Not a Collision with a Motor Vehicle in Transport,0,No,1,Non-Junction,1,Not an Intersection,0,None,,,4,On Roadside,3,Dark - Lighted,,,,,10,Cloudy,0,No,0000000,Not Applicable,99,Unknown,98,Unknown if Notified,99,Unknown EMS Scene Arrival Hour,98,Unknown if Arrived,88,"Not Applicable (Not Transported) ",88,Not Applicable (Not Transported),,,,,,,1,
2021,40,400515,Oklahoma,2,2,0,0,0,5,5,133,SEMINOLE (133),0,NOT APPLICABLE,12,12,11,November,2021,6,Friday,22,10:00pm-10:59pm,44,44,0,This section IS NOT on the NHS,1,Rural,5,Major Collector,1,State Highway Agency,3,State Highway,SR-9,CR-NS5320,21,21,35.24720000,35.24720000,-96.741000000,-96.741000000,0,No Special Jurisdiction,12,Motor Vehicle In-Transport,6,Angle,0,No,2,Intersection,2,Four-Way Intersection,0,None,,,1,On Roadway,2,Dark - Not Lighted,,,,,1,Clear,0,No,0000000,Not Applicable,22,10:00pm-10:59pm,43,43,23,11:00pm-11:59pm,24,24,0,0:00am-0:59am,11,11,,,,,,,1,
2021,40,400516,Oklahoma,1,1,0,0,0,1,1,63,HUGHES (63),0,NOT APPLICABLE,9,9,7,July,2021,6,Friday,18,6:00pm-6:59pm,2,2,0,This section IS NOT on the NHS,1,Rural,5,Major Collector,2,County Highway Agency,4,County Road,CR-N3775,,0,None,34.85390000,34.85390000,-96.293700000,-96.293700000,0,No Special Jurisdiction,38,Fence,0,The First Harmful Event was Not a Collision with a Motor Vehicle in Transport,0,No,1,Non-Junction,1,Not an Intersection,0,None,,,4,On Roadside,1,Daylight,,,,,1,Clear,0,No,0000000,Not Applicable,17,5:00pm-5:59pm,38,38,18,6:00pm-6:59pm,2,2,18,6:00pm-6:59pm,57,57,,,,,,,1,
2021,40,400517,Oklahoma,1,1,0,1,1,2,2,125,POTTAWATOMIE (125),4650,TECUMSEH,14,14,8,August,2021,7,Saturday,19,7:00pm-7:59pm,24,24,0,This section IS NOT on the NHS,2,Urban,7,Local,4,City or Municipal Highway Agency,6,Local Street - Municipality,BENSON PARK RD,,0,None,35.28972222,35.28972222,-96.944836110,-96.944836110,0,No Special Jurisdiction,9,Pedalcyclist,0,The First Harmful Event was Not a Collision with a Motor Vehicle in Transport,0,No,1,Non-Junction,1,Not an Intersection,0,None,,,1,On Roadway,1,Daylight,,,,,1,Clear,0,No,0000000,Not Applicable,19,7:00pm-7:59pm,27,27,19,7:00pm-7:59pm,32,32,19,7:00pm-7:59pm,55,55,,,,,,,1,
2021,40,400518,Oklahoma,1,1,0,0,0,1,1,31,COMANCHE (31),2750,LAWTON,25,25,9,September,2021,7,Saturday,18,6:00pm-6:59pm,40,40,0,This section IS NOT on the NHS,2,Urban,7,Local,4,City or Municipal Highway Agency,6,Local Street - Municipality,SW 67TH ST,,0,None,34.60507778,34.60507778,-98.474727780,-98.474727780,0,No Special Jurisdiction,33,Curb,0,The First Harmful Event was Not a Collision with a Motor Vehicle in Transport,0,No,1,Non-Junction,1,Not an Intersection,0,None,,,3,On Median,1,Daylight,,,,,1,Clear,0,No,0000000,Not Applicable,18,6:00pm-6:59pm,45,45,18,6:00pm-6:59pm,52,52,19,7:00pm-7:59pm,6,6,,,,,,,1,
2021,40,400519,Oklahoma,2,2,0,0,0,2,2,79,LE FLORE (79),3798,POCOLA,31,31,10,October,2021,1,Sunday,0,0:00am-0:59am,20,20,0,This section IS NOT on the NHS,1,Rural,3,Principal Arterial - Other,1,State Highway Agency,3,State Highway,SR-271,,0,None,35.28401389,35.28401389,-94.454205560,-94.454205560,0,No Special Jurisdiction,12,Motor Vehicle In-Transport,2,Front-to-Front,0,No,1,Non-Junction,1,Not an Intersection,0,None,,,1,On Roadway,2,Dark - Not Lighted,,,,,1,Clear,0,No,0000000,Not Applicable,99,Unknown,99,Unknown,99,Unknown EMS Scene Arrival Hour,99,Unknown EMS Scene Arrival Minutes,99,Unknown,99,Unknown EMS Hospital Arrival Time,,,,,,,1,
2021,40,400520,Oklahoma,1,1,0,0,0,1,1,143,TULSA (143),4780,TULSA,22,22,10,October,2021,6,Friday,1,1:00am-1:59am,51,51,1,This section IS ON the NHS,2,Urban,1,Interstate,1,State Highway Agency,1,Interstate,I-44 EXIT RAMP,,0,None,36.08870000,36.08870000,-96.026700000,-96.026700000,0,No Special Jurisdiction,1,Rollover/Overturn,0,The First Harmful Event was Not a Collision with a Motor Vehicle in Transport,1,Yes,20,Entrance/Exit Ramp,1,Not an Intersection,0,None,,,1,On Roadway,2,Dark - Not Lighted,,,,,1,Clear,0,No,0000000,Not Applicable,1,1:00am-1:59am,50,50,1,1:00am-1:59am,59,59,2,2:00am-2:59am,24,24,,,,,,,1,
2021,40,400521,Oklahoma,3,3,0,0,0,4,4,9,BECKHAM (9),0,NOT APPLICABLE,23,23,10,October,2021,7,Saturday,20,8:00pm-8:59pm,31,31,1,This section IS ON the NHS,1,Rural,1,Interstate,1,State Highway Agency,1,Interstate,I-40,,0,None,35.36720000,35.36720000,-99.545700000,-99.545700000,0,No Special Jurisdiction,12,Motor Vehicle In-Transport,1,Front-to-Rear,0,No,1,Non-Junction,1,Not an Intersection,0,None,,,1,On Roadway,2,Dark - Not Lighted,,,,,1,Clear,0,No,0000000,Not Applicable,20,8:00pm-8:59pm,40,40,21,9:00pm-9:59pm,30,30,22,10:00pm-10:59pm,38,38,,,,,,,1,
2021,40,400522,Oklahoma,2,2,0,0,0,4,4,47,GARFIELD (47),0,NOT APPLICABLE,4,4,11,November,2021,5,Thursday,4,4:00am-4:59am,44,44,1,This section IS ON the NHS,1,Rural,3,Principal Arterial - Other,1,State Highway Agency,2,U.S. Highway,US-64,,46,46,36.39770000,36.39770000,-97.755400000,-97.755400000,0,No Special Jurisdiction,12,Motor Vehicle In-Transport,1,Front-to-Rear,0,No,6,"Railway Grade Crossing ",1,Not an Intersection,0,None,,,1,On Roadway,2,Dark - Not Lighted,,,,,1,Clear,0,No,011717R,011717R,99,Unknown,99,Unknown,99,Unknown EMS Scene Arrival Hour,99,Unknown EMS Scene Arrival Minutes,99,Unknown,99,Unknown EMS Hospital Arrival Time,,,,,,,1,
2021,40,400523,Oklahoma,2,2,0,0,0,2,2,109,OKLAHOMA (109),3550,OKLAHOMA CITY,6,6,11,November,2021,7,Saturday,3,3:00am-3:59am,53,53,1,This section IS ON the NHS,2,Urban,3,Principal Arterial - Other,1,State Highway Agency,3,State Highway,SR-74 LAKE HEFNER PARKWAY,,0,None,35.58970000,35.58970000,-97.584300000,-97.584300000,0,No Special Jurisdiction,12,Motor Vehicle In-Transport,2,Front-to-Front,0,No,1,Non-Junction,1,Not an Intersection,0,None,,,1,On Roadway,2,Dark - Not Lighted,,,,,1,Clear,0,No,0000000,Not Applicable,99,Unknown,98,Unknown if Notified,99,Unknown EMS Scene Arrival Hour,98,Unknown if Arrived,88,"Not Applicable (Not Transported) ",88,Not Applicable (Not Transported),,,,,,,2,
2021,40,400524,Oklahoma,2,2,0,0,0,3,3,109,OKLAHOMA (109),3550,OKLAHOMA CITY,13,13,11,November,2021,7,Saturday,18,6:00pm-6:59pm,25,25,0,This section IS NOT on the NHS,2,Urban,4,Minor Arterial,4,City or Municipal Highway Agency,6,Local Street - Municipality,NW 122ND ST,,0,None,35.59470000,35.59470000,-97.598700000,-97.598700000,0,No Special Jurisdiction,12,Motor Vehicle In-Transport,2,Front-to-Front,0,No,1,Non-Junction,1,Not an Intersection,0,None,,,1,On Roadway,2,Dark - Not Lighted,,,,,10,Cloudy,0,No,0000000,Not Applicable,18,6:00pm-6:59pm,26,26,18,6:00pm-6:59pm,47,47,19,7:00pm-7:59pm,28,28,,,,,,,1,
2021,40,400525,Oklahoma,1,1,0,1,1,1,1,109,OKLAHOMA (109),3550,OKLAHOMA CITY,18,18,11,November,2021,5,Thursday,12,12:00pm-12:59pm,45,45,0,This section IS NOT on the NHS,2,Urban,3,Principal Arterial - Other,4,City or Municipal Highway Agency,6,Local Street - Municipality,NE 23RD ST,,0,None,35.49310000,35.49310000,-97.509600000,-97.509600000,0,No Special Jurisdiction,8,Pedestrian,0,The First Harmful Event was Not a Collision with a Motor Vehicle in Transport,0,No,1,Non-Junction,1,Not an Intersection,0,None,,,1,On Roadway,1,Daylight,,,,,1,Clear,0,No,0000000,Not Applicable,12,12:00pm-12:59pm,45,45,12,12:00pm-12:59pm,53,53,13,1:00pm-1:59pm,16,16,,,,,,,1,
2021,40,400526,Oklahoma,1,1,0,0,0,1,1,91,MCINTOSH (91),0,NOT APPLICABLE,19,19,11,November,2021,6,Friday,3,3:00am-3:59am,30,30,0,This section IS NOT on the NHS,1,Rural,5,Major Collector,2,County Highway Agency,4,County Road,CR-TEXANNA RD,,0,None,35.36240000,35.36240000,-95.362400000,-95.362400000,0,No Special Jurisdiction,1,Rollover/Overturn,0,The First Harmful Event was Not a Collision with a Motor Vehicle in Transport,0,No,1,Non-Junction,1,Not an Intersection,0,None,,,4,On Roadside,2,Dark - Not Lighted,,,,,1,Clear,0,No,0000000,Not Applicable,99,Unknown,98,Unknown if Notified,99,Unknown EMS Scene Arrival Hour,98,Unknown if Arrived,88,"Not Applicable (Not Transported) ",88,Not Applicable (Not Transported),,,,,,,1,