caseyear,state,st_case,statename,ve_total,ve_forms,pvh_invl,peds,pernotmvit,permvit,persons,county,countyname,city,cityname,day,dayname,month,monthname,year,day_week,day_weekname,hour,hourname,minute,minutename,nhs,nhsname,rur_urb,rur_urbname,func_sys,func_sysname,rd_owner,rd_ownername,route,routename,tway_id,tway_id2,milept,mileptname,latitude,latitudename,longitud,longitudname,sp_jur,sp_jurname,harm_ev,harm_evname,man_coll,man_collname,reljct1,reljct1name,reljct2,reljct2name,typ_int,typ_intname,wrk_zone,wrk_zonename,road_fnc,road_fncname,rel_road,rel_roadname,lgt_cond,lgt_condname,weather1,weather1name,weather2,weather2name,weather,weathername,sch_bus,sch_busname,rail,railname,not_hour,not_hourname,not_min,not_minname,arr_hour,arr_hourname,arr_min,arr_minname,hosp_hr,hosp_hrname,hosp_mn,hosp_mnname,cf1,cf1name,cf2,cf2name,cf3,cf3name,fatals,drunk_dr
2021,40,400672,Oklahoma,1,1,0,1,1,1,1,71,KAY (71),2480,KAW CITY,29,29,12,December,2021,4,Wednesday,20,8:00pm-8:59pm,47,47,0,This section IS NOT on the NHS,1,Rural,5,Major Collector,1,State Highway Agency,3,State Highway,SR-11,,0,None,36.76470000,36.76470000,-96.883400000,-96.883400000,0,No Special Jurisdiction,8,Pedestrian,0,The First Harmful Event was Not a Collision with a Motor Vehicle in Transport,0,No,1,Non-Junction,1,Not an Intersection,0,None,,,1,On Roadway,2,Dark - Not Lighted,,,,,1,Clear,0,No,0000000,Not Applicable,20,8:00pm-8:59pm,41,41,21,9:00pm-9:59pm,39,39,23,11:00pm-11:59pm,12,12,,,,,,,1,
2021,40,400673,Oklahoma,1,1,0,0,0,1,1,21,CHEROKEE (21),4600,TAHLEQUAH,11,11,10,October,2021,2,Monday,3,3:00am-3:59am,15,15,0,This section IS NOT on the NHS,2,Urban,5,Major Collector,2,County Highway Agency,4,County Road,CR-COFFEE HOLLOW RD,,0,None,35.85954722,35.85954722,-95.003058330,-95.003058330,0,No Special Jurisdiction,42,Tree (Standing Only),0,The First Harmful Event was Not a Collision with a Motor Vehicle in Transport,0,No,1,Non-Junction,1,Not an Intersection,0,None,,,4,On Roadside,2,Dark - Not Lighted,,,,,10,Cloudy,0,No,0000000,Not Applicable,99,Unknown,98,Unknown if Notified,99,Unknown EMS Scene Arrival Hour,98,Unknown if Arrived,88,"Not Applicable (Not Transported) ",88,Not Applicable (Not Transported),,,,,,,1,
2021,40,400674,Oklahoma,2,2,0,0,0,2,2,119,PAYNE (119),4460,STILLWATER,10,10,10,October,2021,1,Sunday,5,5:00am-5:59am,40,40,0,This section IS NOT on the NHS,2,Urban,3,Principal Arterial - Other,1,State Highway Agency,3,State Highway,SR-51 W 6TH AVE,,0,None,36.11603056,36.11603056,-97.141219440,-97.141219440,0,No Special Jurisdiction,12,Motor Vehicle In-Transport,2,Front-to-Front,0,No,1,Non-Junction,1,Not an Intersection,0,None,,,1,On Roadway,2,Dark - Not Lighted,,,,,1,Clear,0,No,0000000,Not Applicable,5,5:00am-5:59am,43,43,5,5:00am-5:59am,47,47,6,6:00am-6:59am,27,27,,,,,,,1,
2021,40,400675,Oklahoma,1,1,0,0,0,2,2,5,ATOKA (5),260,ATOKA,25,25,10,October,2021,2,Monday,16,4:00pm-4:59pm,48,48,1,This section IS ON the NHS,1,Rural,3,Principal Arterial - Other,1,State Highway Agency,2,U.S. Highway,US-69,,0,None,34.39376389,34.39376389,-96.125386110,-96.125386110,0,No Special Jurisdiction,59,"Traffic Sign Support ",0,The First Harmful Event was Not a Collision with a Motor Vehicle in Transport,0,No,1,Non-Junction,1,Not an Intersection,0,None,,,4,On Roadside,1,Daylight,,,,,1,Clear,0,No,0000000,Not Applicable,99,Unknown,98,Unknown if Notified,99,Unknown EMS Scene Arrival Hour,98,Unknown if Arrived,88,"Not Applicable (Not Transported) ",88,Not Applicable (Not Transported),,,,,,,2,
2021,40,400676,Oklahoma,2,2,0,0,0,3,3,79,LE FLORE (79),3798,POCOLA,12,12,11,November,2021,6,Friday,16,4:00pm-4:59pm,8,8,1,This section IS ON the NHS,1,Rural,3,Principal Arterial - Other,1,State Highway Agency,2,U.S. Highway,US-271 W FOLSOM BLVD,,0,None,35.27575000,35.27575000,-94.479002780,-94.479002780,0,No Special Jurisdiction,12,Motor Vehicle In-Transport,6,Angle,0,No,8,Driveway Access Related,1,Not an Intersection,0,None,,,1,On Roadway,1,Daylight,,,,,1,Clear,0,No,0000000,Not Applicable,99,Unknown,99,Unknown,99,Unknown EMS Scene Arrival Hour,99,Unknown EMS Scene Arrival Minutes,99,Unknown,99,Unknown EMS Hospital Arrival Time,,,,,,,1,
2021,40,400677,Oklahoma,2,2,0,0,0,3,3,115,OTTAWA (115),1080,COMMERCE,20,20,10,October,2021,4,Wednesday,13,1:00pm-1:59pm,33,33,0,This section IS NOT on the NHS,2,Urban,3,Principal Arterial - Other,1,State Highway Agency,2,U.S. Highway,US-69,,0,None,36.94362222,36.94362222,-94.850238890,-94.850238890,0,No Special Jurisdiction,12,Motor Vehicle In-Transport,1,Front-to-Rear,0,No,8,Driveway Access Related,1,Not an Intersection,0,None,,,1,On Roadway,1,Daylight,,,,,1,Clear,0,No,0000000,Not Applicable,99,Unknown,98,Unknown if Notified,99,Unknown EMS Scene Arrival Hour,98,Unknown if Arrived,88,"Not Applicable (Not Transported) ",88,Not Applicable (Not Transported),,,,,,,1,
2021,40,400678,Oklahoma,1,1,0,0,0,1,1,27,CLEVELAND (27),3430,NORMAN,7,7,11,November,2021,1,Sunday,12,12:00pm-12:59pm,54,54,0,This section IS NOT on the NHS,1,Rural,7,Local,4,City or Municipal Highway Agency,6,Local Street - Municipality,168TH AVE NE CR-N326,,0,None,35.22452222,35.22452222,-97.194483330,-97.194483330,0,No Special Jurisdiction,5,Fell/Jumped from Vehicle,0,The First Harmful Event was Not a Collision with a Motor Vehicle in Transport,0,No,1,Non-Junction,1,Not an Intersection,0,None,,,1,On Roadway,9,Reported as Unknown,,,,,99,Reported as Unknown,0,No,0000000,Not Applicable,99,Unknown,98,Unknown if Notified,99,Unknown EMS Scene Arrival Hour,98,Unknown if Arrived,88,"Not Applicable (Not Transported) ",88,Not Applicable (Not Transported),,,,,,,1,
2021,40,400679,Oklahoma,1,1,0,1,1,2,2,71,KAY (71),3800,PONCA CITY,22,22,11,November,2021,2,Monday,18,6:00pm-6:59pm,13,13,1,This section IS ON the NHS,2,Urban,3,Principal Arterial - Other,1,State Highway Agency,2,U.S. Highway,US-77,,0,None,36.74069444,36.74069444,-97.067244440,-97.067244440,0,No Special Jurisdiction,8,Pedestrian,0,The First Harmful Event was Not a Collision with a Motor Vehicle in Transport,0,No,1,Non-Junction,1,Not an Intersection,0,None,,,1,On Roadway,2,Dark - Not Lighted,,,,,1,Clear,0,No,0000000,Not Applicable,18,6:00pm-6:59pm,15,15,18,6:00pm-6:59pm,16,16,18,6:00pm-6:59pm,44,44,,,,,,,1,
2021,40,400680,Oklahoma,1,1,0,0,0,1,1,109,OKLAHOMA (109),360,BETHANY,26,26,9,September,2021,1,Sunday,19,7:00pm-7:59pm,43,43,0,This section IS NOT on the NHS,2,Urban,7,Local,4,City or Municipal Highway Agency,6,Local Street - Municipality,OVERHOLSER DR,,0,None,35.51484722,35.51484722,-97.660119440,-97.660119440,0,No Special Jurisdiction,24,Guardrail Face,0,The First Harmful Event was Not a Collision with a Motor Vehicle in Transport,0,No,1,Non-Junction,1,Not an Intersection,0,None,,,4,On Roadside,3,Dark - Lighted,,,,,1,Clear,0,No,0000000,Not Applicable,99,Unknown,98,Unknown if Notified,99,Unknown EMS Scene Arrival Hour,98,Unknown if Arrived,88,"Not Applicable (Not Transported) ",88,Not Applicable (Not Transported),,,,,,,1,
2021,40,400681,Oklahoma,2,2,0,0,0,3,3,101,MUSKOGEE (101),3310,MUSKOGEE,4,4,12,December,2021,7,Saturday,12,12:00pm-12:59pm,8,8,1,This section IS ON the NHS,2,Urban,3,Principal Arterial - Other,31,State Toll Road,8,Other,MUSKOGEE TPK SR-165,,0,None,35.75830000,35.75830000,-95.310300000,-95.310300000,0,No Special Jurisdiction,12,Motor Vehicle In-Transport,2,Front-to-Front,0,No,1,Non-Junction,1,Not an Intersection,0,None,,,1,On Roadway,1,Daylight,,,,,1,Clear,0,No,0000000,Not Applicable,12,12:00pm-12:59pm,8,8,12,12:00pm-12:59pm,8,8,13,1:00pm-1:59pm,10,10,,,,,,,3,
2021,40,400682,Oklahoma,1,1,0,0,0,1,1,135,SEQUOYAH (135),4080,ROLAND,4,4,12,December,2021,7,Saturday,12,12:00pm-12:59pm,13,13,0,This section IS NOT on the NHS,1,Rural,5,Major Collector,2,County Highway Agency,4,County Road,CR-HIGHLAND DR,,0,None,35.42260000,35.42260000,-94.518352780,-94.518352780,0,No Special Jurisdiction,53,Mail Box,0,The First Harmful Event was Not a Collision with a Motor Vehicle in Transport,0,No,1,Non-Junction,1,Not an Intersection,0,None,,,4,On Roadside,1,Daylight,,,,,1,Clear,0,No,0000000,Not Applicable,12,12:00pm-12:59pm,15,15,12,12:00pm-12:59pm,32,32,12,12:00pm-12:59pm,58,58,,,,,,,1,
2021,40,400683,Oklahoma,1,1,0,1,1,2,2,119,PAYNE (119),4460,STILLWATER,12,12,11,November,2021,6,Friday,18,6:00pm-6:59pm,8,8,0,This section IS NOT on the NHS,2,Urban,4,Minor Arterial,4,City or Municipal Highway Agency,6,Local Street - Municipality,19TH AVE,,0,None,36.10136667,36.10136667,-97.101522220,-97.101522220,0,No Special Jurisdiction,8,Pedestrian,0,The First Harmful Event was Not a Collision with a Motor Vehicle in Transport,0,No,1,Non-Junction,1,Not an Intersection,0,None,,,1,On Roadway,3,Dark - Lighted,,,,,1,Clear,0,No,0000000,Not Applicable,99,Unknown,98,Unknown if Notified,99,Unknown EMS Scene Arrival Hour,98,Unknown if Arrived,88,"Not Applicable (Not Transported) ",88,Not Applicable (Not Transported),,,,,,,1,
2021,40,400684,Oklahoma,1,1,0,0,0,1,1,19,CARTER (19),1352,DICKSON,3,3,9,September,2021,6,Friday,22,10:00pm-10:59pm,12,12,0,This section IS NOT on the NHS,1,Rural,4,Minor Arterial,1,State Highway Agency,3,State Highway,SR-199,,0,None,34.18716389,34.18716389,-96.978072220,-96.978072220,0,No Special Jurisdiction,53,Mail Box,0,The First Harmful Event was Not a Collision with a Motor Vehicle in Transport,0,No,1,Non-Junction,1,Not an Intersection,0,None,,,4,On Roadside,2,Dark - Not Lighted,,,,,1,Clear,0,No,0000000,Not Applicable,99,Unknown,98,Unknown if Notified,99,Unknown EMS Scene Arrival Hour,98,Unknown if Arrived,88,"Not Applicable (Not Transported) ",88,Not Applicable (Not Transported),,,,,,,1,
2021,40,400685,Oklahoma,1,1,0,0,0,1,1,81,LINCOLN (81),900,CHANDLER,16,16,4,April,2021,6,Friday,5,5:00am-5:59am,28,28,0,This section IS NOT on the NHS,1,Rural,5,Major Collector,1,State Highway Agency,3,State Highway,SR-66 W 15TH ST,,0,None,35.69561944,35.69561944,-96.900022220,-96.900022220,0,No Special Jurisdiction,42,Tree (Standing Only),0,The First Harmful Event was Not a Collision with a Motor Vehicle in Transport,0,No,1,Non-Junction,1,Not an Intersection,0,None,,,4,On Roadside,2,Dark - Not Lighted,,,,,2,Rain,0,No,0000000,Not Applicable,99,Unknown,98,Unknown if Notified,99,Unknown EMS Scene Arrival Hour,98,Unknown if Arrived,88,"Not Applicable (Not Transported) ",88,Not Applicable (Not Transported),,,,,,,1,
2021,40,400686,Oklahoma,1,1,0,1,1,1,1,143,TULSA (143),4780,TULSA,27,27,6,June,2021,1,Sunday,22,10:00pm-10:59pm,43,43,0,This section IS NOT on the NHS,2,Urban,4,Minor Arterial,4,City or Municipal Highway Agency,6,Local Street - Municipality,S GARNETT RD,,0,None,36.13640000,36.13640000,-95.851100000,-95.851100000,0,No Special Jurisdiction,8,Pedestrian,0,The First Harmful Event was Not a Collision with a Motor Vehicle in Transport,0,No,1,Non-Junction,1,Not an Intersection,0,None,,,1,On Roadway,2,Dark - Not Lighted,,,,,1,Clear,0,No,0000000,Not Applicable,99,Unknown,99,Unknown,99,Unknown EMS Scene Arrival Hour,99,Unknown EMS Scene Arrival Minutes,99,Unknown,99,Unknown EMS Hospital Arrival Time,,,,,,,1,
2021,40,400687,Oklahoma,1,1,0,1,1,1,1,145,WAGONER (145),1150,COWETA,23,23,11,November,2021,3,Tuesday,19,7:00pm-7:59pm,38,38,0,This section IS NOT on the NHS,2,Urban,3,Principal Arterial - Other,1,State Highway Agency,3,State Highway,SR-51,,0,None,35.98848056,35.98848056,-95.671336110,-95.671336110,0,No Special Jurisdiction,8,Pedestrian,0,The First Harmful Event was Not a Collision with a Motor Vehicle in Transport,0,No,1,Non-Junction,1,Not an Intersection,0,None,,,1,On Roadway,2,Dark - Not Lighted,,,,,1,Clear,0,No,0000000,Not Applicable,99,Unknown,99,Unknown,99,Unknown EMS Scene Arrival Hour,99,Unknown EMS Scene Arrival Minutes,99,Unknown,99,Unknown EMS Hospital Arrival Time,,,,,,,1,
2021,40,400688,Oklahoma,2,2,0,0,0,2,2,109,OKLAHOMA (109),2080,HARRAH,7,7,5,May,2021,6,Friday,13,1:00pm-1:59pm,1,1,0,This section IS NOT on the NHS,2,Urban,3,Principal Arterial - Other,1,State Highway Agency,2,U.S. Highway,US-62 NE 23RD ST,PEEBLY RD,0,None,35.49316389,35.49316389,-97.212300000,-97.212300000,0,No Special Jurisdiction,12,Motor Vehicle In-Transport,6,Angle,0,No,2,Intersection,2,Four-Way Intersection,0,None,,,1,On Roadway,1,Daylight,,,,,1,Clear,0,No,0000000,Not Applicable,99,Unknown,99,Unknown,99,Unknown EMS Scene Arrival Hour,99,Unknown EMS Scene Arrival Minutes,99,Unknown,99,Unknown EMS Hospital Arrival Time,,,,,,,1,
2021,40,400689,Oklahoma,2,2,0,0,0,2,2,109,OKLAHOMA (109),3170,MIDWEST CITY,14,14,12,December,2021,3,Tuesday,1,1:00am-1:59am,46,46,0,This section IS NOT on the NHS,2,Urban,3,Principal Arterial - Other,4,City or Municipal Highway Agency,6,Local Street - Municipality,E RENO AVE,,0,None,35.46403889,35.46403889,-97.383583330,-97.383583330,0,No Special Jurisdiction,12,Motor Vehicle In-Transport,1,Front-to-Rear,0,No,1,Non-Junction,1,Not an Intersection,0,None,,,1,On Roadway,3,Dark - Lighted,,,,,10,Cloudy,0,No,0000000,Not Applicable,99,Unknown,98,Unknown if Notified,99,Unknown EMS Scene Arrival Hour,98,Unknown if Arrived,88,"Not Applicable (Not Transported) ",88,Not Applicable (Not Transported),,,,,,,1,
2021,40,400690,Oklahoma,1,1,0,0,0,2,2,101,MUSKOGEE (101),2100,HASKELL,23,23,7,July,2021,6,Friday,4,4:00am-4:59am,17,17,0,This section IS NOT on the NHS,1,Rural,5,Major Collector,1,State Highway Agency,2,U.S. Highway,US-64 N BROADWAY,,0,None,35.82063889,35.82063889,-95.674794440,-95.674794440,0,No Special Jurisdiction,30,Utility Pole/Light Support,0,The First Harmful Event was Not a Collision with a Motor Vehicle in Transport,0,No,1,Non-Junction,1,Not an Intersection,0,None,,,4,On Roadside,3,Dark - Lighted,,,,,1,Clear,0,No,0000000,Not Applicable,4,4:00am-4:59am,15,15,4,4:00am-4:59am,41,41,5,5:00am-5:59am,39,39,,,,,,,1,
2021,40,400691,Oklahoma,1,1,0,0,0,1,1,99,MURRAY (99),0,NOT APPLICABLE,6,6,9,September,2021,2,Monday,11,11:00am-11:59am,17,17,0,This section IS NOT on the NHS,1,Rural,5,Major Collector,1,State Highway Agency,3,State Highway,SR-17A,,0,None,34.62260000,34.62260000,-97.192400000,-97.192400000,0,No Special Jurisdiction,42,Tree (Standing Only),0,The First Harmful Event was Not a Collision with a Motor Vehicle in Transport,0,No,1,Non-Junction,1,Not an Intersection,0,None,,,4,On Roadside,1,Daylight,,,,,1,Clear,0,No,0000000,Not Applicable,99,Unknown,99,Unknown,99,Unknown EMS Scene Arrival Hour,99,Unknown EMS Scene Arrival Minutes,99,Unknown,99,Unknown EMS Hospital Arrival Time,,,,,,,1,
2021,40,400692,Oklahoma,2,2,0,0,0,3,3,143,TULSA (143),4780,TULSA,12,12,12,December,2021,1,Sunday,11,11:00am-11:59am,50,50,0,This section IS NOT on the NHS,2,Urban,4,Minor Arterial,4,City or Municipal Highway Agency,6,Local Street - Municipality,S SHERIDAN RD,,0,None,36.14730000,36.14730000,-95.904800000,-95.904800000,0,No Special Jurisdiction,12,Motor Vehicle In-Transport,8,Sideswipe - Opposite Direction,0,No,1,Non-Junction,1,Not an Intersection,0,None,,,1,On Roadway,1,Daylight,,,,,1,Clear,0,No,0000000,Not Applicable,11,11:00am-11:59am,53,53,12,12:00pm-12:59pm,0,0,12,12:00pm-12:59pm,20,20,,,,,,,1,
2021,40,400693,Oklahoma,1,1,0,0,0,1,1,143,TULSA (143),4780,TULSA,29,29,12,December,2021,4,Wednesday,21,9:00pm-9:59pm,49,49,0,This section IS NOT on the NHS,2,Urban,7,Local,4,City or Municipal Highway Agency,6,Local Street - Municipality,E SKELLY DR,,0,None,36.09380000,36.09380000,-95.924300000,-95.924300000,0,No Special Jurisdiction,33,Curb,0,The First Harmful Event was Not a Collision with a Motor Vehicle in Transport,0,No,1,Non-Junction,1,Not an Intersection,0,None,,,4,On Roadside,2,Dark - Not Lighted,,,,,10,Cloudy,0,No,0000000,Not Applicable,21,9:00pm-9:59pm,49,49,22,10:00pm-10:59pm,7,7,22,10:00pm-10:59pm,14,14,,,,,,,1,
2022,40,400001,Oklahoma,2,2,0,0,0,3,3,27,CLEVELAND (27),3550,OKLAHOMA CITY,2,2,1,January,2022,1,Sunday,12,12:00pm-12:59pm,51,51,0,This section IS NOT on the NHS,2,Urban,4,Minor Arterial,4,City or Municipal Highway Agency,6,Local Street - Municipality,SW 104TH ST,,0,None,35.36310000,35.36310000,-97.578100000,-97.57810000,0,No Special Jurisdiction,12,Motor Vehicle In-Transport,6,Angle,0,No,1,Non-Junction,1,Not an Intersection,0,None,,,1,On Roadway,1,Daylight,,,,,1,Clear,0,No,0000000,Not Applicable,12,12:00pm-12:59pm,51,51,13,1:00pm-1:59pm,22,22,14,2:00pm-2:59pm,0,0,,,,,,,1,
2022,40,400002,Oklahoma,1,1,0,0,0,1,1,121,PITTSBURG (121),0,NOT APPLICABLE,3,3,1,January,2022,2,Monday,8,8:00am-8:59am,14,14,0,This section IS NOT on the NHS,1,Rural,7,Local,2,County Highway Agency,4,County Road,CR-FRINK RD,,0,None,34.88530000,34.88530000,-95.789800000,-95.78980000,0,No Special Jurisdiction,10,Railway Vehicle,0,The First Harmful Event was Not a Collision with a Motor Vehicle in Transport,0,No,6,"Railway Grade Crossing ",1,Not an Intersection,0,None,,,1,On Roadway,1,Daylight,,,,,1,Clear,0,No,413690V,413690V,99,Unknown,98,Unknown if Notified,99,Unknown EMS Scene Arrival Hour,98,Unknown if Arrived,88,"Not Applicable (Not Transported) ",88,Not Applicable (Not Transported),,,,,,,1,
2022,40,400003,Oklahoma,1,1,0,0,0,5,5,87,MCCLAIN (87),0,NOT APPLICABLE,3,3,1,January,2022,2,Monday,3,3:00am-3:59am,6,6,1,This section IS ON the NHS,1,Rural,1,Interstate,1,State Highway Agency,1,Interstate,I-40,,0,None,35.10370000,35.10370000,-97.431900000,-97.43190000,0,No Special Jurisdiction,1,Rollover/Overturn,0,The First Harmful Event was Not a Collision with a Motor Vehicle in Transport,0,No,1,Non-Junction,1,Not an Intersection,0,None,,,4,On Roadside,2,Dark - Not Lighted,,,,,1,Clear,0,No,0000000,Not Applicable,3,3:00am-3:59am,5,5,3,3:00am-3:59am,19,19,3,3:00am-3:59am,57,57,,,,,,,2,
2022,40,400004,Oklahoma,1,1,0,1,1,2,2,109,OKLAHOMA (109),3550,OKLAHOMA CITY,3,3,1,January,2022,2,Monday,21,9:00pm-9:59pm,47,47,0,This section IS NOT on the NHS,2,Urban,3,Principal Arterial - Other,4,City or Municipal Highway Agency,6,Local Street - Municipality,NW 23RD ST,,0,None,35.49320000,35.49320000,-97.570800000,-97.57080000,0,No Special Jurisdiction,8,Pedestrian,0,The First Harmful Event was Not a Collision with a Motor Vehicle in Transport,0,No,1,Non-Junction,1,Not an Intersection,0,None,,,1,On Roadway,3,Dark - Lighted,,,,,1,Clear,0,No,0000000,Not Applicable,21,9:00pm-9:59pm,49,49,21,9:00pm-9:59pm,52,52,22,10:00pm-10:59pm,7,7,,,,,,,1,
2022,40,400005,Oklahoma,1,1,0,0,0,1,1,5,ATOKA (5),0,NOT APPLICABLE,9,9,1,January,2022,1,Sunday,2,2:00am-2:59am,50,50,0,This section IS NOT on the NHS,1,Rural,6,Minor Collector,2,County Highway Agency,4,County Road,CR-OLD HIGHWAY RD,,0,None,34.20720000,34.20720000,-96.214500000,-96.21450000,0,No Special Jurisdiction,42,Tree (Standing Only),0,The First Harmful Event was Not a Collision with a Motor Vehicle in Transport,0,No,1,Non-Junction,1,Not an Intersection,0,None,,,4,On Roadside,2,Dark - Not Lighted,,,,,5,"Fog, Smog, Smoke",0,No,0000000,Not Applicable,99,Unknown,98,Unknown if Notified,99,Unknown EMS Scene Arrival Hour,98,Unknown if Arrived,88,"Not Applicable (Not Transported) ",88,Not Applicable (Not Transported),,,,,,,1,
2022,40,400006,Oklahoma,2,2,0,0,0,2,2,35,CRAIG (35),0,NOT APPLICABLE,8,8,1,January,2022,7,Saturday,18,6:00pm-6:59pm,51,51,1,This section IS ON the NHS,1,Rural,3,Principal Arterial - Other,1,State Highway Agency,2,U.S. Highway,US-60,,94,94,36.62710000,36.62710000,-95.083600000,-95.08360000,0,No Special Jurisdiction,12,Motor Vehicle In-Transport,2,Front-to-Front,0,No,1,Non-Junction,1,Not an Intersection,0,None,,,1,On Roadway,2,Dark - Not Lighted,,,,,10,Cloudy,0,No,0000000,Not Applicable,18,6:00pm-6:59pm,50,50,19,7:00pm-7:59pm,1,1,88,"Not Applicable (Not Transported) ",88,Not Applicable (Not Transported),,,,,,,1,
2022,40,400007,Oklahoma,2,2,0,0,0,9,9,89,MCCURTAIN (89),0,NOT APPLICABLE,9,9,1,January,2022,1,Sunday,9,9:00am-9:59am,30,30,0,This section IS NOT on the NHS,1,Rural,5,Major Collector,1,State Highway Agency,3,State Highway,SR-4,,91,91,34.43170000,34.43170000,-94.510900000,-94.51090000,0,No Special Jurisdiction,12,Motor Vehicle In-Transport,6,Angle,0,No,8,Driveway Access Related,1,Not an Intersection,0,None,,,1,On Roadway,1,Daylight,,,,,10,Cloudy,0,No,0000000,Not Applicable,99,Unknown,99,Unknown,99,Unknown EMS Scene Arrival Hour,99,Unknown EMS Scene Arrival Minutes,99,Unknown,99,Unknown EMS Hospital Arrival Time,,,,,,,1,
2022,40,400008,Oklahoma,1,1,0,0,0,1,1,101,MUSKOGEE (101),0,NOT APPLICABLE,12,12,1,January,2022,4,Wednesday,0,0:00am-0:59am,54,54,0,This section IS NOT on the NHS,1,Rural,7,Local,2,County Highway Agency,4,County Road,CR-214TH ST,,0,None,35.76620000,35.76620000,-95.713100000,-95.71310000,0,No Special Jurisdiction,42,Tree (Standing Only),0,The First Harmful Event was Not a Collision with a Motor Vehicle in Transport,0,No,1,Non-Junction,1,Not an Intersection,0,None,,,4,On Roadside,2,Dark - Not Lighted,,,,,1,Clear,0,No,0000000,Not Applicable,0,0:00am-0:59am,49,49,1,1:00am-1:59am,7,7,88,"Not Applicable (Not Transported) ",88,Not Applicable (Not Transported),,,,,,,1,
2022,40,400009,Oklahoma,1,1,0,1,1,1,1,109,OKLAHOMA (109),3550,OKLAHOMA CITY,10,10,1,January,2022,2,Monday,14,2:00pm-2:59pm,11,11,1,This section IS ON the NHS,2,Urban,1,Interstate,1,State Highway Agency,1,Interstate,I-235 BROADWAY EXTENSION,,0,None,35.60070000,35.60070000,-97.503000000,-97.50300000,0,No Special Jurisdiction,8,Pedestrian,0,The First Harmful Event was Not a Collision with a Motor Vehicle in Transport,0,No,1,Non-Junction,1,Not an Intersection,0,None,,,1,On Roadway,1,Daylight,,,,,1,Clear,0,No,0000000,Not Applicable,99,Unknown,98,Unknown if Notified,99,Unknown EMS Scene Arrival Hour,98,Unknown if Arrived,88,"Not Applicable (Not Transported) ",88,Not Applicable (Not Transported),,,,,,,1,
2022,40,400010,Oklahoma,1,1,0,0,0,1,1,17,CANADIAN (17),3550,OKLAHOMA CITY,12,12,1,January,2022,4,Wednesday,7,7:00am-7:59am,28,28,1,This section IS ON the NHS,1,Rural,4,Minor Arterial,1,State Highway Agency,3,State Highway,SR-4,,0,None,35.35072778,35.35072778,-97.715261110,-97.71526111,0,No Special Jurisdiction,1,Rollover/Overturn,0,The First Harmful Event was Not a Collision with a Motor Vehicle in Transport,0,No,1,Non-Junction,1,Not an Intersection,0,None,,,3,On Median,2,Dark - Not Lighted,,,,,1,Clear,0,No,0000000,Not Applicable,6,6:00am-6:59am,43,43,7,7:00am-7:59am,9,9,7,7:00am-7:59am,40,40,,,,,,,1,
2022,40,400011,Oklahoma,2,2,0,0,0,2,2,131,ROGERS (131),0,NOT APPLICABLE,7,7,1,January,2022,6,Friday,16,4:00pm-4:59pm,3,3,1,This section IS ON the NHS,1,Rural,4,Minor Arterial,1,State Highway Agency,3,State Highway,SR-20,,48,48,36.31980000,36.31980000,-95.725900000,-95.72590000,0,No Special Jurisdiction,12,Motor Vehicle In-Transport,6,Angle,0,No,1,Non-Junction,1,Not an Intersection,0,None,,,1,On Roadway,1,Daylight,,,,,1,Clear,0,No,0000000,Not Applicable,99,Unknown,98,Unknown if Notified,99,Unknown EMS Scene Arrival Hour,98,Unknown if Arrived,88,"Not Applicable (Not Transported) ",88,Not Applicable (Not Transported),,,,,,,1,
2022,40,400012,Oklahoma,3,3,0,0,0,5,5,109,OKLAHOMA (109),3550,OKLAHOMA CITY,19,19,1,January,2022,4,Wednesday,20,8:00pm-8:59pm,24,24,0,This section IS NOT on the NHS,2,Urban,5,Major Collector,4,City or Municipal Highway Agency,6,Local Street - Municipality,N BRYANT AVE,NE 16TH ST,0,None,35.48571111,35.48571111,-97.459172220,-97.45917222,0,No Special Jurisdiction,12,Motor Vehicle In-Transport,2,Front-to-Front,0,No,3,Intersection-Related,2,Four-Way Intersection,0,None,,,1,On Roadway,2,Dark - Not Lighted,,,,,10,Cloudy,0,No,0000000,Not Applicable,20,8:00pm-8:59pm,25,25,20,8:00pm-8:59pm,28,28,20,8:00pm-8:59pm,59,59,,,,,,,1,
2022,40,400013,Oklahoma,3,3,0,0,0,8,8,125,POTTAWATOMIE (125),0,NOT APPLICABLE,3,3,1,January,2022,2,Monday,16,4:00pm-4:59pm,55,55,0,This section IS NOT on the NHS,1,Rural,5,Major Collector,1,State Highway Agency,3,State Highway,SR-9A,,32,32,35.15930000,35.15930000,-96.821900000,-96.82190000,0,No Special Jurisdiction,12,Motor Vehicle In-Transport,2,Front-to-Front,0,No,1,Non-Junction,1,Not an Intersection,0,None,,,1,On Roadway,5,Dusk,,,,,1,Clear,0,No,0000000,Not Applicable,17,5:00pm-5:59pm,1,1,17,5:00pm-5:59pm,18,18,18,6:00pm-6:59pm,46,46,,,,,,,1,
2022,40,400014,Oklahoma,3,3,0,0,0,3,3,109,OKLAHOMA (109),3550,OKLAHOMA CITY,4,4,1,January,2022,3,Tuesday,6,6:00am-6:59am,25,25,1,This section IS ON the NHS,2,Urban,1,Interstate,1,State Highway Agency,1,Interstate,I-40,,0,None,35.46020000,35.46020000,-97.589700000,-97.58970000,0,No Special Jurisdiction,12,Motor Vehicle In-Transport,7,Sideswipe - Same Direction,0,No,1,Non-Junction,1,Not an Intersection,0,None,,,1,On Roadway,4,Dawn,,,,,10,Cloudy,0,No,0000000,Not Applicable,99,Unknown,98,Unknown if Notified,99,Unknown EMS Scene Arrival Hour,98,Unknown if Arrived,88,"Not Applicable (Not Transported) ",88,Not Applicable (Not Transported),,,,,,,1,