caseyear,state,st_case,statename,ve_total,ve_forms,pvh_invl,peds,pernotmvit,permvit,persons,county,countyname,city,cityname,day,dayname,month,monthname,year,day_week,day_weekname,hour,hourname,minute,minutename,nhs,nhsname,rur_urb,rur_urbname,func_sys,func_sysname,rd_owner,rd_ownername,route,routename,tway_id,tway_id2,milept,mileptname,latitude,latitudename,longitud,longitudname,sp_jur,sp_jurname,harm_ev,harm_evname,man_coll,man_collname,reljct1,reljct1name,reljct2,reljct2name,typ_int,typ_intname,wrk_zone,wrk_zonename,road_fnc,road_fncname,rel_road,rel_roadname,lgt_cond,lgt_condname,weather1,weather1name,weather2,weather2name,weather,weathername,sch_bus,sch_busname,rail,railname,not_hour,not_hourname,not_min,not_minname,arr_hour,arr_hourname,arr_min,arr_minname,hosp_hr,hosp_hrname,hosp_mn,hosp_mnname,cf1,cf1name,cf2,cf2name,cf3,cf3name,fatals,drunk_dr
2022,40,400015,Oklahoma,2,2,0,0,0,3,3,143,TULSA (143),4780,TULSA,22,22,1,January,2022,7,Saturday,17,5:00pm-5:59pm,3,3,0,This section IS NOT on the NHS,2,Urban,3,Principal Arterial - Other,4,City or Municipal Highway Agency,6,Local Street - Municipality,W 21ST ST S,S 49TH W AVE,0,None,36.13350000,36.13350000,-96.047200000,-96.04720000,0,No Special Jurisdiction,12,Motor Vehicle In-Transport,6,Angle,0,No,2,Intersection,2,Four-Way Intersection,0,None,,,1,On Roadway,5,Dusk,,,,,8,Other,0,No,0000000,Not Applicable,17,5:00pm-5:59pm,1,1,17,5:00pm-5:59pm,10,10,17,5:00pm-5:59pm,33,33,,,,,,,1,
2022,40,400016,Oklahoma,2,2,0,0,0,2,2,79,LE FLORE (79),0,NOT APPLICABLE,24,24,1,January,2022,2,Monday,14,2:00pm-2:59pm,21,21,0,This section IS NOT on the NHS,1,Rural,5,Major Collector,1,State Highway Agency,3,State Highway,SR-63,US-259,249,249,34.64620000,34.64620000,-94.648600000,-94.64860000,0,No Special Jurisdiction,12,Motor Vehicle In-Transport,6,Angle,0,No,2,Intersection,2,Four-Way Intersection,0,None,,,1,On Roadway,1,Daylight,,,,,1,Clear,0,No,0000000,Not Applicable,13,1:00pm-1:59pm,43,43,14,2:00pm-2:59pm,26,26,15,3:00pm-3:59pm,30,30,,,,,,,1,
2022,40,400017,Oklahoma,1,1,0,0,0,1,1,135,SEQUOYAH (135),0,NOT APPLICABLE,19,19,1,January,2022,4,Wednesday,18,6:00pm-6:59pm,14,14,0,This section IS NOT on the NHS,1,Rural,7,Local,2,County Highway Agency,4,County Road,CR-4750,,0,None,35.49960000,35.49960000,-94.566700000,-94.56670000,0,No Special Jurisdiction,42,Tree (Standing Only),0,The First Harmful Event was Not a Collision with a Motor Vehicle in Transport,0,No,1,Non-Junction,1,Not an Intersection,0,None,,,4,On Roadside,2,Dark - Not Lighted,,,,,2,Rain,0,No,0000000,Not Applicable,99,Unknown,98,Unknown if Notified,99,Unknown EMS Scene Arrival Hour,98,Unknown if Arrived,88,"Not Applicable (Not Transported) ",88,Not Applicable (Not Transported),,,,,,,1,
2022,40,400018,Oklahoma,2,2,0,0,0,3,3,145,WAGONER (145),0,NOT APPLICABLE,22,22,1,January,2022,7,Saturday,15,3:00pm-3:59pm,2,2,0,This section IS NOT on the NHS,1,Rural,6,Minor Collector,2,County Highway Agency,4,County Road,CR-WHITEHORN COVE S 312 WAY,,0,None,36.00290000,36.00290000,-95.319400000,-95.31940000,0,No Special Jurisdiction,12,Motor Vehicle In-Transport,2,Front-to-Front,0,No,1,Non-Junction,1,Not an Intersection,0,None,,,1,On Roadway,1,Daylight,,,,,1,Clear,0,No,0000000,Not Applicable,15,3:00pm-3:59pm,58,58,16,4:00pm-4:59pm,7,7,16,4:00pm-4:59pm,42,42,,,,,,,1,
2022,40,400019,Oklahoma,2,2,0,0,0,2,2,109,OKLAHOMA (109),3550,OKLAHOMA CITY,12,12,1,January,2022,4,Wednesday,17,5:00pm-5:59pm,5,5,0,This section IS NOT on the NHS,2,Urban,4,Minor Arterial,4,City or Municipal Highway Agency,6,Local Street - Municipality,NW 10TH ST,,0,None,35.47880000,35.47880000,-97.635900000,-97.63590000,0,No Special Jurisdiction,1,Rollover/Overturn,0,The First Harmful Event was Not a Collision with a Motor Vehicle in Transport,0,No,8,Driveway Access Related,1,Not an Intersection,0,None,,,1,On Roadway,5,Dusk,,,,,1,Clear,0,No,0000000,Not Applicable,99,Unknown,98,Unknown if Notified,99,Unknown EMS Scene Arrival Hour,98,Unknown if Arrived,88,"Not Applicable (Not Transported) ",88,Not Applicable (Not Transported),,,,,,,1,
2022,40,400020,Oklahoma,5,5,0,0,0,6,6,109,OKLAHOMA (109),3550,OKLAHOMA CITY,13,13,1,January,2022,5,Thursday,18,6:00pm-6:59pm,19,19,1,This section IS ON the NHS,2,Urban,2,Principal Arterial - Other Freeways and Expressways,1,State Highway Agency,3,State Highway,SR-74 LAKE HEFNER PARKWAY,,0,None,35.57000000,35.57000000,-97.575800000,-97.57580000,0,No Special Jurisdiction,12,Motor Vehicle In-Transport,6,Angle,0,No,1,Non-Junction,1,Not an Intersection,0,None,,,1,On Roadway,2,Dark - Not Lighted,,,,,1,Clear,0,No,0000000,Not Applicable,99,Unknown,98,Unknown if Notified,99,Unknown EMS Scene Arrival Hour,98,Unknown if Arrived,88,"Not Applicable (Not Transported) ",88,Not Applicable (Not Transported),,,,,,,1,
2022,40,400021,Oklahoma,2,2,0,0,0,3,3,143,TULSA (143),4780,TULSA,17,17,1,January,2022,2,Monday,9,9:00am-9:59am,25,25,0,This section IS NOT on the NHS,2,Urban,5,Major Collector,4,City or Municipal Highway Agency,6,Local Street - Municipality,N MAIN ST,E LATIMER ST,0,None,36.16890000,36.16890000,-95.996800000,-95.99680000,0,No Special Jurisdiction,12,Motor Vehicle In-Transport,6,Angle,0,No,2,Intersection,2,Four-Way Intersection,0,None,,,1,On Roadway,1,Daylight,,,,,1,Clear,0,No,0000000,Not Applicable,9,9:00am-9:59am,31,31,9,9:00am-9:59am,40,40,9,9:00am-9:59am,54,54,,,,,,,1,
2022,40,400022,Oklahoma,1,1,0,0,0,1,1,97,MAYES (97),0,NOT APPLICABLE,23,23,1,January,2022,1,Sunday,16,4:00pm-4:59pm,30,30,0,This section IS NOT on the NHS,1,Rural,7,Local,2,County Highway Agency,4,County Road,CR-S432,,0,None,36.11780000,36.11780000,-95.301300000,-95.30130000,0,No Special Jurisdiction,38,Fence,0,The First Harmful Event was Not a Collision with a Motor Vehicle in Transport,0,No,1,Non-Junction,1,Not an Intersection,0,None,,,4,On Roadside,1,Daylight,,,,,1,Clear,0,No,0000000,Not Applicable,16,4:00pm-4:59pm,31,31,16,4:00pm-4:59pm,51,51,88,"Not Applicable (Not Transported) ",88,Not Applicable (Not Transported),,,,,,,1,
2022,40,400023,Oklahoma,1,1,0,1,1,1,1,143,TULSA (143),4780,TULSA,27,27,1,January,2022,5,Thursday,1,1:00am-1:59am,34,34,0,This section IS NOT on the NHS,2,Urban,4,Minor Arterial,4,City or Municipal Highway Agency,6,Local Street - Municipality,S LEWIS AVE,,0,None,36.07950000,36.07950000,-95.958000000,-95.95800000,0,No Special Jurisdiction,8,Pedestrian,0,The First Harmful Event was Not a Collision with a Motor Vehicle in Transport,0,No,1,Non-Junction,1,Not an Intersection,0,None,,,1,On Roadway,3,Dark - Lighted,,,,,10,Cloudy,0,No,0000000,Not Applicable,99,Unknown,98,Unknown if Notified,99,Unknown EMS Scene Arrival Hour,98,Unknown if Arrived,88,"Not Applicable (Not Transported) ",88,Not Applicable (Not Transported),,,,,,,1,
2022,40,400024,Oklahoma,2,2,0,0,0,3,3,143,TULSA (143),4170,SAND SPRINGS,24,24,1,January,2022,2,Monday,13,1:00pm-1:59pm,5,5,0,This section IS NOT on the NHS,2,Urban,3,Principal Arterial - Other,1,State Highway Agency,3,State Highway,SR-97,38TH ST,0,None,36.10830000,36.10830000,-96.117400000,-96.11740000,0,No Special Jurisdiction,12,Motor Vehicle In-Transport,6,Angle,0,No,2,Intersection,2,Four-Way Intersection,0,None,,,1,On Roadway,1,Daylight,,,,,1,Clear,0,No,0000000,Not Applicable,13,1:00pm-1:59pm,8,8,13,1:00pm-1:59pm,57,57,14,2:00pm-2:59pm,48,48,,,,,,,1,
2022,40,400025,Oklahoma,2,2,0,0,0,2,2,109,OKLAHOMA (109),3550,OKLAHOMA CITY,28,28,1,January,2022,6,Friday,2,2:00am-2:59am,9,9,1,This section IS ON the NHS,2,Urban,1,Interstate,1,State Highway Agency,1,Interstate,I-35,,0,None,35.53640000,35.53640000,-97.460700000,-97.46070000,0,No Special Jurisdiction,12,Motor Vehicle In-Transport,2,Front-to-Front,0,No,1,Non-Junction,1,Not an Intersection,0,None,,,1,On Roadway,3,Dark - Lighted,,,,,1,Clear,0,No,0000000,Not Applicable,2,2:00am-2:59am,12,12,2,2:00am-2:59am,21,21,3,3:00am-3:59am,0,0,,,,,,,1,
2022,40,400026,Oklahoma,1,1,0,0,0,1,1,61,HASKELL (61),0,NOT APPLICABLE,30,30,1,January,2022,1,Sunday,11,11:00am-11:59am,55,55,0,This section IS NOT on the NHS,1,Rural,7,Local,2,County Highway Agency,4,County Road,CR-EW1280,,0,None,35.15930000,35.15930000,-95.160400000,-95.16040000,0,No Special Jurisdiction,35,Embankment,0,The First Harmful Event was Not a Collision with a Motor Vehicle in Transport,0,No,1,Non-Junction,1,Not an Intersection,0,None,,,4,On Roadside,1,Daylight,,,,,1,Clear,0,No,0000000,Not Applicable,99,Unknown,98,Unknown if Notified,99,Unknown EMS Scene Arrival Hour,98,Unknown if Arrived,88,"Not Applicable (Not Transported) ",88,Not Applicable (Not Transported),,,,,,,1,
2022,40,400027,Oklahoma,2,2,0,0,0,3,3,143,TULSA (143),4780,TULSA,15,15,1,January,2022,7,Saturday,1,1:00am-1:59am,15,15,0,This section IS NOT on the NHS,2,Urban,3,Principal Arterial - Other,4,City or Municipal Highway Agency,6,Local Street - Municipality,E 21ST ST SOUTH,E SKELLY DR,0,None,36.13350000,36.13350000,-95.869000000,-95.86900000,0,No Special Jurisdiction,12,Motor Vehicle In-Transport,6,Angle,0,No,2,Intersection,3,T-Intersection,0,None,,,1,On Roadway,3,Dark - Lighted,,,,,98,Not Reported,0,No,0000000,Not Applicable,1,1:00am-1:59am,9,9,1,1:00am-1:59am,18,18,1,1:00am-1:59am,36,36,,,,,,,1,
2022,40,400028,Oklahoma,1,1,0,0,0,1,1,101,MUSKOGEE (101),0,NOT APPLICABLE,22,22,1,January,2022,7,Saturday,6,6:00am-6:59am,29,29,0,This section IS NOT on the NHS,1,Rural,5,Major Collector,2,County Highway Agency,4,County Road,CR-OLD TAFT RD,,0,None,35.76150000,35.76150000,-95.536000000,-95.53600000,0,No Special Jurisdiction,1,Rollover/Overturn,0,The First Harmful Event was Not a Collision with a Motor Vehicle in Transport,0,No,1,Non-Junction,1,Not an Intersection,0,None,,,4,On Roadside,2,Dark - Not Lighted,,,,,1,Clear,0,No,0000000,Not Applicable,6,6:00am-6:59am,36,36,7,7:00am-7:59am,5,5,7,7:00am-7:59am,43,43,,,,,,,1,
2022,40,400029,Oklahoma,1,1,0,0,0,1,1,33,COTTON (33),0,NOT APPLICABLE,9,9,1,January,2022,1,Sunday,11,11:00am-11:59am,24,24,0,This section IS NOT on the NHS,1,Rural,4,Minor Arterial,1,State Highway Agency,3,State Highway,SR-5,,81,81,34.31849444,34.31849444,-98.313494440,-98.31349444,0,No Special Jurisdiction,35,Embankment,0,The First Harmful Event was Not a Collision with a Motor Vehicle in Transport,0,No,1,Non-Junction,1,Not an Intersection,0,None,,,4,On Roadside,1,Daylight,,,,,10,Cloudy,0,No,0000000,Not Applicable,88,Not Applicable (Not Notified),88,Not Applicable (Not Notified),88,Not Applicable,88,Not Applicable,88,"Not Applicable (Not Transported) ",88,Not Applicable (Not Transported),,,,,,,1,
2022,40,400030,Oklahoma,3,2,1,0,0,2,2,37,CREEK (37),0,NOT APPLICABLE,22,22,1,January,2022,7,Saturday,14,2:00pm-2:59pm,13,13,0,This section IS NOT on the NHS,1,Rural,4,Minor Arterial,1,State Highway Agency,3,State Highway,SR-48,CR-W 61ST ST S,139,139,36.07570000,36.07570000,-96.387300000,-96.38730000,0,No Special Jurisdiction,12,Motor Vehicle In-Transport,1,Front-to-Rear,0,No,3,Intersection-Related,2,Four-Way Intersection,0,None,,,1,On Roadway,1,Daylight,,,,,1,Clear,0,No,0000000,Not Applicable,99,Unknown,98,Unknown if Notified,99,Unknown EMS Scene Arrival Hour,98,Unknown if Arrived,88,"Not Applicable (Not Transported) ",88,Not Applicable (Not Transported),,,,,,,1,
2022,40,400031,Oklahoma,2,2,0,1,1,2,2,143,TULSA (143),4780,TULSA,22,22,1,January,2022,7,Saturday,6,6:00am-6:59am,35,35,0,This section IS NOT on the NHS,2,Urban,4,Minor Arterial,4,City or Municipal Highway Agency,6,Local Street - Municipality,N YALE AVE,,0,None,36.16770000,36.16770000,-95.922500000,-95.92250000,0,No Special Jurisdiction,8,Pedestrian,0,The First Harmful Event was Not a Collision with a Motor Vehicle in Transport,0,No,1,Non-Junction,1,Not an Intersection,0,None,,,1,On Roadway,2,Dark - Not Lighted,,,,,1,Clear,0,No,0000000,Not Applicable,99,Unknown,98,Unknown if Notified,99,Unknown EMS Scene Arrival Hour,98,Unknown if Arrived,88,"Not Applicable (Not Transported) ",88,Not Applicable (Not Transported),,,,,,,1,
2022,40,400032,Oklahoma,2,2,0,0,0,7,7,103,NOBLE (103),0,NOT APPLICABLE,23,23,1,January,2022,1,Sunday,19,7:00pm-7:59pm,17,17,1,This section IS ON the NHS,1,Rural,1,Interstate,1,State Highway Agency,1,Interstate,I-35,,0,None,36.30700000,36.30700000,-97.328400000,-97.32840000,0,No Special Jurisdiction,12,Motor Vehicle In-Transport,2,Front-to-Front,0,No,1,Non-Junction,1,Not an Intersection,0,None,,,1,On Roadway,2,Dark - Not Lighted,,,,,1,Clear,0,No,0000000,Not Applicable,19,7:00pm-7:59pm,58,58,20,8:00pm-8:59pm,37,37,21,9:00pm-9:59pm,38,38,,,,,,,1,
2022,40,400033,Oklahoma,2,2,0,0,0,2,2,1,ADAIR (1),0,NOT APPLICABLE,25,25,1,January,2022,3,Tuesday,16,4:00pm-4:59pm,5,5,0,This section IS NOT on the NHS,1,Rural,5,Major Collector,1,State Highway Agency,3,State Highway,SR-51,CR-S4665,62,62,35.85870000,35.85870000,-94.709400000,-94.70940000,0,No Special Jurisdiction,12,Motor Vehicle In-Transport,6,Angle,0,No,2,Intersection,3,T-Intersection,0,None,,,1,On Roadway,1,Daylight,,,,,1,Clear,0,No,0000000,Not Applicable,15,3:00pm-3:59pm,53,53,16,4:00pm-4:59pm,9,9,16,4:00pm-4:59pm,55,55,,,,,,,1,
2022,40,400034,Oklahoma,2,2,0,0,0,2,2,135,SEQUOYAH (135),4160,SALLISAW,6,6,1,January,2022,5,Thursday,19,7:00pm-7:59pm,20,20,1,This section IS ON the NHS,2,Urban,3,Principal Arterial - Other,1,State Highway Agency,2,U.S. Highway,US-59 S KERR BLVD,DRAKE RD,0,None,35.43434722,35.43434722,-94.805713890,-94.80571389,0,No Special Jurisdiction,33,Curb,0,The First Harmful Event was Not a Collision with a Motor Vehicle in Transport,0,No,3,Intersection-Related,3,T-Intersection,0,None,,,4,On Roadside,2,Dark - Not Lighted,,,,,1,Clear,0,No,0000000,Not Applicable,99,Unknown,98,Unknown if Notified,99,Unknown EMS Scene Arrival Hour,98,Unknown if Arrived,88,"Not Applicable (Not Transported) ",88,Not Applicable (Not Transported),,,,,,,1,
2022,40,400035,Oklahoma,1,1,0,1,1,1,1,81,LINCOLN (81),0,NOT APPLICABLE,2,2,2,February,2022,4,Wednesday,0,0:00am-0:59am,25,25,1,This section IS ON the NHS,1,Rural,1,Interstate,1,State Highway Agency,1,Interstate,I-44 TURNER TURNPIKE,,0,None,35.76950000,35.76950000,-96.621800000,-96.62180000,0,No Special Jurisdiction,8,Pedestrian,0,The First Harmful Event was Not a Collision with a Motor Vehicle in Transport,0,No,1,Non-Junction,1,Not an Intersection,0,None,,,1,On Roadway,3,Dark - Lighted,,,,,2,Rain,0,No,0000000,Not Applicable,99,Unknown,98,Unknown if Notified,99,Unknown EMS Scene Arrival Hour,98,Unknown if Arrived,88,"Not Applicable (Not Transported) ",88,Not Applicable (Not Transported),,,,,,,1,
2022,40,400036,Oklahoma,1,1,0,1,1,5,5,109,OKLAHOMA (109),3550,OKLAHOMA CITY,8,8,2,February,2022,3,Tuesday,19,7:00pm-7:59pm,45,45,0,This section IS NOT on the NHS,2,Urban,3,Principal Arterial - Other,4,City or Municipal Highway Agency,6,Local Street - Municipality,SW 59TH ST,,0,None,35.40620000,35.40620000,-97.550900000,-97.55090000,0,No Special Jurisdiction,8,Pedestrian,0,The First Harmful Event was Not a Collision with a Motor Vehicle in Transport,0,No,1,Non-Junction,1,Not an Intersection,0,None,,,1,On Roadway,2,Dark - Not Lighted,,,,,1,Clear,0,No,0000000,Not Applicable,99,Unknown,98,Unknown if Notified,99,Unknown EMS Scene Arrival Hour,98,Unknown if Arrived,88,"Not Applicable (Not Transported) ",88,Not Applicable (Not Transported),,,,,,,1,
2022,40,400037,Oklahoma,2,2,0,0,0,3,3,65,JACKSON (65),0,NOT APPLICABLE,20,20,1,January,2022,5,Thursday,13,1:00pm-1:59pm,55,55,0,This section IS NOT on the NHS,1,Rural,4,Minor Arterial,1,State Highway Agency,2,U.S. Highway,US-283,CR-175,34,34,34.47900000,34.47900000,-99.333400000,-99.33340000,0,No Special Jurisdiction,12,Motor Vehicle In-Transport,6,Angle,0,No,2,Intersection,2,Four-Way Intersection,0,None,,,1,On Roadway,1,Daylight,,,,,10,Cloudy,0,No,0000000,Not Applicable,99,Unknown,98,Unknown if Notified,99,Unknown EMS Scene Arrival Hour,98,Unknown if Arrived,88,"Not Applicable (Not Transported) ",88,Not Applicable (Not Transported),,,,,,,2,
2022,40,400038,Oklahoma,2,2,0,0,0,3,3,97,MAYES (97),0,NOT APPLICABLE,28,28,1,January,2022,6,Friday,11,11:00am-11:59am,38,38,1,This section IS ON the NHS,1,Rural,1,Interstate,1,State Highway Agency,1,Interstate,I-44,,0,None,36.45540000,36.45540000,-95.358500000,-95.35850000,0,No Special Jurisdiction,24,Guardrail Face,0,The First Harmful Event was Not a Collision with a Motor Vehicle in Transport,0,No,1,Non-Junction,1,Not an Intersection,0,None,,,4,On Roadside,1,Daylight,,,,,1,Clear,0,No,0000000,Not Applicable,11,11:00am-11:59am,37,37,11,11:00am-11:59am,54,54,88,"Not Applicable (Not Transported) ",88,Not Applicable (Not Transported),,,,,,,1,
2022,40,400039,Oklahoma,1,1,0,0,0,1,1,17,CANADIAN (17),0,NOT APPLICABLE,1,1,2,February,2022,3,Tuesday,16,4:00pm-4:59pm,15,15,0,This section IS NOT on the NHS,1,Rural,5,Major Collector,1,State Highway Agency,2,U.S. Highway,US-270,,75,75,35.61770000,35.61770000,-98.179900000,-98.17990000,0,No Special Jurisdiction,32,Culvert,0,The First Harmful Event was Not a Collision with a Motor Vehicle in Transport,0,No,1,Non-Junction,1,Not an Intersection,0,None,,,4,On Roadside,1,Daylight,,,,,1,Clear,0,No,0000000,Not Applicable,99,Unknown,98,Unknown if Notified,99,Unknown EMS Scene Arrival Hour,98,Unknown if Arrived,88,"Not Applicable (Not Transported) ",88,Not Applicable (Not Transported),,,,,,,1,
2022,40,400040,Oklahoma,1,1,0,0,0,2,2,19,CARTER (19),0,NOT APPLICABLE,3,3,2,February,2022,5,Thursday,16,4:00pm-4:59pm,38,38,1,This section IS ON the NHS,1,Rural,1,Interstate,1,State Highway Agency,1,Interstate,I-35,,0,None,34.11710000,34.11710000,-97.154400000,-97.15440000,0,No Special Jurisdiction,1,Rollover/Overturn,0,The First Harmful Event was Not a Collision with a Motor Vehicle in Transport,0,No,1,Non-Junction,1,Not an Intersection,0,None,,,4,On Roadside,1,Daylight,,,,,10,Cloudy,0,No,0000000,Not Applicable,99,Unknown,98,Unknown if Notified,99,Unknown EMS Scene Arrival Hour,98,Unknown if Arrived,88,"Not Applicable (Not Transported) ",88,Not Applicable (Not Transported),,,,,,,1,
2022,40,400041,Oklahoma,2,2,0,0,0,2,2,109,OKLAHOMA (109),3550,OKLAHOMA CITY,8,8,2,February,2022,3,Tuesday,1,1:00am-1:59am,55,55,1,This section IS ON the NHS,1,Rural,1,Interstate,1,State Highway Agency,1,Interstate,I-44,,0,None,35.60520000,35.60520000,-97.394100000,-97.39410000,0,No Special Jurisdiction,12,Motor Vehicle In-Transport,2,Front-to-Front,0,No,1,Non-Junction,1,Not an Intersection,0,None,,,1,On Roadway,2,Dark - Not Lighted,,,,,1,Clear,0,No,0000000,Not Applicable,99,Unknown,98,Unknown if Notified,99,Unknown EMS Scene Arrival Hour,98,Unknown if Arrived,88,"Not Applicable (Not Transported) ",88,Not Applicable (Not Transported),,,,,,,1,
2022,40,400042,Oklahoma,1,1,0,0,0,1,1,133,SEMINOLE (133),0,NOT APPLICABLE,8,8,2,February,2022,3,Tuesday,7,7:00am-7:59am,52,52,1,This section IS ON the NHS,1,Rural,3,Principal Arterial - Other,1,State Highway Agency,2,U.S. Highway,US-377,,116,116,35.05740000,35.05740000,-96.680500000,-96.68050000,0,No Special Jurisdiction,35,Embankment,0,The First Harmful Event was Not a Collision with a Motor Vehicle in Transport,0,No,1,Non-Junction,1,Not an Intersection,0,None,,,4,On Roadside,1,Daylight,,,,,1,Clear,0,No,0000000,Not Applicable,99,Unknown,98,Unknown if Notified,99,Unknown EMS Scene Arrival Hour,98,Unknown if Arrived,88,"Not Applicable (Not Transported) ",88,Not Applicable (Not Transported),,,,,,,1,
2022,40,400043,Oklahoma,2,2,0,0,0,4,4,115,OTTAWA (115),0,NOT APPLICABLE,9,9,2,February,2022,4,Wednesday,11,11:00am-11:59am,59,59,0,This section IS NOT on the NHS,1,Rural,4,Minor Arterial,1,State Highway Agency,2,U.S. Highway,US-69A,US-69,0,None,36.94350000,36.94350000,-94.830600000,-94.83060000,0,No Special Jurisdiction,12,Motor Vehicle In-Transport,6,Angle,0,No,2,Intersection,3,T-Intersection,0,None,,,1,On Roadway,1,Daylight,,,,,1,Clear,0,No,0000000,Not Applicable,11,11:00am-11:59am,53,53,11,11:00am-11:59am,57,57,12,12:00pm-12:59pm,43,43,,,,,,,1,
2022,40,400044,Oklahoma,2,2,0,0,0,2,2,123,PONTOTOC (123),0,NOT APPLICABLE,3,3,1,January,2022,2,Monday,14,2:00pm-2:59pm,17,17,0,This section IS NOT on the NHS,1,Rural,7,Local,2,County Highway Agency,4,County Road,CR-3RD,CR-3610,0,None,34.69870000,34.69870000,-96.582600000,-96.58260000,0,No Special Jurisdiction,12,Motor Vehicle In-Transport,6,Angle,0,No,2,Intersection,2,Four-Way Intersection,0,None,,,1,On Roadway,1,Daylight,,,,,1,Clear,0,No,0000000,Not Applicable,14,2:00pm-2:59pm,20,20,15,3:00pm-3:59pm,0,0,15,3:00pm-3:59pm,41,41,,,,,,,2,
2022,40,400045,Oklahoma,6,5,1,0,1,7,8,81,LINCOLN (81),4530,STROUD,26,26,1,January,2022,4,Wednesday,22,10:00pm-10:59pm,35,35,1,This section IS ON the NHS,1,Rural,1,Interstate,1,State Highway Agency,1,Interstate,I-44,,0,None,35.76920000,35.76920000,-96.622700000,-96.62270000,0,No Special Jurisdiction,12,Motor Vehicle In-Transport,7,Sideswipe - Same Direction,0,No,1,Non-Junction,1,Not an Intersection,0,None,,,1,On Roadway,3,Dark - Lighted,,,,,10,Cloudy,0,No,0000000,Not Applicable,22,10:00pm-10:59pm,50,50,23,11:00pm-11:59pm,8,8,1,1:00am-1:59am,0,0,,,,,,,2,
2022,40,400046,Oklahoma,1,1,0,0,0,1,1,109,OKLAHOMA (109),3550,OKLAHOMA CITY,7,7,2,February,2022,2,Monday,21,9:00pm-9:59pm,8,8,1,This section IS ON the NHS,2,Urban,1,Interstate,1,State Highway Agency,1,Interstate,I-44,,0,None,35.51050000,35.51050000,-97.575800000,-97.57580000,0,No Special Jurisdiction,21,Bridge Pier or Support,0,The First Harmful Event was Not a Collision with a Motor Vehicle in Transport,0,No,1,Non-Junction,1,Not an Intersection,0,None,,,4,On Roadside,3,Dark - Lighted,,,,,1,Clear,0,No,0000000,Not Applicable,21,9:00pm-9:59pm,6,6,21,9:00pm-9:59pm,18,18,21,9:00pm-9:59pm,40,40,,,,,,,1,
2022,40,400047,Oklahoma,2,2,0,0,0,3,3,143,TULSA (143),4780,TULSA,8,8,2,February,2022,3,Tuesday,0,0:00am-0:59am,56,56,1,This section IS ON the NHS,2,Urban,1,Interstate,1,State Highway Agency,1,Interstate,I-44,,0,None,36.10340000,36.10340000,-95.911100000,-95.91110000,0,No Special Jurisdiction,12,Motor Vehicle In-Transport,1,Front-to-Rear,0,No,1,Non-Junction,1,Not an Intersection,0,None,,,1,On Roadway,2,Dark - Not Lighted,,,,,1,Clear,0,No,0000000,Not Applicable,99,Unknown,98,Unknown if Notified,99,Unknown EMS Scene Arrival Hour,98,Unknown if Arrived,88,"Not Applicable (Not Transported) ",88,Not Applicable (Not Transported),,,,,,,1,
2022,40,400048,Oklahoma,4,4,0,0,0,6,6,71,KAY (71),4750,TONKAWA,4,4,1,January,2022,3,Tuesday,4,4:00am-4:59am,35,35,1,This section IS ON the NHS,1,Rural,1,Interstate,1,State Highway Agency,1,Interstate,I-35,,0,None,36.67640000,36.67640000,-97.345800000,-97.34580000,0,No Special Jurisdiction,25,Concrete Traffic Barrier,0,The First Harmful Event was Not a Collision with a Motor Vehicle in Transport,0,No,1,Non-Junction,1,Not an Intersection,0,None,,,4,On Roadside,2,Dark - Not Lighted,,,,,10,Cloudy,0,No,0000000,Not Applicable,99,Unknown,98,Unknown if Notified,99,Unknown EMS Scene Arrival Hour,98,Unknown if Arrived,88,"Not Applicable (Not Transported) ",88,Not Applicable (Not Transported),,,,,,,2,
2022,40,400049,Oklahoma,2,2,0,0,0,3,3,123,PONTOTOC (123),0,NOT APPLICABLE,24,24,1,January,2022,2,Monday,8,8:00am-8:59am,3,3,1,This section IS ON the NHS,1,Rural,3,Principal Arterial - Other,1,State Highway Agency,3,State Highway,SR-3,,40,40,34.70390000,34.70390000,-96.606700000,-96.60670000,0,No Special Jurisdiction,12,Motor Vehicle In-Transport,2,Front-to-Front,0,No,1,Non-Junction,1,Not an Intersection,0,None,,,1,On Roadway,1,Daylight,,,,,1,Clear,0,No,0000000,Not Applicable,8,8:00am-8:59am,6,6,8,8:00am-8:59am,35,35,9,9:00am-9:59am,50,50,,,,,,,1,
2022,40,400050,Oklahoma,3,3,0,0,0,3,3,83,LOGAN (83),0,NOT APPLICABLE,11,11,2,February,2022,6,Friday,8,8:00am-8:59am,25,25,0,This section IS NOT on the NHS,2,Urban,3,Principal Arterial - Other,1,State Highway Agency,3,State Highway,SR-33,PENNSYLVANIA AVE,0,None,35.87140000,35.87140000,-97.549600000,-97.54960000,0,No Special Jurisdiction,12,Motor Vehicle In-Transport,1,Front-to-Rear,0,No,2,Intersection,2,Four-Way Intersection,0,None,,,1,On Roadway,1,Daylight,,,,,1,Clear,0,No,0000000,Not Applicable,8,8:00am-8:59am,28,28,8,8:00am-8:59am,37,37,9,9:00am-9:59am,19,19,,,,,,,1,
2022,40,400051,Oklahoma,1,1,0,0,0,1,1,81,LINCOLN (81),0,NOT APPLICABLE,14,14,2,February,2022,2,Monday,21,9:00pm-9:59pm,15,15,0,This section IS NOT on the NHS,1,Rural,4,Minor Arterial,1,State Highway Agency,3,State Highway,SR-99,,89,89,35.87940000,35.87940000,-96.664100000,-96.66410000,0,No Special Jurisdiction,32,Culvert,0,The First Harmful Event was Not a Collision with a Motor Vehicle in Transport,0,No,1,Non-Junction,1,Not an Intersection,0,None,,,4,On Roadside,2,Dark - Not Lighted,,,,,1,Clear,0,No,0000000,Not Applicable,99,Unknown,98,Unknown if Notified,99,Unknown EMS Scene Arrival Hour,98,Unknown if Arrived,88,"Not Applicable (Not Transported) ",88,Not Applicable (Not Transported),,,,,,,1,