caseyear,state,st_case,statename,ve_total,ve_forms,pvh_invl,peds,pernotmvit,permvit,persons,county,countyname,city,cityname,day,dayname,month,monthname,year,day_week,day_weekname,hour,hourname,minute,minutename,nhs,nhsname,rur_urb,rur_urbname,func_sys,func_sysname,rd_owner,rd_ownername,route,routename,tway_id,tway_id2,milept,mileptname,latitude,latitudename,longitud,longitudname,sp_jur,sp_jurname,harm_ev,harm_evname,man_coll,man_collname,reljct1,reljct1name,reljct2,reljct2name,typ_int,typ_intname,wrk_zone,wrk_zonename,road_fnc,road_fncname,rel_road,rel_roadname,lgt_cond,lgt_condname,weather1,weather1name,weather2,weather2name,weather,weathername,sch_bus,sch_busname,rail,railname,not_hour,not_hourname,not_min,not_minname,arr_hour,arr_hourname,arr_min,arr_minname,hosp_hr,hosp_hrname,hosp_mn,hosp_mnname,cf1,cf1name,cf2,cf2name,cf3,cf3name,fatals,drunk_dr
2022,40,400164,Oklahoma,1,1,0,0,0,2,2,113,OSAGE (113),0,NOT APPLICABLE,12,12,3,March,2022,7,Saturday,16,4:00pm-4:59pm,1,1,0,This section IS NOT on the NHS,1,Rural,5,Major Collector,1,State Highway Agency,3,State Highway,SR-20,,13,13,36.40537500,36.40537500,-96.372988890,-96.37298889,0,No Special Jurisdiction,1,Rollover/Overturn,0,The First Harmful Event was Not a Collision with a Motor Vehicle in Transport,0,No,1,Non-Junction,1,Not an Intersection,0,None,,,4,On Roadside,1,Daylight,,,,,1,Clear,0,No,0000000,Not Applicable,10,10:00am-10:59am,1,1,10,10:00am-10:59am,5,5,11,11:00am-11:59am,13,13,,,,,,,1,
2022,40,400165,Oklahoma,1,1,0,0,0,2,2,141,TILLMAN (141),0,NOT APPLICABLE,3,3,5,May,2022,3,Tuesday,23,11:00pm-11:59pm,18,18,0,This section IS NOT on the NHS,1,Rural,5,Major Collector,1,State Highway Agency,2,U.S. Highway,US-70 OK-36,,307,307,34.20530000,34.20530000,-98.610000000,-98.61000000,0,No Special Jurisdiction,1,Rollover/Overturn,0,The First Harmful Event was Not a Collision with a Motor Vehicle in Transport,0,No,1,Non-Junction,1,Not an Intersection,0,None,,,4,On Roadside,2,Dark - Not Lighted,,,,,1,Clear,0,No,0000000,Not Applicable,99,Unknown,99,Unknown,99,Unknown EMS Scene Arrival Hour,99,Unknown EMS Scene Arrival Minutes,99,Unknown,99,Unknown EMS Hospital Arrival Time,,,,,,,1,
2022,40,400166,Oklahoma,1,1,0,0,0,1,1,15,CADDO (15),0,NOT APPLICABLE,24,24,5,May,2022,3,Tuesday,7,7:00am-7:59am,15,15,0,This section IS NOT on the NHS,1,Rural,4,Minor Arterial,1,State Highway Agency,2,U.S. Highway,US-281 OK-8,,171,171,35.53620000,35.53620000,-98.341100000,-98.34110000,0,No Special Jurisdiction,23,Bridge Rail (Includes parapet),0,The First Harmful Event was Not a Collision with a Motor Vehicle in Transport,0,No,1,Non-Junction,1,Not an Intersection,0,None,,,4,On Roadside,1,Daylight,,,,,2,Rain,0,No,0000000,Not Applicable,99,Unknown,98,Unknown if Notified,99,Unknown EMS Scene Arrival Hour,98,Unknown if Arrived,88,"Not Applicable (Not Transported) ",88,Not Applicable (Not Transported),,,,,,,1,
2022,40,400167,Oklahoma,1,1,0,0,0,2,2,97,MAYES (97),0,NOT APPLICABLE,27,27,5,May,2022,6,Friday,23,11:00pm-11:59pm,35,35,1,This section IS ON the NHS,1,Rural,3,Principal Arterial - Other,31,State Toll Road,2,U.S. Highway,US-412 CHEROKEE TURNPIKE,,103,103,36.21120000,36.21120000,-95.100700000,-95.10070000,0,No Special Jurisdiction,21,Bridge Pier or Support,0,The First Harmful Event was Not a Collision with a Motor Vehicle in Transport,0,No,1,Non-Junction,1,Not an Intersection,0,None,,,4,On Roadside,2,Dark - Not Lighted,,,,,10,Cloudy,0,No,0000000,Not Applicable,23,11:00pm-11:59pm,0,0,23,11:00pm-11:59pm,17,17,23,11:00pm-11:59pm,44,44,,,,,,,1,
2022,40,400168,Oklahoma,1,1,0,0,0,1,1,33,COTTON (33),0,NOT APPLICABLE,29,29,5,May,2022,1,Sunday,1,1:00am-1:59am,37,37,0,This section IS NOT on the NHS,1,Rural,4,Minor Arterial,1,State Highway Agency,3,State Highway,SR-5,CR-1870,90,90,34.30390556,34.30390556,-98.313358330,-98.31335833,0,No Special Jurisdiction,35,Embankment,0,The First Harmful Event was Not a Collision with a Motor Vehicle in Transport,0,No,3,Intersection-Related,2,Four-Way Intersection,0,None,,,4,On Roadside,2,Dark - Not Lighted,,,,,1,Clear,0,No,0000000,Not Applicable,99,Unknown,98,Unknown if Notified,99,Unknown EMS Scene Arrival Hour,98,Unknown if Arrived,88,"Not Applicable (Not Transported) ",88,Not Applicable (Not Transported),,,,,,,1,
2022,40,400169,Oklahoma,2,2,0,0,0,2,2,109,OKLAHOMA (109),3550,OKLAHOMA CITY,6,6,5,May,2022,6,Friday,16,4:00pm-4:59pm,32,32,1,This section IS ON the NHS,2,Urban,2,Principal Arterial - Other Freeways and Expressways,1,State Highway Agency,3,State Highway,SR-152,,0,None,35.42275556,35.42275556,-97.603247220,-97.60324722,0,No Special Jurisdiction,12,Motor Vehicle In-Transport,1,Front-to-Rear,0,No,1,Non-Junction,1,Not an Intersection,4,"Work Zone, Type Unknown",,,1,On Roadway,1,Daylight,,,,,10,Cloudy,0,No,0000000,Not Applicable,16,4:00pm-4:59pm,32,32,16,4:00pm-4:59pm,54,54,17,5:00pm-5:59pm,8,8,,,,,,,1,
2022,40,400170,Oklahoma,2,2,0,0,0,2,2,109,OKLAHOMA (109),3550,OKLAHOMA CITY,10,10,5,May,2022,3,Tuesday,9,9:00am-9:59am,10,10,0,This section IS NOT on the NHS,2,Urban,5,Major Collector,1,State Highway Agency,6,Local Street - Municipality,NW 150TH ST,SR-74 N PORTLAND AVE,0,None,35.62363889,35.62363889,-97.585116670,-97.58511667,0,No Special Jurisdiction,12,Motor Vehicle In-Transport,6,Angle,0,No,2,Intersection,2,Four-Way Intersection,0,None,,,1,On Roadway,1,Daylight,,,,,1,Clear,0,No,0000000,Not Applicable,9,9:00am-9:59am,12,12,9,9:00am-9:59am,18,18,9,9:00am-9:59am,50,50,,,,,,,1,
2022,40,400171,Oklahoma,1,1,0,0,0,1,1,101,MUSKOGEE (101),4590,TAFT,11,11,5,May,2022,4,Wednesday,11,11:00am-11:59am,55,55,0,This section IS NOT on the NHS,1,Rural,7,Local,4,City or Municipal Highway Agency,6,Local Street - Municipality,MARTIN LUTHER KING ST,,0,None,35.76046111,35.76046111,-95.549397220,-95.54939722,0,No Special Jurisdiction,1,Rollover/Overturn,0,The First Harmful Event was Not a Collision with a Motor Vehicle in Transport,0,No,1,Non-Junction,1,Not an Intersection,0,None,,,4,On Roadside,1,Daylight,,,,,1,Clear,0,No,0000000,Not Applicable,99,Unknown,98,Unknown if Notified,99,Unknown EMS Scene Arrival Hour,98,Unknown if Arrived,88,"Not Applicable (Not Transported) ",88,Not Applicable (Not Transported),,,,,,,1,
2022,40,400172,Oklahoma,1,1,0,0,0,1,1,1,ADAIR (1),0,NOT APPLICABLE,10,10,5,May,2022,3,Tuesday,21,9:00pm-9:59pm,36,36,0,This section IS NOT on the NHS,1,Rural,5,Major Collector,2,County Highway Agency,4,County Road,CR-E770,,0,None,35.90090000,35.90090000,-94.727600000,-94.72760000,0,No Special Jurisdiction,18,Other Object (not fixed),0,The First Harmful Event was Not a Collision with a Motor Vehicle in Transport,0,No,1,Non-Junction,1,Not an Intersection,0,None,,,1,On Roadway,2,Dark - Not Lighted,,,,,1,Clear,0,No,0000000,Not Applicable,21,9:00pm-9:59pm,26,26,21,9:00pm-9:59pm,40,40,22,10:00pm-10:59pm,14,14,,,,,,,1,
2022,40,400173,Oklahoma,2,2,0,0,0,3,3,27,CLEVELAND (27),3550,OKLAHOMA CITY,19,19,5,May,2022,5,Thursday,12,12:00pm-12:59pm,22,22,0,This section IS NOT on the NHS,2,Urban,4,Minor Arterial,4,City or Municipal Highway Agency,6,Local Street - Municipality,S WESTERN AVE,JEARY DR,0,None,35.35680000,35.35680000,-97.530000000,-97.53000000,0,No Special Jurisdiction,12,Motor Vehicle In-Transport,6,Angle,0,No,2,Intersection,3,T-Intersection,0,None,,,1,On Roadway,1,Daylight,,,,,1,Clear,0,No,0000000,Not Applicable,99,Unknown,98,Unknown if Notified,99,Unknown EMS Scene Arrival Hour,98,Unknown if Arrived,88,"Not Applicable (Not Transported) ",88,Not Applicable (Not Transported),,,,,,,1,
2022,40,400174,Oklahoma,2,2,0,0,0,3,3,131,ROGERS (131),0,NOT APPLICABLE,27,27,5,May,2022,6,Friday,11,11:00am-11:59am,43,43,1,This section IS ON the NHS,1,Rural,3,Principal Arterial - Other,1,State Highway Agency,2,U.S. Highway,US-412,CR-S4170,84,84,36.17100000,36.17100000,-95.583100000,-95.58310000,0,No Special Jurisdiction,12,Motor Vehicle In-Transport,6,Angle,0,No,2,Intersection,2,Four-Way Intersection,0,None,,,1,On Roadway,1,Daylight,,,,,1,Clear,0,No,0000000,Not Applicable,11,11:00am-11:59am,36,36,11,11:00am-11:59am,52,52,12,12:00pm-12:59pm,42,42,,,,,,,1,
2022,40,400175,Oklahoma,4,4,0,0,0,10,10,135,SEQUOYAH (135),3290,MULDROW,29,29,5,May,2022,1,Sunday,15,3:00pm-3:59pm,29,29,1,This section IS ON the NHS,1,Rural,1,Interstate,1,State Highway Agency,1,Interstate,I-40,,0,None,35.39340000,35.39340000,-94.597900000,-94.59790000,0,No Special Jurisdiction,21,Bridge Pier or Support,0,The First Harmful Event was Not a Collision with a Motor Vehicle in Transport,0,No,1,Non-Junction,1,Not an Intersection,0,None,,,3,On Median,1,Daylight,,,,,1,Clear,0,No,0000000,Not Applicable,15,3:00pm-3:59pm,32,32,15,3:00pm-3:59pm,41,41,16,4:00pm-4:59pm,22,22,,,,,,,2,
2022,40,400176,Oklahoma,3,3,0,0,0,3,3,143,TULSA (143),4780,TULSA,1,1,6,June,2022,4,Wednesday,23,11:00pm-11:59pm,30,30,0,This section IS NOT on the NHS,2,Urban,4,Minor Arterial,4,City or Municipal Highway Agency,6,Local Street - Municipality,S SHERIDAN RD,E 28TH ST,0,None,36.12280000,36.12280000,-95.904500000,-95.90450000,0,No Special Jurisdiction,12,Motor Vehicle In-Transport,6,Angle,0,No,2,Intersection,3,T-Intersection,0,None,,,1,On Roadway,3,Dark - Lighted,,,,,1,Clear,0,No,0000000,Not Applicable,22,10:00pm-10:59pm,30,30,22,10:00pm-10:59pm,43,43,23,11:00pm-11:59pm,4,4,,,,,,,1,
2022,40,400177,Oklahoma,1,1,0,1,1,1,1,83,LOGAN (83),0,NOT APPLICABLE,14,14,5,May,2022,7,Saturday,13,1:00pm-1:59pm,41,41,0,This section IS NOT on the NHS,1,Rural,5,Major Collector,1,State Highway Agency,2,U.S. Highway,US-77,,52,52,35.95490000,35.95490000,-97.422600000,-97.42260000,0,No Special Jurisdiction,9,Pedalcyclist,0,The First Harmful Event was Not a Collision with a Motor Vehicle in Transport,0,No,1,Non-Junction,1,Not an Intersection,0,None,,,1,On Roadway,1,Daylight,,,,,1,Clear,0,No,0000000,Not Applicable,13,1:00pm-1:59pm,30,30,13,1:00pm-1:59pm,36,36,99,Unknown,99,Unknown EMS Hospital Arrival Time,,,,,,,1,
2022,40,400178,Oklahoma,2,2,0,0,0,3,3,133,SEMINOLE (133),0,NOT APPLICABLE,16,16,5,May,2022,2,Monday,20,8:00pm-8:59pm,28,28,1,This section IS ON the NHS,1,Rural,3,Principal Arterial - Other,1,State Highway Agency,2,U.S. Highway,US-377,CR-EW1130,4,4,35.37724444,35.37724444,-96.671522220,-96.67152222,0,No Special Jurisdiction,12,Motor Vehicle In-Transport,7,Sideswipe - Same Direction,0,No,3,Intersection-Related,2,Four-Way Intersection,0,None,,,1,On Roadway,1,Daylight,,,,,1,Clear,0,No,0000000,Not Applicable,20,8:00pm-8:59pm,35,35,20,8:00pm-8:59pm,55,55,22,10:00pm-10:59pm,3,3,,,,,,,1,
2022,40,400179,Oklahoma,1,1,0,1,1,1,1,145,WAGONER (145),0,NOT APPLICABLE,4,4,6,June,2022,7,Saturday,0,0:00am-0:59am,3,3,1,This section IS ON the NHS,2,Urban,3,Principal Arterial - Other,31,State Toll Road,3,State Highway,SR-364 CREEK TURNPIKE,,0,None,36.15690000,36.15690000,-95.732500000,-95.73250000,0,No Special Jurisdiction,8,Pedestrian,0,The First Harmful Event was Not a Collision with a Motor Vehicle in Transport,0,No,1,Non-Junction,1,Not an Intersection,0,None,,,1,On Roadway,2,Dark - Not Lighted,,,,,10,Cloudy,0,No,0000000,Not Applicable,99,Unknown,98,Unknown if Notified,99,Unknown EMS Scene Arrival Hour,98,Unknown if Arrived,88,"Not Applicable (Not Transported) ",88,Not Applicable (Not Transported),,,,,,,1,
2022,40,400180,Oklahoma,2,2,0,0,0,4,4,121,PITTSBURG (121),0,NOT APPLICABLE,1,1,6,June,2022,4,Wednesday,8,8:00am-8:59am,29,29,0,This section IS NOT on the NHS,1,Rural,5,Major Collector,1,State Highway Agency,3,State Highway,SR-31,,65,65,34.96270000,34.96270000,-95.629500000,-95.62950000,0,No Special Jurisdiction,12,Motor Vehicle In-Transport,2,Front-to-Front,0,No,1,Non-Junction,1,Not an Intersection,0,None,,,1,On Roadway,1,Daylight,,,,,1,Clear,0,No,0000000,Not Applicable,8,8:00am-8:59am,28,28,9,9:00am-9:59am,2,2,9,9:00am-9:59am,22,22,,,,,,,2,
2022,40,400181,Oklahoma,1,1,0,0,0,2,2,135,SEQUOYAH (135),0,NOT APPLICABLE,2,2,6,June,2022,5,Thursday,8,8:00am-8:59am,5,5,0,This section IS NOT on the NHS,1,Rural,5,Major Collector,2,County Highway Agency,4,County Road,CR-1050,,0,None,35.49240000,35.49240000,-94.572500000,-94.57250000,0,No Special Jurisdiction,42,Tree (Standing Only),0,The First Harmful Event was Not a Collision with a Motor Vehicle in Transport,0,No,1,Non-Junction,1,Not an Intersection,0,None,,,4,On Roadside,1,Daylight,,,,,10,Cloudy,0,No,0000000,Not Applicable,99,Unknown,98,Unknown if Notified,99,Unknown EMS Scene Arrival Hour,98,Unknown if Arrived,88,"Not Applicable (Not Transported) ",88,Not Applicable (Not Transported),,,,,,,2,
2022,40,400182,Oklahoma,1,1,0,1,1,5,5,95,MARSHALL (95),0,NOT APPLICABLE,3,3,6,June,2022,6,Friday,19,7:00pm-7:59pm,29,29,0,This section IS NOT on the NHS,1,Rural,7,Local,2,County Highway Agency,4,County Road,CR-BACK ST,,0,None,33.88550000,33.88550000,-96.748600000,-96.74860000,0,No Special Jurisdiction,8,Pedestrian,0,The First Harmful Event was Not a Collision with a Motor Vehicle in Transport,0,No,1,Non-Junction,1,Not an Intersection,0,None,,,1,On Roadway,1,Daylight,,,,,1,Clear,0,No,0000000,Not Applicable,19,7:00pm-7:59pm,19,19,19,7:00pm-7:59pm,29,29,19,7:00pm-7:59pm,46,46,,,,,,,1,
2022,40,400183,Oklahoma,2,2,0,0,0,3,3,1,ADAIR (1),0,NOT APPLICABLE,6,6,6,June,2022,2,Monday,14,2:00pm-2:59pm,43,43,1,This section IS ON the NHS,1,Rural,3,Principal Arterial - Other,1,State Highway Agency,2,U.S. Highway,US-59,,38,38,35.68960000,35.68960000,-94.670500000,-94.67050000,0,No Special Jurisdiction,12,Motor Vehicle In-Transport,2,Front-to-Front,0,No,1,Non-Junction,1,Not an Intersection,0,None,,,1,On Roadway,1,Daylight,,,,,10,Cloudy,0,No,0000000,Not Applicable,21,9:00pm-9:59pm,30,30,21,9:00pm-9:59pm,55,55,22,10:00pm-10:59pm,30,30,,,,,,,1,
2022,40,400184,Oklahoma,2,2,0,0,0,2,2,105,NOWATA (105),0,NOT APPLICABLE,7,7,6,June,2022,3,Tuesday,13,1:00pm-1:59pm,25,25,1,This section IS ON the NHS,1,Rural,3,Principal Arterial - Other,1,State Highway Agency,2,U.S. Highway,US-169,,0,None,36.77700000,36.77700000,-95.629600000,-95.62960000,0,No Special Jurisdiction,12,Motor Vehicle In-Transport,2,Front-to-Front,0,No,1,Non-Junction,1,Not an Intersection,0,None,,,1,On Roadway,1,Daylight,,,,,1,Clear,0,No,0000000,Not Applicable,99,Unknown,98,Unknown if Notified,99,Unknown EMS Scene Arrival Hour,98,Unknown if Arrived,88,"Not Applicable (Not Transported) ",88,Not Applicable (Not Transported),,,,,,,1,
2022,40,400185,Oklahoma,1,1,0,0,0,1,1,93,MAJOR (93),0,NOT APPLICABLE,11,11,6,June,2022,7,Saturday,22,10:00pm-10:59pm,43,43,0,This section IS NOT on the NHS,1,Rural,5,Major Collector,1,State Highway Agency,3,State Highway,SR-8,,93,93,36.27520000,36.27520000,-98.349500000,-98.34950000,0,No Special Jurisdiction,11,Live Animal,0,The First Harmful Event was Not a Collision with a Motor Vehicle in Transport,0,No,1,Non-Junction,1,Not an Intersection,0,None,,,1,On Roadway,2,Dark - Not Lighted,,,,,10,Cloudy,0,No,0000000,Not Applicable,99,Unknown,98,Unknown if Notified,99,Unknown EMS Scene Arrival Hour,98,Unknown if Arrived,88,"Not Applicable (Not Transported) ",88,Not Applicable (Not Transported),,,,,,,1,
2022,40,400186,Oklahoma,2,2,0,0,0,3,3,145,WAGONER (145),0,NOT APPLICABLE,19,19,5,May,2022,5,Thursday,10,10:00am-10:59am,26,26,0,This section IS NOT on the NHS,2,Urban,4,Minor Arterial,2,County Highway Agency,4,County Road,CR-E 51ST ST,CR-S 241ST E AVE,0,None,36.08990000,36.08990000,-95.708200000,-95.70820000,0,No Special Jurisdiction,12,Motor Vehicle In-Transport,6,Angle,0,No,2,Intersection,2,Four-Way Intersection,0,None,,,1,On Roadway,1,Daylight,,,,,1,Clear,0,No,0000000,Not Applicable,10,10:00am-10:59am,18,18,10,10:00am-10:59am,23,23,11,11:00am-11:59am,57,57,,,,,,,1,
2022,40,400187,Oklahoma,2,1,1,0,1,1,2,9,BECKHAM (9),0,NOT APPLICABLE,24,24,5,May,2022,3,Tuesday,21,9:00pm-9:59pm,24,24,1,This section IS ON the NHS,1,Rural,1,Interstate,1,State Highway Agency,1,Interstate,I-40,,0,None,35.22640000,35.22640000,-99.918500000,-99.91850000,0,No Special Jurisdiction,14,Parked Motor Vehicle,0,The First Harmful Event was Not a Collision with a Motor Vehicle in Transport,0,No,1,Non-Junction,1,Not an Intersection,0,None,,,2,On Shoulder,2,Dark - Not Lighted,,,,,1,Clear,0,No,0000000,Not Applicable,20,8:00pm-8:59pm,23,23,20,8:00pm-8:59pm,32,32,21,9:00pm-9:59pm,32,32,,,,,,,1,
2022,40,400188,Oklahoma,2,2,0,0,0,2,2,5,ATOKA (5),0,NOT APPLICABLE,24,24,5,May,2022,3,Tuesday,21,9:00pm-9:59pm,33,33,1,This section IS ON the NHS,1,Rural,3,Principal Arterial - Other,1,State Highway Agency,2,U.S. Highway,US-69,CR-E FREDS FISHCAMP RD,95,95,34.48790000,34.48790000,-96.048800000,-96.04880000,0,No Special Jurisdiction,12,Motor Vehicle In-Transport,6,Angle,0,No,2,Intersection,3,T-Intersection,0,None,,,1,On Roadway,3,Dark - Lighted,,,,,2,Rain,0,No,0000000,Not Applicable,99,Unknown,98,Unknown if Notified,99,Unknown EMS Scene Arrival Hour,98,Unknown if Arrived,88,"Not Applicable (Not Transported) ",88,Not Applicable (Not Transported),,,,,,,1,
2022,40,400189,Oklahoma,1,1,0,0,0,1,1,127,PUSHMATAHA (127),0,NOT APPLICABLE,4,4,6,June,2022,7,Saturday,2,2:00am-2:59am,44,44,0,This section IS NOT on the NHS,1,Rural,5,Major Collector,1,State Highway Agency,3,State Highway,SR-43,,49,49,34.64160000,34.64160000,-95.434100000,-95.43410000,0,No Special Jurisdiction,1,Rollover/Overturn,0,The First Harmful Event was Not a Collision with a Motor Vehicle in Transport,0,No,1,Non-Junction,1,Not an Intersection,0,None,,,4,On Roadside,2,Dark - Not Lighted,,,,,1,Clear,0,No,0000000,Not Applicable,99,Unknown,98,Unknown if Notified,99,Unknown EMS Scene Arrival Hour,98,Unknown if Arrived,88,"Not Applicable (Not Transported) ",88,Not Applicable (Not Transported),,,,,,,1,
2022,40,400190,Oklahoma,1,1,0,0,0,2,2,9,BECKHAM (9),0,NOT APPLICABLE,3,3,5,May,2022,3,Tuesday,2,2:00am-2:59am,21,21,0,This section IS NOT on the NHS,1,Rural,7,Local,2,County Highway Agency,4,County Road,CR-EW1060,,0,None,35.47990000,35.47990000,-99.390100000,-99.39010000,0,No Special Jurisdiction,38,Fence,0,The First Harmful Event was Not a Collision with a Motor Vehicle in Transport,0,No,1,Non-Junction,1,Not an Intersection,0,None,,,4,On Roadside,2,Dark - Not Lighted,,,,,1,Clear,0,No,0000000,Not Applicable,2,2:00am-2:59am,34,34,3,3:00am-3:59am,21,21,4,4:00am-4:59am,51,51,,,,,,,1,
2022,40,400191,Oklahoma,1,1,0,0,0,1,1,109,OKLAHOMA (109),3550,OKLAHOMA CITY,28,28,5,May,2022,7,Saturday,21,9:00pm-9:59pm,32,32,1,This section IS ON the NHS,2,Urban,1,Interstate,1,State Highway Agency,1,Interstate,I-240,,0,None,35.39160000,35.39160000,-97.460300000,-97.46030000,0,No Special Jurisdiction,1,Rollover/Overturn,0,The First Harmful Event was Not a Collision with a Motor Vehicle in Transport,0,No,1,Non-Junction,1,Not an Intersection,0,None,,,4,On Roadside,2,Dark - Not Lighted,,,,,1,Clear,0,No,0000000,Not Applicable,21,9:00pm-9:59pm,34,34,21,9:00pm-9:59pm,45,45,22,10:00pm-10:59pm,4,4,,,,,,,1,
2022,40,400192,Oklahoma,1,1,0,0,0,2,2,79,LE FLORE (79),0,NOT APPLICABLE,3,3,6,June,2022,6,Friday,0,0:00am-0:59am,50,50,0,This section IS NOT on the NHS,1,Rural,4,Minor Arterial,1,State Highway Agency,2,U.S. Highway,US-270,,41,41,34.93340000,34.93340000,-94.707600000,-94.70760000,0,No Special Jurisdiction,42,Tree (Standing Only),0,The First Harmful Event was Not a Collision with a Motor Vehicle in Transport,0,No,1,Non-Junction,1,Not an Intersection,0,None,,,4,On Roadside,2,Dark - Not Lighted,,,,,5,"Fog, Smog, Smoke",0,No,0000000,Not Applicable,0,0:00am-0:59am,50,50,1,1:00am-1:59am,6,6,2,2:00am-2:59am,38,38,,,,,,,1,
2022,40,400193,Oklahoma,2,2,0,0,0,6,6,121,PITTSBURG (121),0,NOT APPLICABLE,4,4,6,June,2022,7,Saturday,21,9:00pm-9:59pm,56,56,0,This section IS NOT on the NHS,1,Rural,5,Major Collector,1,State Highway Agency,3,State Highway,SR-113,,50,50,35.03670000,35.03670000,-95.772000000,-95.77200000,0,No Special Jurisdiction,12,Motor Vehicle In-Transport,6,Angle,0,No,1,Non-Junction,1,Not an Intersection,0,None,,,1,On Roadway,2,Dark - Not Lighted,,,,,1,Clear,0,No,0000000,Not Applicable,22,10:00pm-10:59pm,10,10,22,10:00pm-10:59pm,17,17,23,11:00pm-11:59pm,28,28,,,,,,,1,
2022,40,400194,Oklahoma,1,1,0,0,0,1,1,79,LE FLORE (79),0,NOT APPLICABLE,7,7,6,June,2022,3,Tuesday,15,3:00pm-3:59pm,25,25,0,This section IS NOT on the NHS,1,Rural,7,Local,2,County Highway Agency,4,County Road,CR-WILLIAMS,,0,None,34.74120000,34.74120000,-95.034100000,-95.03410000,0,No Special Jurisdiction,42,Tree (Standing Only),0,The First Harmful Event was Not a Collision with a Motor Vehicle in Transport,0,No,1,Non-Junction,1,Not an Intersection,0,None,,,4,On Roadside,1,Daylight,,,,,1,Clear,0,No,0000000,Not Applicable,88,Not Applicable (Not Notified),88,Not Applicable (Not Notified),88,Not Applicable,88,Not Applicable,88,"Not Applicable (Not Transported) ",88,Not Applicable (Not Transported),,,,,,,1,
2022,40,400196,Oklahoma,1,1,0,0,0,1,1,17,CANADIAN (17),1540,EL RENO,13,13,6,June,2022,2,Monday,14,2:00pm-2:59pm,45,45,1,This section IS ON the NHS,1,Rural,1,Interstate,1,State Highway Agency,1,Interstate,I-40,,0,None,35.52990000,35.52990000,-98.087200000,-98.08720000,0,No Special Jurisdiction,24,Guardrail Face,0,The First Harmful Event was Not a Collision with a Motor Vehicle in Transport,0,No,1,Non-Junction,1,Not an Intersection,0,None,,,4,On Roadside,1,Daylight,,,,,1,Clear,0,No,0000000,Not Applicable,99,Unknown,98,Unknown if Notified,99,Unknown EMS Scene Arrival Hour,98,Unknown if Arrived,88,"Not Applicable (Not Transported) ",88,Not Applicable (Not Transported),,,,,,,1,
2022,40,400197,Oklahoma,2,2,0,0,0,2,2,35,CRAIG (35),0,NOT APPLICABLE,13,13,6,June,2022,2,Monday,14,2:00pm-2:59pm,44,44,0,This section IS NOT on the NHS,1,Rural,4,Minor Arterial,1,State Highway Agency,2,U.S. Highway,US-60,CR-NS4480,130,130,36.62700000,36.62700000,-95.017500000,-95.01750000,0,No Special Jurisdiction,12,Motor Vehicle In-Transport,6,Angle,0,No,2,Intersection,2,Four-Way Intersection,0,None,,,1,On Roadway,1,Daylight,,,,,1,Clear,0,No,0000000,Not Applicable,14,2:00pm-2:59pm,37,37,15,3:00pm-3:59pm,2,2,15,3:00pm-3:59pm,38,38,,,,,,,1,
2022,40,400198,Oklahoma,2,2,0,1,1,2,2,17,CANADIAN (17),3550,OKLAHOMA CITY,15,15,6,June,2022,4,Wednesday,22,10:00pm-10:59pm,28,28,1,This section IS ON the NHS,2,Urban,1,Interstate,1,State Highway Agency,1,Interstate,I-40 US-270,,0,None,35.46010000,35.46010000,-97.676700000,-97.67670000,0,No Special Jurisdiction,8,Pedestrian,0,The First Harmful Event was Not a Collision with a Motor Vehicle in Transport,0,No,1,Non-Junction,1,Not an Intersection,0,None,,,1,On Roadway,2,Dark - Not Lighted,,,,,1,Clear,0,No,0000000,Not Applicable,99,Unknown,98,Unknown if Notified,99,Unknown EMS Scene Arrival Hour,98,Unknown if Arrived,88,"Not Applicable (Not Transported) ",88,Not Applicable (Not Transported),,,,,,,1,
2022,40,400200,Oklahoma,1,1,0,0,0,1,1,133,SEMINOLE (133),0,NOT APPLICABLE,16,16,6,June,2022,5,Thursday,10,10:00am-10:59am,40,40,0,This section IS NOT on the NHS,1,Rural,5,Major Collector,1,State Highway Agency,3,State Highway,SR-56,,104,104,34.95340000,34.95340000,-96.519500000,-96.51950000,0,No Special Jurisdiction,24,Guardrail Face,0,The First Harmful Event was Not a Collision with a Motor Vehicle in Transport,0,No,1,Non-Junction,1,Not an Intersection,0,None,,,4,On Roadside,1,Daylight,,,,,1,Clear,0,No,0000000,Not Applicable,99,Unknown,98,Unknown if Notified,99,Unknown EMS Scene Arrival Hour,98,Unknown if Arrived,88,"Not Applicable (Not Transported) ",88,Not Applicable (Not Transported),,,,,,,1,
2022,40,400201,Oklahoma,1,1,0,0,0,1,1,109,OKLAHOMA (109),3550,OKLAHOMA CITY,20,20,6,June,2022,2,Monday,11,11:00am-11:59am,43,43,1,This section IS ON the NHS,2,Urban,2,Principal Arterial - Other Freeways and Expressways,31,State Toll Road,8,Other,KILPATRICK TURNPIKE,,0,None,35.60971389,35.60971389,-97.672072220,-97.67207222,0,No Special Jurisdiction,1,Rollover/Overturn,0,The First Harmful Event was Not a Collision with a Motor Vehicle in Transport,0,No,1,Non-Junction,1,Not an Intersection,0,None,,,4,On Roadside,1,Daylight,,,,,1,Clear,0,No,0000000,Not Applicable,11,11:00am-11:59am,41,41,11,11:00am-11:59am,54,54,12,12:00pm-12:59pm,24,24,,,,,,,1,
2022,40,400203,Oklahoma,2,1,1,2,3,1,2,37,CREEK (37),0,NOT APPLICABLE,2,2,6,June,2022,5,Thursday,15,3:00pm-3:59pm,23,23,1,This section IS ON the NHS,1,Rural,1,Interstate,1,State Highway Agency,1,Interstate,I-44 TURNER TURNPIKE,,0,None,35.92520000,35.92520000,-96.279900000,-96.27990000,0,No Special Jurisdiction,14,Parked Motor Vehicle,0,The First Harmful Event was Not a Collision with a Motor Vehicle in Transport,0,No,1,Non-Junction,1,Not an Intersection,0,None,,,2,On Shoulder,1,Daylight,,,,,10,Cloudy,0,No,0000000,Not Applicable,15,3:00pm-3:59pm,55,55,16,4:00pm-4:59pm,9,9,17,5:00pm-5:59pm,15,15,,,,,,,2,