caseyear,state,st_case,statename,ve_total,ve_forms,pvh_invl,peds,pernotmvit,permvit,persons,county,countyname,city,cityname,day,dayname,month,monthname,year,day_week,day_weekname,hour,hourname,minute,minutename,nhs,nhsname,rur_urb,rur_urbname,func_sys,func_sysname,rd_owner,rd_ownername,route,routename,tway_id,tway_id2,milept,mileptname,latitude,latitudename,longitud,longitudname,sp_jur,sp_jurname,harm_ev,harm_evname,man_coll,man_collname,reljct1,reljct1name,reljct2,reljct2name,typ_int,typ_intname,wrk_zone,wrk_zonename,road_fnc,road_fncname,rel_road,rel_roadname,lgt_cond,lgt_condname,weather1,weather1name,weather2,weather2name,weather,weathername,sch_bus,sch_busname,rail,railname,not_hour,not_hourname,not_min,not_minname,arr_hour,arr_hourname,arr_min,arr_minname,hosp_hr,hosp_hrname,hosp_mn,hosp_mnname,cf1,cf1name,cf2,cf2name,cf3,cf3name,fatals,drunk_dr
2022,40,400204,Oklahoma,1,1,0,0,0,1,1,25,CIMARRON (25),0,NOT APPLICABLE,12,12,6,June,2022,1,Sunday,99,Unknown Hours,99,Unknown Minutes,0,This section IS NOT on the NHS,1,Rural,5,Major Collector,2,County Highway Agency,4,County Road,CR-NS28,,0,None,36.69870000,36.69870000,-102.517600000,-102.51760000,0,No Special Jurisdiction,1,Rollover/Overturn,0,The First Harmful Event was Not a Collision with a Motor Vehicle in Transport,0,No,1,Non-Junction,1,Not an Intersection,0,None,,,4,On Roadside,2,Dark - Not Lighted,,,,,1,Clear,0,No,0000000,Not Applicable,99,Unknown,98,Unknown if Notified,99,Unknown EMS Scene Arrival Hour,98,Unknown if Arrived,88,"Not Applicable (Not Transported) ",88,Not Applicable (Not Transported),,,,,,,1,
2022,40,400205,Oklahoma,1,1,0,0,0,1,1,113,OSAGE (113),0,NOT APPLICABLE,11,11,5,May,2022,4,Wednesday,16,4:00pm-4:59pm,35,35,0,This section IS NOT on the NHS,1,Rural,7,Local,2,County Highway Agency,4,County Road,CR-2130,,0,None,36.48320000,36.48320000,-96.171600000,-96.17160000,0,No Special Jurisdiction,35,Embankment,0,The First Harmful Event was Not a Collision with a Motor Vehicle in Transport,0,No,1,Non-Junction,1,Not an Intersection,0,None,,,4,On Roadside,1,Daylight,,,,,1,Clear,0,No,0000000,Not Applicable,16,4:00pm-4:59pm,50,50,17,5:00pm-5:59pm,28,28,18,6:00pm-6:59pm,25,25,,,,,,,1,
2022,40,400206,Oklahoma,2,2,0,0,0,2,2,109,OKLAHOMA (109),1480,EDMOND,21,21,5,May,2022,7,Saturday,12,12:00pm-12:59pm,30,30,1,This section IS ON the NHS,2,Urban,3,Principal Arterial - Other,1,State Highway Agency,2,U.S. Highway,US-77 BROADWAY EXTENSION,BROADWAY CT,0,None,35.62562222,35.62562222,-97.485388890,-97.48538889,0,No Special Jurisdiction,12,Motor Vehicle In-Transport,6,Angle,0,No,2,Intersection,2,Four-Way Intersection,0,None,,,1,On Roadway,1,Daylight,,,,,10,Cloudy,0,No,0000000,Not Applicable,99,Unknown,98,Unknown if Notified,99,Unknown EMS Scene Arrival Hour,98,Unknown if Arrived,88,"Not Applicable (Not Transported) ",88,Not Applicable (Not Transported),,,,,,,1,
2022,40,400207,Oklahoma,1,1,0,2,2,1,1,109,OKLAHOMA (109),1480,EDMOND,28,28,5,May,2022,7,Saturday,22,10:00pm-10:59pm,2,2,0,This section IS NOT on the NHS,2,Urban,4,Minor Arterial,4,City or Municipal Highway Agency,6,Local Street - Municipality,E 33RD ST,EDMOND CROSSING BLVD,0,None,35.62354722,35.62354722,-97.481311110,-97.48131111,0,No Special Jurisdiction,8,Pedestrian,0,The First Harmful Event was Not a Collision with a Motor Vehicle in Transport,0,No,2,Intersection,3,T-Intersection,0,None,,,1,On Roadway,2,Dark - Not Lighted,,,,,1,Clear,0,No,0000000,Not Applicable,22,10:00pm-10:59pm,4,4,22,10:00pm-10:59pm,17,17,22,10:00pm-10:59pm,39,39,,,,,,,2,
2022,40,400208,Oklahoma,1,1,0,1,1,1,1,109,OKLAHOMA (109),3550,OKLAHOMA CITY,6,6,6,June,2022,2,Monday,9,9:00am-9:59am,23,23,0,This section IS NOT on the NHS,2,Urban,4,Minor Arterial,4,City or Municipal Highway Agency,6,Local Street - Municipality,N EASTERN AVE,,0,None,35.61350000,35.61350000,-97.478200000,-97.47820000,0,No Special Jurisdiction,8,Pedestrian,0,The First Harmful Event was Not a Collision with a Motor Vehicle in Transport,0,No,1,Non-Junction,1,Not an Intersection,0,None,,,1,On Roadway,1,Daylight,,,,,1,Clear,0,No,0000000,Not Applicable,9,9:00am-9:59am,24,24,9,9:00am-9:59am,39,39,10,10:00am-10:59am,5,5,,,,,,,1,
2022,40,400209,Oklahoma,1,1,0,2,2,1,1,109,OKLAHOMA (109),3550,OKLAHOMA CITY,8,8,6,June,2022,4,Wednesday,5,5:00am-5:59am,0,0,0,This section IS NOT on the NHS,2,Urban,4,Minor Arterial,4,City or Municipal Highway Agency,6,Local Street - Municipality,S WALKER AVE,,0,None,35.39886111,35.39886111,-97.521358330,-97.52135833,0,No Special Jurisdiction,9,Pedalcyclist,0,The First Harmful Event was Not a Collision with a Motor Vehicle in Transport,0,No,1,Non-Junction,1,Not an Intersection,0,None,,,1,On Roadway,2,Dark - Not Lighted,,,,,10,Cloudy,0,No,0000000,Not Applicable,5,5:00am-5:59am,0,0,5,5:00am-5:59am,16,16,5,5:00am-5:59am,32,32,,,,,,,1,
2022,40,400210,Oklahoma,1,1,0,0,0,1,1,113,OSAGE (113),0,NOT APPLICABLE,2,2,6,June,2022,5,Thursday,21,9:00pm-9:59pm,43,43,0,This section IS NOT on the NHS,1,Rural,7,Local,2,County Highway Agency,6,Local Street - Municipality,CR-CITY VIEW RD,,0,None,36.66940000,36.66940000,-97.040400000,-97.04040000,0,No Special Jurisdiction,1,Rollover/Overturn,0,The First Harmful Event was Not a Collision with a Motor Vehicle in Transport,0,No,1,Non-Junction,1,Not an Intersection,0,None,,,1,On Roadway,2,Dark - Not Lighted,,,,,1,Clear,0,No,0000000,Not Applicable,21,9:00pm-9:59pm,45,45,22,10:00pm-10:59pm,26,26,23,11:00pm-11:59pm,20,20,,,,,,,1,
2022,40,400211,Oklahoma,1,1,0,0,0,3,3,143,TULSA (143),0,NOT APPLICABLE,12,12,6,June,2022,1,Sunday,9,9:00am-9:59am,47,47,0,This section IS NOT on the NHS,2,Urban,4,Minor Arterial,2,County Highway Agency,4,County Road,CR-S 33RD W AVE,,0,None,36.01140000,36.01140000,-96.026900000,-96.02690000,0,No Special Jurisdiction,32,Culvert,0,The First Harmful Event was Not a Collision with a Motor Vehicle in Transport,0,No,1,Non-Junction,1,Not an Intersection,0,None,,,4,On Roadside,1,Daylight,,,,,1,Clear,0,No,0000000,Not Applicable,9,9:00am-9:59am,51,51,10,10:00am-10:59am,2,2,10,10:00am-10:59am,27,27,,,,,,,1,
2022,40,400212,Oklahoma,1,1,0,0,0,1,1,109,OKLAHOMA (109),3550,OKLAHOMA CITY,12,12,6,June,2022,1,Sunday,16,4:00pm-4:59pm,30,30,0,This section IS NOT on the NHS,2,Urban,5,Major Collector,1,State Highway Agency,3,State Highway,SR-66 NE 192ND ST,CR-N TRIPLE X RD,0,None,35.66713333,35.66713333,-97.230316670,-97.23031667,0,No Special Jurisdiction,42,Tree (Standing Only),0,The First Harmful Event was Not a Collision with a Motor Vehicle in Transport,0,No,3,Intersection-Related,2,Four-Way Intersection,0,None,,,4,On Roadside,1,Daylight,,,,,1,Clear,0,No,0000000,Not Applicable,16,4:00pm-4:59pm,12,12,16,4:00pm-4:59pm,23,23,17,5:00pm-5:59pm,33,33,,,,,,,1,
2022,40,400213,Oklahoma,1,1,0,0,0,2,2,101,MUSKOGEE (101),0,NOT APPLICABLE,14,14,6,June,2022,3,Tuesday,17,5:00pm-5:59pm,39,39,0,This section IS NOT on the NHS,1,Rural,7,Local,2,County Highway Agency,4,County Road,CR-W 20TH STREER N,,0,None,35.76950000,35.76950000,-95.508400000,-95.50840000,0,No Special Jurisdiction,58,Ground,0,The First Harmful Event was Not a Collision with a Motor Vehicle in Transport,0,No,1,Non-Junction,1,Not an Intersection,0,None,,,4,On Roadside,1,Daylight,,,,,1,Clear,0,No,0000000,Not Applicable,17,5:00pm-5:59pm,25,25,17,5:00pm-5:59pm,34,34,18,6:00pm-6:59pm,18,18,,,,,,,1,
2022,40,400214,Oklahoma,1,1,0,0,0,1,1,109,OKLAHOMA (109),3550,OKLAHOMA CITY,16,16,6,June,2022,5,Thursday,3,3:00am-3:59am,55,55,1,This section IS ON the NHS,2,Urban,3,Principal Arterial - Other,1,State Highway Agency,2,U.S. Highway,US-62 NE 23RD ST,,0,None,35.49330000,35.49330000,-97.508800000,-97.50880000,0,No Special Jurisdiction,33,Curb,0,The First Harmful Event was Not a Collision with a Motor Vehicle in Transport,0,No,1,Non-Junction,1,Not an Intersection,0,None,,,4,On Roadside,3,Dark - Lighted,,,,,10,Cloudy,0,No,0000000,Not Applicable,99,Unknown,98,Unknown if Notified,99,Unknown EMS Scene Arrival Hour,98,Unknown if Arrived,88,"Not Applicable (Not Transported) ",88,Not Applicable (Not Transported),,,,,,,1,
2022,40,400215,Oklahoma,1,1,0,0,0,1,1,143,TULSA (143),4780,TULSA,20,20,6,June,2022,2,Monday,0,0:00am-0:59am,5,5,0,This section IS NOT on the NHS,2,Urban,4,Minor Arterial,4,City or Municipal Highway Agency,6,Local Street - Municipality,"E 51ST ST ",,0,None,36.08990000,36.08990000,-95.888100000,-95.88810000,0,No Special Jurisdiction,33,Curb,0,The First Harmful Event was Not a Collision with a Motor Vehicle in Transport,0,No,1,Non-Junction,1,Not an Intersection,0,None,,,3,On Median,3,Dark - Lighted,,,,,1,Clear,0,No,0000000,Not Applicable,0,0:00am-0:59am,3,3,0,0:00am-0:59am,8,8,0,0:00am-0:59am,27,27,,,,,,,1,
2022,40,400216,Oklahoma,2,2,0,0,0,2,2,143,TULSA (143),4780,TULSA,15,15,5,May,2022,1,Sunday,21,9:00pm-9:59pm,37,37,1,This section IS ON the NHS,2,Urban,1,Interstate,1,State Highway Agency,1,Interstate,I-44,,0,None,36.15810000,36.15810000,-95.833500000,-95.83350000,0,No Special Jurisdiction,12,Motor Vehicle In-Transport,6,Angle,0,No,1,Non-Junction,1,Not an Intersection,0,None,,,1,On Roadway,3,Dark - Lighted,,,,,1,Clear,0,No,0000000,Not Applicable,99,Unknown,98,Unknown if Notified,99,Unknown EMS Scene Arrival Hour,98,Unknown if Arrived,88,"Not Applicable (Not Transported) ",88,Not Applicable (Not Transported),,,,,,,1,
2022,40,400217,Oklahoma,1,1,0,0,0,2,2,143,TULSA (143),590,BROKEN ARROW,5,5,6,June,2022,1,Sunday,9,9:00am-9:59am,19,19,1,This section IS ON the NHS,2,Urban,2,Principal Arterial - Other Freeways and Expressways,31,State Toll Road,3,State Highway,SR-364 CREEK TPK,,0,None,36.00130000,36.00130000,-95.839200000,-95.83920000,8,Other,42,Tree (Standing Only),0,The First Harmful Event was Not a Collision with a Motor Vehicle in Transport,0,No,1,Non-Junction,1,Not an Intersection,0,None,,,4,On Roadside,1,Daylight,,,,,2,Rain,0,No,0000000,Not Applicable,99,Unknown,98,Unknown if Notified,99,Unknown EMS Scene Arrival Hour,98,Unknown if Arrived,88,"Not Applicable (Not Transported) ",88,Not Applicable (Not Transported),,,,,,,1,
2022,40,400218,Oklahoma,1,1,0,0,0,1,1,129,ROGER MILLS (129),0,NOT APPLICABLE,11,11,6,June,2022,7,Saturday,6,6:00am-6:59am,30,30,0,This section IS NOT on the NHS,1,Rural,5,Major Collector,1,State Highway Agency,3,State Highway,SR-47,,66,66,35.61630000,35.61630000,-99.791600000,-99.79160000,0,No Special Jurisdiction,31,"Post, Pole or Other Supports",0,The First Harmful Event was Not a Collision with a Motor Vehicle in Transport,0,No,1,Non-Junction,1,Not an Intersection,0,None,,,4,On Roadside,2,Dark - Not Lighted,,,,,1,Clear,0,No,0000000,Not Applicable,99,Unknown,98,Unknown if Notified,99,Unknown EMS Scene Arrival Hour,98,Unknown if Arrived,88,"Not Applicable (Not Transported) ",88,Not Applicable (Not Transported),,,,,,,1,
2022,40,400219,Oklahoma,2,2,0,0,0,2,2,71,KAY (71),0,NOT APPLICABLE,16,16,6,June,2022,5,Thursday,10,10:00am-10:59am,51,51,0,This section IS NOT on the NHS,1,Rural,7,Local,2,County Highway Agency,4,County Road,CR-S 13TH ST,CR-HUBBARD RD,44,44,36.75340000,36.75340000,-97.300900000,-97.30090000,0,No Special Jurisdiction,12,Motor Vehicle In-Transport,6,Angle,0,No,2,Intersection,4,Y-Intersection,0,None,,,1,On Roadway,1,Daylight,,,,,1,Clear,0,No,0000000,Not Applicable,10,10:00am-10:59am,45,45,10,10:00am-10:59am,52,52,99,Unknown,99,Unknown EMS Hospital Arrival Time,,,,,,,1,
2022,40,400220,Oklahoma,1,1,0,0,0,1,1,119,PAYNE (119),0,NOT APPLICABLE,16,16,6,June,2022,5,Thursday,18,6:00pm-6:59pm,50,50,0,This section IS NOT on the NHS,1,Rural,7,Local,2,County Highway Agency,4,County Road,CR-92ND ST,,0,None,36.01450000,36.01450000,-96.962300000,-96.96230000,0,No Special Jurisdiction,35,Embankment,0,The First Harmful Event was Not a Collision with a Motor Vehicle in Transport,0,No,1,Non-Junction,1,Not an Intersection,0,None,,,4,On Roadside,1,Daylight,,,,,1,Clear,0,No,0000000,Not Applicable,99,Unknown,98,Unknown if Notified,99,Unknown EMS Scene Arrival Hour,98,Unknown if Arrived,88,"Not Applicable (Not Transported) ",88,Not Applicable (Not Transported),,,,,,,1,
2022,40,400221,Oklahoma,2,2,0,0,0,2,2,11,BLAINE (11),0,NOT APPLICABLE,18,18,6,June,2022,7,Saturday,15,3:00pm-3:59pm,34,34,1,This section IS ON the NHS,1,Rural,3,Principal Arterial - Other,1,State Highway Agency,2,U.S. Highway,US-270,,99,99,35.71370000,35.71370000,-98.367000000,-98.36700000,0,No Special Jurisdiction,12,Motor Vehicle In-Transport,1,Front-to-Rear,0,No,1,Non-Junction,1,Not an Intersection,0,None,,,1,On Roadway,1,Daylight,,,,,1,Clear,0,No,0000000,Not Applicable,99,Unknown,98,Unknown if Notified,99,Unknown EMS Scene Arrival Hour,98,Unknown if Arrived,88,"Not Applicable (Not Transported) ",88,Not Applicable (Not Transported),,,,,,,1,
2022,40,400222,Oklahoma,1,1,0,0,0,1,1,137,STEPHENS (137),0,NOT APPLICABLE,24,24,6,June,2022,6,Friday,5,5:00am-5:59am,55,55,0,This section IS NOT on the NHS,1,Rural,7,Local,2,County Highway Agency,4,County Road,CR-RAILROAD,,0,None,34.60820000,34.60820000,-97.953400000,-97.95340000,0,No Special Jurisdiction,35,Embankment,0,The First Harmful Event was Not a Collision with a Motor Vehicle in Transport,0,No,1,Non-Junction,1,Not an Intersection,0,None,,,4,On Roadside,4,Dawn,,,,,1,Clear,0,No,0000000,Not Applicable,99,Unknown,98,Unknown if Notified,99,Unknown EMS Scene Arrival Hour,98,Unknown if Arrived,88,"Not Applicable (Not Transported) ",88,Not Applicable (Not Transported),,,,,,,1,
2022,40,400223,Oklahoma,1,1,0,0,0,1,1,125,POTTAWATOMIE (125),0,NOT APPLICABLE,25,25,6,June,2022,7,Saturday,2,2:00am-2:59am,42,42,0,This section IS NOT on the NHS,1,Rural,4,Minor Arterial,1,State Highway Agency,2,U.S. Highway,US-270 SR-9,,0,None,35.26020000,35.26020000,-96.789000000,-96.78900000,0,No Special Jurisdiction,59,"Traffic Sign Support ",0,The First Harmful Event was Not a Collision with a Motor Vehicle in Transport,0,No,1,Non-Junction,1,Not an Intersection,0,None,,,4,On Roadside,2,Dark - Not Lighted,,,,,1,Clear,0,No,0000000,Not Applicable,99,Unknown,98,Unknown if Notified,99,Unknown EMS Scene Arrival Hour,98,Unknown if Arrived,88,"Not Applicable (Not Transported) ",88,Not Applicable (Not Transported),,,,,,,1,
2022,40,400224,Oklahoma,2,2,0,0,0,2,2,89,MCCURTAIN (89),0,NOT APPLICABLE,28,28,6,June,2022,3,Tuesday,17,5:00pm-5:59pm,57,57,1,This section IS ON the NHS,1,Rural,3,Principal Arterial - Other,1,State Highway Agency,2,U.S. Highway,US-70,,14,14,34.00898889,34.00898889,-95.131394440,-95.13139444,0,No Special Jurisdiction,12,Motor Vehicle In-Transport,8,Sideswipe - Opposite Direction,0,No,1,Non-Junction,1,Not an Intersection,0,None,,,1,On Roadway,1,Daylight,,,,,1,Clear,0,No,0000000,Not Applicable,17,5:00pm-5:59pm,55,55,18,6:00pm-6:59pm,28,28,19,7:00pm-7:59pm,36,36,,,,,,,1,
2022,40,400225,Oklahoma,2,2,0,0,0,2,2,47,GARFIELD (47),0,NOT APPLICABLE,21,21,6,June,2022,3,Tuesday,13,1:00pm-1:59pm,30,30,0,This section IS NOT on the NHS,1,Rural,7,Local,2,County Highway Agency,4,County Road,CR-N2810 BOOMER,CR-E410 WILLOW,0,None,36.41990000,36.41990000,-97.997200000,-97.99720000,0,No Special Jurisdiction,12,Motor Vehicle In-Transport,6,Angle,0,No,2,Intersection,2,Four-Way Intersection,0,None,,,1,On Roadway,1,Daylight,,,,,1,Clear,0,No,0000000,Not Applicable,99,Unknown,98,Unknown if Notified,99,Unknown EMS Scene Arrival Hour,98,Unknown if Arrived,88,"Not Applicable (Not Transported) ",88,Not Applicable (Not Transported),,,,,,,1,
2022,40,400226,Oklahoma,1,1,0,0,0,1,1,109,OKLAHOMA (109),3170,MIDWEST CITY,21,21,6,June,2022,3,Tuesday,16,4:00pm-4:59pm,1,1,1,This section IS ON the NHS,2,Urban,1,Interstate,1,State Highway Agency,1,Interstate,I-40,,0,None,35.43520000,35.43520000,-97.410200000,-97.41020000,0,No Special Jurisdiction,25,Concrete Traffic Barrier,0,The First Harmful Event was Not a Collision with a Motor Vehicle in Transport,0,No,1,Non-Junction,1,Not an Intersection,4,"Work Zone, Type Unknown",,,3,On Median,1,Daylight,,,,,1,Clear,0,No,0000000,Not Applicable,15,3:00pm-3:59pm,59,59,16,4:00pm-4:59pm,7,7,16,4:00pm-4:59pm,24,24,,,,,,,1,
2022,40,400227,Oklahoma,1,1,0,0,0,1,1,135,SEQUOYAH (135),0,NOT APPLICABLE,29,29,6,June,2022,4,Wednesday,99,Unknown Hours,99,Unknown Minutes,0,This section IS NOT on the NHS,1,Rural,5,Major Collector,2,County Highway Agency,4,County Road,CR-1120 OLD 64 HWY,,0,None,35.39070000,35.39070000,-94.555600000,-94.55560000,0,No Special Jurisdiction,24,Guardrail Face,0,The First Harmful Event was Not a Collision with a Motor Vehicle in Transport,0,No,1,Non-Junction,1,Not an Intersection,0,None,,,4,On Roadside,9,Reported as Unknown,,,,,99,Reported as Unknown,0,No,0000000,Not Applicable,99,Unknown,98,Unknown if Notified,99,Unknown EMS Scene Arrival Hour,98,Unknown if Arrived,88,"Not Applicable (Not Transported) ",88,Not Applicable (Not Transported),,,,,,,1,
2022,40,400228,Oklahoma,1,1,0,0,0,1,1,125,POTTAWATOMIE (125),0,NOT APPLICABLE,29,29,6,June,2022,4,Wednesday,17,5:00pm-5:59pm,4,4,0,This section IS NOT on the NHS,1,Rural,4,Minor Arterial,1,State Highway Agency,3,State Highway,SR-39,,72,72,34.98560000,34.98560000,-96.802700000,-96.80270000,0,No Special Jurisdiction,34,Ditch,0,The First Harmful Event was Not a Collision with a Motor Vehicle in Transport,0,No,1,Non-Junction,1,Not an Intersection,0,None,,,4,On Roadside,1,Daylight,,,,,1,Clear,0,No,0000000,Not Applicable,99,Unknown,98,Unknown if Notified,99,Unknown EMS Scene Arrival Hour,98,Unknown if Arrived,88,"Not Applicable (Not Transported) ",88,Not Applicable (Not Transported),,,,,,,1,
2022,40,400229,Oklahoma,1,1,0,0,0,2,2,91,MCINTOSH (91),0,NOT APPLICABLE,4,4,7,July,2022,2,Monday,11,11:00am-11:59am,31,31,0,This section IS NOT on the NHS,1,Rural,5,Major Collector,2,County Highway Agency,4,County Road,CR-N4250 TEXANNA,,0,None,35.44990000,35.44990000,-95.451300000,-95.45130000,0,No Special Jurisdiction,42,Tree (Standing Only),0,The First Harmful Event was Not a Collision with a Motor Vehicle in Transport,0,No,1,Non-Junction,1,Not an Intersection,0,None,,,4,On Roadside,1,Daylight,,,,,1,Clear,0,No,0000000,Not Applicable,99,Unknown,98,Unknown if Notified,99,Unknown EMS Scene Arrival Hour,98,Unknown if Arrived,88,"Not Applicable (Not Transported) ",88,Not Applicable (Not Transported),,,,,,,2,
2022,40,400230,Oklahoma,2,2,0,0,0,2,2,27,CLEVELAND (27),3430,NORMAN,9,9,2,February,2022,4,Wednesday,8,8:00am-8:59am,52,52,0,This section IS NOT on the NHS,2,Urban,5,Major Collector,4,City or Municipal Highway Agency,6,Local Street - Municipality,E FRANKLIN RD,24TH AVE NE,0,None,35.27619167,35.27619167,-97.406002780,-97.40600278,0,No Special Jurisdiction,12,Motor Vehicle In-Transport,6,Angle,0,No,2,Intersection,2,Four-Way Intersection,0,None,,,1,On Roadway,1,Daylight,,,,,1,Clear,0,No,0000000,Not Applicable,8,8:00am-8:59am,52,52,9,9:00am-9:59am,2,2,9,9:00am-9:59am,31,31,,,,,,,1,
2022,40,400231,Oklahoma,1,1,0,0,0,1,1,27,CLEVELAND (27),3430,NORMAN,29,29,4,April,2022,6,Friday,14,2:00pm-2:59pm,24,24,1,This section IS ON the NHS,1,Rural,4,Minor Arterial,1,State Highway Agency,3,State Highway,SR-9,,0,None,35.21057500,35.21057500,-97.222594440,-97.22259444,0,No Special Jurisdiction,1,Rollover/Overturn,0,The First Harmful Event was Not a Collision with a Motor Vehicle in Transport,0,No,1,Non-Junction,1,Not an Intersection,0,None,,,1,On Roadway,1,Daylight,,,,,1,Clear,0,No,0000000,Not Applicable,99,Unknown,98,Unknown if Notified,99,Unknown EMS Scene Arrival Hour,98,Unknown if Arrived,88,"Not Applicable (Not Transported) ",88,Not Applicable (Not Transported),,,,,,,1,
2022,40,400232,Oklahoma,2,2,0,0,0,2,2,71,KAY (71),0,NOT APPLICABLE,17,17,6,June,2022,6,Friday,7,7:00am-7:59am,39,39,0,This section IS NOT on the NHS,1,Rural,5,Major Collector,1,State Highway Agency,3,State Highway,SR-11,,95,95,36.81100000,36.81100000,-97.110000000,-97.11000000,0,No Special Jurisdiction,12,Motor Vehicle In-Transport,6,Angle,0,No,1,Non-Junction,1,Not an Intersection,0,None,,,1,On Roadway,1,Daylight,,,,,1,Clear,0,No,0000000,Not Applicable,7,7:00am-7:59am,38,38,7,7:00am-7:59am,50,50,9,9:00am-9:59am,30,30,,,,,,,1,
2022,40,400233,Oklahoma,1,1,0,1,1,1,1,143,TULSA (143),4780,TULSA,25,25,6,June,2022,7,Saturday,1,1:00am-1:59am,53,53,0,This section IS NOT on the NHS,2,Urban,3,Principal Arterial - Other,4,City or Municipal Highway Agency,6,Local Street - Municipality,RIVERSIDE DR,,0,None,36.12190000,36.12190000,-95.985794440,-95.98579444,0,No Special Jurisdiction,8,Pedestrian,0,The First Harmful Event was Not a Collision with a Motor Vehicle in Transport,0,No,1,Non-Junction,1,Not an Intersection,0,None,,,1,On Roadway,2,Dark - Not Lighted,,,,,1,Clear,0,No,0000000,Not Applicable,99,Unknown,99,Unknown,99,Unknown EMS Scene Arrival Hour,99,Unknown EMS Scene Arrival Minutes,99,Unknown,99,Unknown EMS Hospital Arrival Time,,,,,,,1,
2022,40,400234,Oklahoma,3,3,0,0,0,3,3,21,CHEROKEE (21),0,NOT APPLICABLE,27,27,6,June,2022,2,Monday,16,4:00pm-4:59pm,4,4,0,This section IS NOT on the NHS,1,Rural,5,Major Collector,1,State Highway Agency,3,State Highway,SR-100,,14,14,35.76490000,35.76490000,-94.876500000,-94.87650000,0,No Special Jurisdiction,12,Motor Vehicle In-Transport,6,Angle,0,No,1,Non-Junction,1,Not an Intersection,0,None,,,1,On Roadway,1,Daylight,,,,,1,Clear,0,No,0000000,Not Applicable,15,3:00pm-3:59pm,57,57,16,4:00pm-4:59pm,13,13,16,4:00pm-4:59pm,47,47,,,,,,,1,
2022,40,400235,Oklahoma,1,1,0,0,0,1,1,97,MAYES (97),0,NOT APPLICABLE,2,2,7,July,2022,7,Saturday,18,6:00pm-6:59pm,15,15,1,This section IS ON the NHS,1,Rural,3,Principal Arterial - Other,1,State Highway Agency,2,U.S. Highway,US-412,,16,16,36.17390000,36.17390000,-95.310700000,-95.31070000,0,No Special Jurisdiction,1,Rollover/Overturn,0,The First Harmful Event was Not a Collision with a Motor Vehicle in Transport,0,No,1,Non-Junction,1,Not an Intersection,0,None,,,3,On Median,1,Daylight,,,,,1,Clear,0,No,0000000,Not Applicable,18,6:00pm-6:59pm,8,8,18,6:00pm-6:59pm,24,24,88,"Not Applicable (Not Transported) ",88,Not Applicable (Not Transported),,,,,,,1,
2022,40,400236,Oklahoma,2,1,1,0,0,2,2,113,OSAGE (113),0,NOT APPLICABLE,2,2,7,July,2022,7,Saturday,22,10:00pm-10:59pm,20,20,0,This section IS NOT on the NHS,1,Rural,7,Local,2,County Highway Agency,4,County Road,CR-W 35TH PL N,,0,None,36.20370000,36.20370000,-96.020400000,-96.02040000,0,No Special Jurisdiction,35,Embankment,0,The First Harmful Event was Not a Collision with a Motor Vehicle in Transport,0,No,1,Non-Junction,1,Not an Intersection,0,None,,,4,On Roadside,2,Dark - Not Lighted,,,,,1,Clear,0,No,0000000,Not Applicable,22,10:00pm-10:59pm,27,27,22,10:00pm-10:59pm,34,34,22,10:00pm-10:59pm,57,57,,,,,,,1,
2022,40,400237,Oklahoma,2,2,0,0,0,3,3,17,CANADIAN (17),0,NOT APPLICABLE,17,17,6,June,2022,6,Friday,8,8:00am-8:59am,38,38,1,This section IS ON the NHS,1,Rural,3,Principal Arterial - Other,1,State Highway Agency,3,State Highway,SR-3 NORTHWEST EXPRESSWAY,CIMARRON RD,115,115,35.63542500,35.63542500,-97.816263890,-97.81626389,0,No Special Jurisdiction,12,Motor Vehicle In-Transport,6,Angle,0,No,2,Intersection,2,Four-Way Intersection,0,None,,,1,On Roadway,1,Daylight,,,,,1,Clear,0,No,0000000,Not Applicable,8,8:00am-8:59am,37,37,8,8:00am-8:59am,46,46,9,9:00am-9:59am,40,40,,,,,,,1,
2022,40,400238,Oklahoma,1,1,0,0,0,1,1,15,CADDO (15),0,NOT APPLICABLE,18,18,6,June,2022,7,Saturday,20,8:00pm-8:59pm,21,21,0,This section IS NOT on the NHS,1,Rural,4,Minor Arterial,1,State Highway Agency,3,State Highway,SR-9,,173,173,35.04360000,35.04360000,-98.387200000,-98.38720000,0,No Special Jurisdiction,18,Other Object (not fixed),0,The First Harmful Event was Not a Collision with a Motor Vehicle in Transport,0,No,1,Non-Junction,1,Not an Intersection,4,"Work Zone, Type Unknown",,,4,On Roadside,1,Daylight,,,,,1,Clear,0,No,0000000,Not Applicable,20,8:00pm-8:59pm,15,15,20,8:00pm-8:59pm,30,30,20,8:00pm-8:59pm,45,45,,,,,,,1,
2022,40,400239,Oklahoma,1,1,0,0,0,4,4,137,STEPHENS (137),0,NOT APPLICABLE,20,20,6,June,2022,2,Monday,15,3:00pm-3:59pm,15,15,0,This section IS NOT on the NHS,1,Rural,7,Local,2,County Highway Agency,4,County Road,CR-RENFROW RD,,0,None,34.62350000,34.62350000,-97.844700000,-97.84470000,0,No Special Jurisdiction,1,Rollover/Overturn,0,The First Harmful Event was Not a Collision with a Motor Vehicle in Transport,0,No,1,Non-Junction,1,Not an Intersection,0,None,,,4,On Roadside,1,Daylight,,,,,1,Clear,0,No,0000000,Not Applicable,99,Unknown,99,Unknown,99,Unknown EMS Scene Arrival Hour,99,Unknown EMS Scene Arrival Minutes,99,Unknown,99,Unknown EMS Hospital Arrival Time,,,,,,,1,