caseyear,state,st_case,statename,ve_total,ve_forms,pvh_invl,peds,pernotmvit,permvit,persons,county,countyname,city,cityname,day,dayname,month,monthname,year,day_week,day_weekname,hour,hourname,minute,minutename,nhs,nhsname,rur_urb,rur_urbname,func_sys,func_sysname,rd_owner,rd_ownername,route,routename,tway_id,tway_id2,milept,mileptname,latitude,latitudename,longitud,longitudname,sp_jur,sp_jurname,harm_ev,harm_evname,man_coll,man_collname,reljct1,reljct1name,reljct2,reljct2name,typ_int,typ_intname,wrk_zone,wrk_zonename,road_fnc,road_fncname,rel_road,rel_roadname,lgt_cond,lgt_condname,weather1,weather1name,weather2,weather2name,weather,weathername,sch_bus,sch_busname,rail,railname,not_hour,not_hourname,not_min,not_minname,arr_hour,arr_hourname,arr_min,arr_minname,hosp_hr,hosp_hrname,hosp_mn,hosp_mnname,cf1,cf1name,cf2,cf2name,cf3,cf3name,fatals,drunk_dr
2022,40,400351,Oklahoma,2,2,0,0,0,3,3,113,OSAGE (113),0,NOT APPLICABLE,1,1,9,September,2022,5,Thursday,5,5:00am-5:59am,50,50,0,This section IS NOT on the NHS,1,Rural,5,Major Collector,1,State Highway Agency,3,State Highway,SR-20,,78,78,36.37310000,36.37310000,-96.264500000,-96.26450000,0,No Special Jurisdiction,12,Motor Vehicle In-Transport,2,Front-to-Front,0,No,1,Non-Junction,1,Not an Intersection,0,None,,,1,On Roadway,3,Dark - Lighted,,,,,1,Clear,0,No,0000000,Not Applicable,5,5:00am-5:59am,51,51,6,6:00am-6:59am,19,19,7,7:00am-7:59am,5,5,,,,,,,3,
2022,40,400352,Oklahoma,1,1,0,0,0,1,1,21,CHEROKEE (21),0,NOT APPLICABLE,5,5,9,September,2022,2,Monday,7,7:00am-7:59am,56,56,0,This section IS NOT on the NHS,1,Rural,5,Major Collector,1,State Highway Agency,3,State Highway,"SR-82 ",,47,47,35.68680000,35.68680000,-94.911100000,-94.91110000,0,No Special Jurisdiction,1,Rollover/Overturn,0,The First Harmful Event was Not a Collision with a Motor Vehicle in Transport,0,No,1,Non-Junction,1,Not an Intersection,0,None,,,4,On Roadside,2,Dark - Not Lighted,,,,,1,Clear,0,No,0000000,Not Applicable,99,Unknown,98,Unknown if Notified,99,Unknown EMS Scene Arrival Hour,98,Unknown if Arrived,88,"Not Applicable (Not Transported) ",88,Not Applicable (Not Transported),,,,,,,1,
2022,40,400353,Oklahoma,1,1,0,0,0,1,1,97,MAYES (97),0,NOT APPLICABLE,5,5,9,September,2022,2,Monday,10,10:00am-10:59am,16,16,0,This section IS NOT on the NHS,1,Rural,5,Major Collector,2,County Highway Agency,4,County Road,"CR-KENWOOD ",,0,None,36.29210000,36.29210000,-95.084900000,-95.08490000,0,No Special Jurisdiction,42,Tree (Standing Only),0,The First Harmful Event was Not a Collision with a Motor Vehicle in Transport,0,No,1,Non-Junction,1,Not an Intersection,0,None,,,4,On Roadside,1,Daylight,,,,,1,Clear,0,No,0000000,Not Applicable,10,10:00am-10:59am,14,14,10,10:00am-10:59am,33,33,11,11:00am-11:59am,20,20,,,,,,,1,
2022,40,400354,Oklahoma,1,1,0,0,0,2,2,149,WASHITA (149),0,NOT APPLICABLE,5,5,9,September,2022,2,Monday,15,3:00pm-3:59pm,26,26,0,This section IS NOT on the NHS,1,Rural,5,Major Collector,1,State Highway Agency,3,State Highway,SR-54,,75,75,35.40080000,35.40080000,-98.729200000,-98.72920000,0,No Special Jurisdiction,32,Culvert,0,The First Harmful Event was Not a Collision with a Motor Vehicle in Transport,0,No,1,Non-Junction,1,Not an Intersection,0,None,,,4,On Roadside,1,Daylight,,,,,1,Clear,0,No,0000000,Not Applicable,15,3:00pm-3:59pm,27,27,16,4:00pm-4:59pm,1,1,16,4:00pm-4:59pm,50,50,,,,,,,1,
2022,40,400355,Oklahoma,1,1,0,0,0,1,1,99,MURRAY (99),0,NOT APPLICABLE,7,7,9,September,2022,4,Wednesday,0,0:00am-0:59am,46,46,0,This section IS NOT on the NHS,1,Rural,5,Major Collector,1,State Highway Agency,2,U.S. Highway,US-77,,0,None,34.57800000,34.57800000,-97.141700000,-97.14170000,0,No Special Jurisdiction,1,Rollover/Overturn,0,The First Harmful Event was Not a Collision with a Motor Vehicle in Transport,0,No,1,Non-Junction,1,Not an Intersection,0,None,,,4,On Roadside,2,Dark - Not Lighted,,,,,1,Clear,0,No,0000000,Not Applicable,0,0:00am-0:59am,38,38,0,0:00am-0:59am,46,46,1,1:00am-1:59am,7,7,,,,,,,1,
2022,40,400356,Oklahoma,1,1,0,0,0,2,2,37,CREEK (37),0,NOT APPLICABLE,8,8,9,September,2022,5,Thursday,15,3:00pm-3:59pm,53,53,0,This section IS NOT on the NHS,1,Rural,5,Major Collector,1,State Highway Agency,3,State Highway,SR-48,,18,18,35.66660000,35.66660000,-96.387400000,-96.38740000,0,No Special Jurisdiction,42,Tree (Standing Only),0,The First Harmful Event was Not a Collision with a Motor Vehicle in Transport,0,No,1,Non-Junction,1,Not an Intersection,0,None,,,4,On Roadside,1,Daylight,,,,,1,Clear,0,No,0000000,Not Applicable,15,3:00pm-3:59pm,53,53,16,4:00pm-4:59pm,16,16,88,"Not Applicable (Not Transported) ",88,Not Applicable (Not Transported),,,,,,,2,
2022,40,400357,Oklahoma,2,2,0,0,0,4,4,119,PAYNE (119),0,NOT APPLICABLE,9,9,9,September,2022,6,Friday,7,7:00am-7:59am,6,6,0,This section IS NOT on the NHS,2,Urban,3,Principal Arterial - Other,1,State Highway Agency,2,U.S. Highway,US-177,CR-44TH ST,60,60,36.07250000,36.07250000,-97.051300000,-97.05130000,0,No Special Jurisdiction,12,Motor Vehicle In-Transport,6,Angle,0,No,2,Intersection,2,Four-Way Intersection,0,None,,,1,On Roadway,4,Dawn,,,,,1,Clear,0,No,0000000,Not Applicable,7,7:00am-7:59am,0,0,7,7:00am-7:59am,6,6,7,7:00am-7:59am,37,37,,,,,,,1,
2022,40,400358,Oklahoma,2,2,0,0,0,2,2,33,COTTON (33),0,NOT APPLICABLE,9,9,9,September,2022,6,Friday,16,4:00pm-4:59pm,46,46,0,This section IS NOT on the NHS,1,Rural,5,Major Collector,1,State Highway Agency,3,State Highway,SR-36,,13,13,34.13570000,34.13570000,-98.522700000,-98.52270000,0,No Special Jurisdiction,12,Motor Vehicle In-Transport,6,Angle,0,No,1,Non-Junction,1,Not an Intersection,0,None,,,1,On Roadway,1,Daylight,,,,,1,Clear,0,No,0000000,Not Applicable,16,4:00pm-4:59pm,48,48,17,5:00pm-5:59pm,6,6,17,5:00pm-5:59pm,50,50,,,,,,,1,
2022,40,400359,Oklahoma,1,1,0,0,0,1,1,119,PAYNE (119),0,NOT APPLICABLE,11,11,9,September,2022,1,Sunday,16,4:00pm-4:59pm,16,16,0,This section IS NOT on the NHS,1,Rural,4,Minor Arterial,1,State Highway Agency,3,State Highway,SR-51,,102,102,36.11630000,36.11630000,-97.181400000,-97.18140000,0,No Special Jurisdiction,34,Ditch,0,The First Harmful Event was Not a Collision with a Motor Vehicle in Transport,0,No,1,Non-Junction,1,Not an Intersection,0,None,,,3,On Median,1,Daylight,,,,,1,Clear,0,No,0000000,Not Applicable,99,Unknown,98,Unknown if Notified,99,Unknown EMS Scene Arrival Hour,98,Unknown if Arrived,88,"Not Applicable (Not Transported) ",88,Not Applicable (Not Transported),,,,,,,1,
2022,40,400360,Oklahoma,1,1,0,0,0,1,1,117,PAWNEE (117),0,NOT APPLICABLE,5,5,9,September,2022,2,Monday,20,8:00pm-8:59pm,57,57,0,This section IS NOT on the NHS,1,Rural,4,Minor Arterial,1,State Highway Agency,3,State Highway,SR-18,,39,39,36.39330000,36.39330000,-96.799900000,-96.79990000,0,No Special Jurisdiction,11,Live Animal,0,The First Harmful Event was Not a Collision with a Motor Vehicle in Transport,0,No,1,Non-Junction,1,Not an Intersection,0,None,,,1,On Roadway,2,Dark - Not Lighted,,,,,1,Clear,0,No,0000000,Not Applicable,15,3:00pm-3:59pm,47,47,15,3:00pm-3:59pm,57,57,17,5:00pm-5:59pm,50,50,,,,,,,1,
2022,40,400362,Oklahoma,2,2,0,0,0,2,2,89,MCCURTAIN (89),0,NOT APPLICABLE,14,14,9,September,2022,4,Wednesday,4,4:00am-4:59am,39,39,1,This section IS ON the NHS,1,Rural,3,Principal Arterial - Other,1,State Highway Agency,3,State Highway,SR-3,,261,261,34.03150000,34.03150000,-94.755000000,-94.75500000,0,No Special Jurisdiction,12,Motor Vehicle In-Transport,2,Front-to-Front,0,No,1,Non-Junction,1,Not an Intersection,0,None,,,1,On Roadway,2,Dark - Not Lighted,,,,,1,Clear,0,No,0000000,Not Applicable,4,4:00am-4:59am,40,40,4,4:00am-4:59am,44,44,5,5:00am-5:59am,25,25,,,,,,,1,
2022,40,400363,Oklahoma,1,1,0,0,0,1,1,77,LATIMER (77),0,NOT APPLICABLE,15,15,9,September,2022,5,Thursday,2,2:00am-2:59am,3,3,0,This section IS NOT on the NHS,1,Rural,4,Minor Arterial,2,County Highway Agency,4,County Road,CR-SW 136TH AVE,,0,None,34.84810000,34.84810000,-95.504100000,-95.50410000,0,No Special Jurisdiction,42,Tree (Standing Only),0,The First Harmful Event was Not a Collision with a Motor Vehicle in Transport,0,No,1,Non-Junction,1,Not an Intersection,0,None,,,4,On Roadside,2,Dark - Not Lighted,,,,,1,Clear,0,No,0000000,Not Applicable,1,1:00am-1:59am,57,57,2,2:00am-2:59am,12,12,88,"Not Applicable (Not Transported) ",88,Not Applicable (Not Transported),,,,,,,1,
2022,40,400364,Oklahoma,2,2,0,0,0,3,3,115,OTTAWA (115),0,NOT APPLICABLE,17,17,9,September,2022,7,Saturday,13,1:00pm-1:59pm,25,25,0,This section IS NOT on the NHS,2,Urban,4,Minor Arterial,1,State Highway Agency,3,State Highway,SR-69A NS580 RD,CR-EW64,36,36,36.92160000,36.92160000,-94.841900000,-94.84190000,0,No Special Jurisdiction,12,Motor Vehicle In-Transport,6,Angle,0,No,2,Intersection,3,T-Intersection,0,None,,,1,On Roadway,1,Daylight,,,,,1,Clear,0,No,0000000,Not Applicable,13,1:00pm-1:59pm,22,22,13,1:00pm-1:59pm,23,23,13,1:00pm-1:59pm,58,58,,,,,,,1,
2022,40,400365,Oklahoma,3,3,0,0,0,4,4,131,ROGERS (131),0,NOT APPLICABLE,25,25,8,August,2022,5,Thursday,11,11:00am-11:59am,8,8,1,This section IS ON the NHS,1,Rural,3,Principal Arterial - Other,1,State Highway Agency,2,U.S. Highway,US-412,,123,123,36.17030000,36.17030000,-95.514100000,-95.51410000,0,No Special Jurisdiction,12,Motor Vehicle In-Transport,7,Sideswipe - Same Direction,0,No,1,Non-Junction,1,Not an Intersection,0,None,,,1,On Roadway,1,Daylight,,,,,1,Clear,0,No,0000000,Not Applicable,11,11:00am-11:59am,6,6,11,11:00am-11:59am,23,23,11,11:00am-11:59am,59,59,,,,,,,1,
2022,40,400366,Oklahoma,2,2,0,0,0,3,3,109,OKLAHOMA (109),1480,EDMOND,25,25,8,August,2022,5,Thursday,8,8:00am-8:59am,10,10,0,This section IS NOT on the NHS,2,Urban,5,Major Collector,4,City or Municipal Highway Agency,6,Local Street - Municipality,N KELLY AVE,,0,None,35.68032778,35.68032778,-97.496222220,-97.49622222,0,No Special Jurisdiction,12,Motor Vehicle In-Transport,6,Angle,0,No,8,Driveway Access Related,1,Not an Intersection,0,None,,,1,On Roadway,1,Daylight,,,,,1,Clear,0,No,0000000,Not Applicable,8,8:00am-8:59am,11,11,8,8:00am-8:59am,33,33,8,8:00am-8:59am,54,54,,,,,,,1,
2022,40,400367,Oklahoma,1,1,0,1,1,1,1,109,OKLAHOMA (109),3550,OKLAHOMA CITY,6,6,9,September,2022,3,Tuesday,20,8:00pm-8:59pm,42,42,0,This section IS NOT on the NHS,2,Urban,3,Principal Arterial - Other,4,City or Municipal Highway Agency,6,Local Street - Municipality,S SOONER RD,,0,None,35.41795556,35.41795556,-97.423552780,-97.42355278,0,No Special Jurisdiction,8,Pedestrian,0,The First Harmful Event was Not a Collision with a Motor Vehicle in Transport,0,No,1,Non-Junction,1,Not an Intersection,0,None,,,1,On Roadway,2,Dark - Not Lighted,,,,,1,Clear,0,No,0000000,Not Applicable,20,8:00pm-8:59pm,42,42,20,8:00pm-8:59pm,50,50,21,9:00pm-9:59pm,8,8,,,,,,,1,
2022,40,400368,Oklahoma,2,2,0,0,0,2,2,13,BRYAN (13),1430,DURANT,7,7,7,July,2022,5,Thursday,99,Unknown Hours,99,Unknown Minutes,0,This section IS NOT on the NHS,2,Urban,4,Minor Arterial,4,City or Municipal Highway Agency,6,Local Street - Municipality,CHOCTAW RD,,0,None,33.95414444,33.95414444,-96.412619440,-96.41261944,0,No Special Jurisdiction,12,Motor Vehicle In-Transport,6,Angle,0,No,8,Driveway Access Related,1,Not an Intersection,0,None,,,1,On Roadway,3,Dark - Lighted,,,,,1,Clear,0,No,0000000,Not Applicable,0,0:00am-0:59am,13,13,0,0:00am-0:59am,48,48,1,1:00am-1:59am,40,40,,,,,,,1,
2022,40,400369,Oklahoma,1,1,0,0,0,1,1,27,CLEVELAND (27),3430,NORMAN,26,26,7,July,2022,3,Tuesday,0,0:00am-0:59am,45,45,0,This section IS NOT on the NHS,1,Rural,5,Major Collector,2,County Highway Agency,4,County Road,CR-48TH AVE NE,,0,None,35.23904444,35.23904444,-97.370647220,-97.37064722,0,No Special Jurisdiction,32,Culvert,0,The First Harmful Event was Not a Collision with a Motor Vehicle in Transport,0,No,1,Non-Junction,1,Not an Intersection,0,None,,,4,On Roadside,2,Dark - Not Lighted,,,,,1,Clear,0,No,0000000,Not Applicable,0,0:00am-0:59am,45,45,0,0:00am-0:59am,53,53,1,1:00am-1:59am,43,43,,,,,,,1,
2022,40,400370,Oklahoma,2,2,0,0,0,2,2,47,GARFIELD (47),1550,ENID,3,3,8,August,2022,4,Wednesday,11,11:00am-11:59am,40,40,1,This section IS ON the NHS,2,Urban,3,Principal Arterial - Other,1,State Highway Agency,2,U.S. Highway,US-412,,0,None,36.39726667,36.39726667,-97.812147220,-97.81214722,0,No Special Jurisdiction,12,Motor Vehicle In-Transport,1,Front-to-Rear,0,No,6,"Railway Grade Crossing ",1,Not an Intersection,0,None,,,1,On Roadway,1,Daylight,,,,,1,Clear,0,No,673829S,673829S,99,Unknown,98,Unknown if Notified,99,Unknown EMS Scene Arrival Hour,98,Unknown if Arrived,88,"Not Applicable (Not Transported) ",88,Not Applicable (Not Transported),,,,,,,1,
2022,40,400371,Oklahoma,2,2,0,0,0,3,3,137,STEPHENS (137),1420,DUNCAN,21,21,8,August,2022,1,Sunday,12,12:00pm-12:59pm,59,59,1,This section IS ON the NHS,2,Urban,3,Principal Arterial - Other,1,State Highway Agency,3,State Highway,SR-7 DUNCAN BYPASS,ELK AVE,0,None,34.52163889,34.52163889,-97.996361110,-97.99636111,0,No Special Jurisdiction,12,Motor Vehicle In-Transport,6,Angle,0,No,2,Intersection,2,Four-Way Intersection,0,None,,,1,On Roadway,1,Daylight,,,,,10,Cloudy,0,No,0000000,Not Applicable,13,1:00pm-1:59pm,1,1,13,1:00pm-1:59pm,9,9,13,1:00pm-1:59pm,27,27,,,,,,,2,
2022,40,400372,Oklahoma,2,2,0,0,0,3,3,37,CREEK (37),4190,SAPULPA,25,25,8,August,2022,5,Thursday,14,2:00pm-2:59pm,7,7,0,This section IS NOT on the NHS,2,Urban,5,Major Collector,1,State Highway Agency,3,State Highway,SR-117 E TAFT AVE,,0,None,35.98845000,35.98845000,-96.070533330,-96.07053333,0,No Special Jurisdiction,12,Motor Vehicle In-Transport,2,Front-to-Front,0,No,1,Non-Junction,1,Not an Intersection,0,None,,,1,On Roadway,1,Daylight,,,,,1,Clear,0,No,0000000,Not Applicable,14,2:00pm-2:59pm,8,8,14,2:00pm-2:59pm,24,24,15,3:00pm-3:59pm,8,8,,,,,,,1,
2022,40,400373,Oklahoma,2,2,0,0,0,6,6,97,MAYES (97),3855,PRYOR,30,30,8,August,2022,3,Tuesday,11,11:00am-11:59am,27,27,1,This section IS ON the NHS,2,Urban,3,Principal Arterial - Other,1,State Highway Agency,2,U.S. Highway,US-69 S MILL ST,STEVE BERRY BLVD,0,None,36.26401944,36.26401944,-95.333166670,-95.33316667,0,No Special Jurisdiction,12,Motor Vehicle In-Transport,1,Front-to-Rear,0,No,2,Intersection,2,Four-Way Intersection,0,None,,,1,On Roadway,1,Daylight,,,,,10,Cloudy,0,No,0000000,Not Applicable,11,11:00am-11:59am,23,23,11,11:00am-11:59am,31,31,13,1:00pm-1:59pm,7,7,,,,,,,1,
2022,40,400374,Oklahoma,2,1,1,0,1,2,3,81,LINCOLN (81),0,NOT APPLICABLE,3,3,9,September,2022,7,Saturday,3,3:00am-3:59am,34,34,1,This section IS ON the NHS,1,Rural,1,Interstate,1,State Highway Agency,1,Interstate,I-44 EXIT RAMP,,0,None,35.72730000,35.72730000,-96.836600000,-96.83660000,0,No Special Jurisdiction,14,Parked Motor Vehicle,0,The First Harmful Event was Not a Collision with a Motor Vehicle in Transport,1,Yes,5,Entrance/Exit Ramp Related,1,Not an Intersection,0,None,,,6,Off Roadway-Location Unknown,3,Dark - Lighted,,,,,1,Clear,0,No,0000000,Not Applicable,3,3:00am-3:59am,49,49,4,4:00am-4:59am,16,16,4,4:00am-4:59am,56,56,,,,,,,1,
2022,40,400375,Oklahoma,2,2,0,0,0,2,2,55,GREER (55),0,NOT APPLICABLE,4,4,9,September,2022,1,Sunday,0,0:00am-0:59am,10,10,0,This section IS NOT on the NHS,1,Rural,4,Minor Arterial,1,State Highway Agency,3,State Highway,SR-6,,39,39,34.91370000,34.91370000,-99.378600000,-99.37860000,0,No Special Jurisdiction,12,Motor Vehicle In-Transport,2,Front-to-Front,0,No,1,Non-Junction,1,Not an Intersection,0,None,,,1,On Roadway,2,Dark - Not Lighted,,,,,1,Clear,0,No,0000000,Not Applicable,0,0:00am-0:59am,10,10,0,0:00am-0:59am,46,46,2,2:00am-2:59am,20,20,,,,,,,1,
2022,40,400376,Oklahoma,1,1,0,0,0,1,1,65,JACKSON (65),0,NOT APPLICABLE,10,10,9,September,2022,7,Saturday,19,7:00pm-7:59pm,15,15,0,This section IS NOT on the NHS,1,Rural,7,Local,2,County Highway Agency,4,County Road,CR-EW155,,0,None,34.76880000,34.76880000,-99.318100000,-99.31810000,0,No Special Jurisdiction,21,Bridge Pier or Support,0,The First Harmful Event was Not a Collision with a Motor Vehicle in Transport,0,No,1,Non-Junction,1,Not an Intersection,0,None,,,4,On Roadside,1,Daylight,,,,,10,Cloudy,0,No,0000000,Not Applicable,14,2:00pm-2:59pm,33,33,14,2:00pm-2:59pm,44,44,15,3:00pm-3:59pm,8,8,,,,,,,1,
2022,40,400377,Oklahoma,2,2,0,0,0,2,2,61,HASKELL (61),0,NOT APPLICABLE,14,14,9,September,2022,4,Wednesday,15,3:00pm-3:59pm,55,55,0,This section IS NOT on the NHS,1,Rural,5,Major Collector,1,State Highway Agency,3,State Highway,SR-31,SR-82,0,None,35.10380000,35.10380000,-95.121400000,-95.12140000,0,No Special Jurisdiction,12,Motor Vehicle In-Transport,6,Angle,0,No,2,Intersection,2,Four-Way Intersection,0,None,,,1,On Roadway,1,Daylight,,,,,1,Clear,0,No,0000000,Not Applicable,99,Unknown,98,Unknown if Notified,99,Unknown EMS Scene Arrival Hour,98,Unknown if Arrived,88,"Not Applicable (Not Transported) ",88,Not Applicable (Not Transported),,,,,,,1,
2022,40,400378,Oklahoma,1,1,0,1,1,2,2,87,MCCLAIN (87),1350,DIBBLE,20,20,9,September,2022,3,Tuesday,21,9:00pm-9:59pm,23,23,0,This section IS NOT on the NHS,1,Rural,5,Major Collector,1,State Highway Agency,3,State Highway,SR-76,214TH ST,0,None,35.02580000,35.02580000,-97.653300000,-97.65330000,0,No Special Jurisdiction,8,Pedestrian,0,The First Harmful Event was Not a Collision with a Motor Vehicle in Transport,0,No,3,Intersection-Related,3,T-Intersection,0,None,,,1,On Roadway,2,Dark - Not Lighted,,,,,1,Clear,0,No,0000000,Not Applicable,99,Unknown,98,Unknown if Notified,99,Unknown EMS Scene Arrival Hour,98,Unknown if Arrived,88,"Not Applicable (Not Transported) ",88,Not Applicable (Not Transported),,,,,,,1,
2022,40,400379,Oklahoma,2,2,0,0,0,5,5,23,CHOCTAW (23),1970,GRANT,22,22,9,September,2022,5,Thursday,15,3:00pm-3:59pm,0,0,0,This section IS NOT on the NHS,1,Rural,4,Minor Arterial,1,State Highway Agency,2,U.S. Highway,US-271,CR-E2120,0,None,33.93910000,33.93910000,-95.523800000,-95.52380000,0,No Special Jurisdiction,12,Motor Vehicle In-Transport,6,Angle,0,No,2,Intersection,2,Four-Way Intersection,0,None,,,1,On Roadway,1,Daylight,,,,,1,Clear,0,No,0000000,Not Applicable,99,Unknown,99,Unknown,99,Unknown EMS Scene Arrival Hour,99,Unknown EMS Scene Arrival Minutes,99,Unknown,99,Unknown EMS Hospital Arrival Time,,,,,,,2,
2022,40,400380,Oklahoma,1,1,0,0,0,1,1,129,ROGER MILLS (129),0,NOT APPLICABLE,23,23,9,September,2022,6,Friday,99,Unknown Hours,99,Unknown Minutes,0,This section IS NOT on the NHS,1,Rural,7,Local,2,County Highway Agency,4,County Road,CR-1700,,0,None,35.88490000,35.88490000,-99.961100000,-99.96110000,0,No Special Jurisdiction,38,Fence,0,The First Harmful Event was Not a Collision with a Motor Vehicle in Transport,0,No,1,Non-Junction,1,Not an Intersection,0,None,,,4,On Roadside,1,Daylight,,,,,1,Clear,0,No,0000000,Not Applicable,99,Unknown,98,Unknown if Notified,99,Unknown EMS Scene Arrival Hour,98,Unknown if Arrived,88,"Not Applicable (Not Transported) ",88,Not Applicable (Not Transported),,,,,,,1,
2022,40,400381,Oklahoma,1,1,0,0,0,1,1,143,TULSA (143),4780,TULSA,27,27,9,September,2022,3,Tuesday,16,4:00pm-4:59pm,3,3,0,This section IS NOT on the NHS,1,Rural,7,Local,2,County Highway Agency,4,County Road,CR-181ST ST S,,0,None,35.90110000,35.90110000,-95.894900000,-95.89490000,0,No Special Jurisdiction,32,Culvert,0,The First Harmful Event was Not a Collision with a Motor Vehicle in Transport,0,No,1,Non-Junction,1,Not an Intersection,0,None,,,4,On Roadside,1,Daylight,,,,,1,Clear,0,No,0000000,Not Applicable,99,Unknown,98,Unknown if Notified,99,Unknown EMS Scene Arrival Hour,98,Unknown if Arrived,88,"Not Applicable (Not Transported) ",88,Not Applicable (Not Transported),,,,,,,1,
2022,40,400382,Oklahoma,1,1,0,0,0,1,1,69,JOHNSTON (69),0,NOT APPLICABLE,27,27,9,September,2022,3,Tuesday,17,5:00pm-5:59pm,4,4,0,This section IS NOT on the NHS,1,Rural,5,Major Collector,1,State Highway Agency,3,State Highway,SR-1,,112,112,34.28560000,34.28560000,-96.782200000,-96.78220000,0,No Special Jurisdiction,42,Tree (Standing Only),0,The First Harmful Event was Not a Collision with a Motor Vehicle in Transport,0,No,1,Non-Junction,1,Not an Intersection,0,None,,,4,On Roadside,1,Daylight,,,,,1,Clear,0,No,0000000,Not Applicable,99,Unknown,98,Unknown if Notified,99,Unknown EMS Scene Arrival Hour,98,Unknown if Arrived,88,"Not Applicable (Not Transported) ",88,Not Applicable (Not Transported),,,,,,,1,
2022,40,400383,Oklahoma,1,1,0,1,1,1,1,27,CLEVELAND (27),3430,NORMAN,15,15,7,July,2022,6,Friday,19,7:00pm-7:59pm,12,12,1,This section IS ON the NHS,1,Rural,3,Principal Arterial - Other,1,State Highway Agency,3,State Highway,SR-9,,0,None,35.18955278,35.18955278,-97.293847220,-97.29384722,0,No Special Jurisdiction,9,Pedalcyclist,0,The First Harmful Event was Not a Collision with a Motor Vehicle in Transport,0,No,1,Non-Junction,1,Not an Intersection,4,"Work Zone, Type Unknown",,,1,On Roadway,1,Daylight,,,,,1,Clear,0,No,0000000,Not Applicable,99,Unknown,98,Unknown if Notified,99,Unknown EMS Scene Arrival Hour,98,Unknown if Arrived,88,"Not Applicable (Not Transported) ",88,Not Applicable (Not Transported),,,,,,,1,
2022,40,400384,Oklahoma,1,1,0,0,0,1,1,131,ROGERS (131),0,NOT APPLICABLE,27,27,9,September,2022,3,Tuesday,20,8:00pm-8:59pm,3,3,0,This section IS NOT on the NHS,1,Rural,5,Major Collector,2,County Highway Agency,4,County Road,CR-S4200,,0,None,36.13420000,36.13420000,-95.532200000,-95.53220000,0,No Special Jurisdiction,34,Ditch,0,The First Harmful Event was Not a Collision with a Motor Vehicle in Transport,0,No,1,Non-Junction,1,Not an Intersection,0,None,,,4,On Roadside,2,Dark - Not Lighted,,,,,1,Clear,0,No,0000000,Not Applicable,19,7:00pm-7:59pm,56,56,20,8:00pm-8:59pm,14,14,21,9:00pm-9:59pm,0,0,,,,,,,1,
2022,40,400385,Oklahoma,2,2,0,0,0,2,2,121,PITTSBURG (121),0,NOT APPLICABLE,30,30,9,September,2022,6,Friday,10,10:00am-10:59am,32,32,0,This section IS NOT on the NHS,1,Rural,4,Minor Arterial,1,State Highway Agency,2,U.S. Highway,US-270 OK-1,,85,85,34.89390000,34.89390000,-95.636700000,-95.63670000,0,No Special Jurisdiction,12,Motor Vehicle In-Transport,1,Front-to-Rear,0,No,1,Non-Junction,1,Not an Intersection,0,None,,,1,On Roadway,1,Daylight,,,,,1,Clear,0,No,0000000,Not Applicable,99,Unknown,98,Unknown if Notified,99,Unknown EMS Scene Arrival Hour,98,Unknown if Arrived,88,"Not Applicable (Not Transported) ",88,Not Applicable (Not Transported),,,,,,,1,
2022,40,400386,Oklahoma,1,1,0,0,0,2,2,41,DELAWARE (41),0,NOT APPLICABLE,13,13,9,September,2022,3,Tuesday,19,7:00pm-7:59pm,20,20,0,This section IS NOT on the NHS,1,Rural,7,Local,2,County Highway Agency,4,County Road,CR-395,,0,None,36.44970000,36.44970000,-94.918200000,-94.91820000,0,No Special Jurisdiction,18,Other Object (not fixed),0,The First Harmful Event was Not a Collision with a Motor Vehicle in Transport,0,No,1,Non-Junction,1,Not an Intersection,0,None,,,4,On Roadside,5,Dusk,,,,,1,Clear,0,No,0000000,Not Applicable,99,Unknown,98,Unknown if Notified,99,Unknown EMS Scene Arrival Hour,98,Unknown if Arrived,88,"Not Applicable (Not Transported) ",88,Not Applicable (Not Transported),,,,,,,2,
2022,40,400387,Oklahoma,2,2,0,0,0,2,2,87,MCCLAIN (87),3870,PURCELL,14,14,9,September,2022,4,Wednesday,0,0:00am-0:59am,10,10,1,This section IS ON the NHS,2,Urban,1,Interstate,1,State Highway Agency,1,Interstate,I-35,,0,None,35.08110000,35.08110000,-97.409600000,-97.40960000,0,No Special Jurisdiction,12,Motor Vehicle In-Transport,2,Front-to-Front,0,No,1,Non-Junction,1,Not an Intersection,0,None,,,1,On Roadway,2,Dark - Not Lighted,,,,,1,Clear,0,No,0000000,Not Applicable,99,Unknown,98,Unknown if Notified,99,Unknown EMS Scene Arrival Hour,98,Unknown if Arrived,88,"Not Applicable (Not Transported) ",88,Not Applicable (Not Transported),,,,,,,1,
2022,40,400388,Oklahoma,4,4,0,0,0,2,2,81,LINCOLN (81),4530,STROUD,17,17,9,September,2022,7,Saturday,23,11:00pm-11:59pm,1,1,1,This section IS ON the NHS,1,Rural,1,Interstate,1,State Highway Agency,1,Interstate,I-44,,0,None,35.76040000,35.76040000,-96.653900000,-96.65390000,0,No Special Jurisdiction,12,Motor Vehicle In-Transport,98,Not Reported,0,No,1,Non-Junction,1,Not an Intersection,0,None,,,1,On Roadway,2,Dark - Not Lighted,,,,,1,Clear,0,No,0000000,Not Applicable,99,Unknown,98,Unknown if Notified,99,Unknown EMS Scene Arrival Hour,98,Unknown if Arrived,88,"Not Applicable (Not Transported) ",88,Not Applicable (Not Transported),,,,,,,1,