caseyear,state,st_case,statename,ve_total,ve_forms,pvh_invl,peds,pernotmvit,permvit,persons,county,countyname,city,cityname,day,dayname,month,monthname,year,day_week,day_weekname,hour,hourname,minute,minutename,nhs,nhsname,rur_urb,rur_urbname,func_sys,func_sysname,rd_owner,rd_ownername,route,routename,tway_id,tway_id2,milept,mileptname,latitude,latitudename,longitud,longitudname,sp_jur,sp_jurname,harm_ev,harm_evname,man_coll,man_collname,reljct1,reljct1name,reljct2,reljct2name,typ_int,typ_intname,wrk_zone,wrk_zonename,road_fnc,road_fncname,rel_road,rel_roadname,lgt_cond,lgt_condname,weather1,weather1name,weather2,weather2name,weather,weathername,sch_bus,sch_busname,rail,railname,not_hour,not_hourname,not_min,not_minname,arr_hour,arr_hourname,arr_min,arr_minname,hosp_hr,hosp_hrname,hosp_mn,hosp_mnname,cf1,cf1name,cf2,cf2name,cf3,cf3name,fatals,drunk_dr
2022,40,400426,Oklahoma,2,2,0,0,0,2,2,143,TULSA (143),4780,TULSA,4,4,10,October,2022,3,Tuesday,17,5:00pm-5:59pm,26,26,0,This section IS NOT on the NHS,2,Urban,7,Local,4,City or Municipal Highway Agency,6,Local Street - Municipality,N HUDSON AVE,E ADMIRAL PL,0,None,36.16080000,36.16080000,-95.913500000,-95.91350000,0,No Special Jurisdiction,12,Motor Vehicle In-Transport,6,Angle,0,No,2,Intersection,2,Four-Way Intersection,0,None,,,1,On Roadway,1,Daylight,,,,,1,Clear,0,No,0000000,Not Applicable,99,Unknown,99,Unknown,99,Unknown EMS Scene Arrival Hour,99,Unknown EMS Scene Arrival Minutes,99,Unknown,99,Unknown EMS Hospital Arrival Time,,,,,,,1,
2022,40,400427,Oklahoma,1,1,0,1,1,1,1,17,CANADIAN (17),3550,OKLAHOMA CITY,4,4,10,October,2022,3,Tuesday,21,9:00pm-9:59pm,36,36,0,This section IS NOT on the NHS,2,Urban,4,Minor Arterial,4,City or Municipal Highway Agency,6,Local Street - Municipality,N COUNTY LINE RD,,0,None,35.58460000,35.58460000,-97.674100000,-97.67410000,0,No Special Jurisdiction,8,Pedestrian,0,The First Harmful Event was Not a Collision with a Motor Vehicle in Transport,0,No,1,Non-Junction,1,Not an Intersection,0,None,,,1,On Roadway,2,Dark - Not Lighted,,,,,1,Clear,0,No,0000000,Not Applicable,99,Unknown,98,Unknown if Notified,99,Unknown EMS Scene Arrival Hour,98,Unknown if Arrived,88,"Not Applicable (Not Transported) ",88,Not Applicable (Not Transported),,,,,,,1,
2022,40,400428,Oklahoma,1,1,0,0,0,2,2,131,ROGERS (131),0,NOT APPLICABLE,6,6,10,October,2022,5,Thursday,3,3:00am-3:59am,26,26,0,This section IS NOT on the NHS,1,Rural,5,Major Collector,2,County Highway Agency,4,County Road,CR-S4200,,0,None,36.11450000,36.11450000,-95.529600000,-95.52960000,0,No Special Jurisdiction,59,"Traffic Sign Support ",0,The First Harmful Event was Not a Collision with a Motor Vehicle in Transport,0,No,1,Non-Junction,1,Not an Intersection,0,None,,,4,On Roadside,2,Dark - Not Lighted,,,,,1,Clear,0,No,0000000,Not Applicable,99,Unknown,99,Unknown,99,Unknown EMS Scene Arrival Hour,99,Unknown EMS Scene Arrival Minutes,99,Unknown,99,Unknown EMS Hospital Arrival Time,,,,,,,1,
2022,40,400429,Oklahoma,1,1,0,1,1,1,1,143,TULSA (143),4780,TULSA,6,6,10,October,2022,5,Thursday,5,5:00am-5:59am,19,19,0,This section IS NOT on the NHS,2,Urban,4,Minor Arterial,4,City or Municipal Highway Agency,6,Local Street - Municipality,E PINE ST,,0,None,36.17710000,36.17710000,-95.867400000,-95.86740000,0,No Special Jurisdiction,8,Pedestrian,0,The First Harmful Event was Not a Collision with a Motor Vehicle in Transport,0,No,1,Non-Junction,1,Not an Intersection,0,None,,,1,On Roadway,2,Dark - Not Lighted,,,,,1,Clear,0,No,0000000,Not Applicable,99,Unknown,98,Unknown if Notified,99,Unknown EMS Scene Arrival Hour,98,Unknown if Arrived,88,"Not Applicable (Not Transported) ",88,Not Applicable (Not Transported),,,,,,,1,
2022,40,400430,Oklahoma,1,1,0,0,0,1,1,143,TULSA (143),4780,TULSA,8,8,10,October,2022,7,Saturday,18,6:00pm-6:59pm,43,43,1,This section IS ON the NHS,2,Urban,1,Interstate,1,State Highway Agency,1,Interstate,I-44,,0,None,36.09057500,36.09057500,-95.957208330,-95.95720833,0,No Special Jurisdiction,39,Wall,0,The First Harmful Event was Not a Collision with a Motor Vehicle in Transport,0,No,1,Non-Junction,1,Not an Intersection,0,None,,,4,On Roadside,1,Daylight,,,,,1,Clear,0,No,0000000,Not Applicable,99,Unknown,98,Unknown if Notified,99,Unknown EMS Scene Arrival Hour,98,Unknown if Arrived,88,"Not Applicable (Not Transported) ",88,Not Applicable (Not Transported),,,,,,,1,
2022,40,400431,Oklahoma,1,1,0,0,0,1,1,41,DELAWARE (41),0,NOT APPLICABLE,9,9,10,October,2022,1,Sunday,14,2:00pm-2:59pm,3,3,0,This section IS NOT on the NHS,1,Rural,5,Major Collector,2,County Highway Agency,4,County Road,CR-S670,,0,None,36.33640000,36.33640000,-94.688900000,-94.68890000,0,No Special Jurisdiction,42,Tree (Standing Only),0,The First Harmful Event was Not a Collision with a Motor Vehicle in Transport,0,No,1,Non-Junction,1,Not an Intersection,0,None,,,4,On Roadside,1,Daylight,,,,,1,Clear,0,No,0000000,Not Applicable,99,Unknown,98,Unknown if Notified,99,Unknown EMS Scene Arrival Hour,98,Unknown if Arrived,88,"Not Applicable (Not Transported) ",88,Not Applicable (Not Transported),,,,,,,1,
2022,40,400432,Oklahoma,1,1,0,0,0,1,1,139,TEXAS (139),0,NOT APPLICABLE,10,10,10,October,2022,2,Monday,17,5:00pm-5:59pm,53,53,0,This section IS NOT on the NHS,1,Rural,7,Local,2,County Highway Agency,4,County Road,CR-CC CR-51,,0,None,36.58810000,36.58810000,-101.928500000,-101.92850000,0,No Special Jurisdiction,1,Rollover/Overturn,0,The First Harmful Event was Not a Collision with a Motor Vehicle in Transport,0,No,1,Non-Junction,1,Not an Intersection,0,None,,,4,On Roadside,1,Daylight,,,,,1,Clear,0,No,0000000,Not Applicable,99,Unknown,99,Unknown,99,Unknown EMS Scene Arrival Hour,99,Unknown EMS Scene Arrival Minutes,99,Unknown,99,Unknown EMS Hospital Arrival Time,,,,,,,1,
2022,40,400433,Oklahoma,1,1,0,0,0,1,1,91,MCINTOSH (91),0,NOT APPLICABLE,11,11,10,October,2022,3,Tuesday,17,5:00pm-5:59pm,36,36,0,This section IS NOT on the NHS,1,Rural,5,Major Collector,1,State Highway Agency,3,State Highway,SR-9,,19,19,35.27090000,35.27090000,-95.775800000,-95.77580000,0,No Special Jurisdiction,1,Rollover/Overturn,0,The First Harmful Event was Not a Collision with a Motor Vehicle in Transport,0,No,1,Non-Junction,1,Not an Intersection,0,None,,,1,On Roadway,1,Daylight,,,,,10,Cloudy,0,No,0000000,Not Applicable,17,5:00pm-5:59pm,31,31,17,5:00pm-5:59pm,45,45,18,6:00pm-6:59pm,34,34,,,,,,,1,
2022,40,400434,Oklahoma,1,1,0,0,0,1,1,95,MARSHALL (95),0,NOT APPLICABLE,11,11,10,October,2022,3,Tuesday,19,7:00pm-7:59pm,30,30,0,This section IS NOT on the NHS,1,Rural,5,Major Collector,1,State Highway Agency,3,State Highway,SR-199,,44,44,34.08540000,34.08540000,-96.691700000,-96.69170000,0,No Special Jurisdiction,38,Fence,0,The First Harmful Event was Not a Collision with a Motor Vehicle in Transport,0,No,1,Non-Junction,1,Not an Intersection,0,None,,,4,On Roadside,2,Dark - Not Lighted,,,,,10,Cloudy,0,No,0000000,Not Applicable,99,Unknown,98,Unknown if Notified,99,Unknown EMS Scene Arrival Hour,98,Unknown if Arrived,88,"Not Applicable (Not Transported) ",88,Not Applicable (Not Transported),,,,,,,1,
2022,40,400435,Oklahoma,1,1,0,0,0,1,1,149,WASHITA (149),0,NOT APPLICABLE,12,12,10,October,2022,4,Wednesday,8,8:00am-8:59am,3,3,0,This section IS NOT on the NHS,1,Rural,5,Major Collector,1,State Highway Agency,3,State Highway,SR-115,,15,15,35.13520000,35.13520000,-98.740900000,-98.74090000,0,No Special Jurisdiction,1,Rollover/Overturn,0,The First Harmful Event was Not a Collision with a Motor Vehicle in Transport,0,No,1,Non-Junction,1,Not an Intersection,0,None,,,4,On Roadside,1,Daylight,,,,,1,Clear,0,No,0000000,Not Applicable,99,Unknown,98,Unknown if Notified,99,Unknown EMS Scene Arrival Hour,98,Unknown if Arrived,88,"Not Applicable (Not Transported) ",88,Not Applicable (Not Transported),,,,,,,1,
2022,40,400436,Oklahoma,1,1,0,1,1,1,1,143,TULSA (143),4780,TULSA,14,14,10,October,2022,6,Friday,20,8:00pm-8:59pm,3,3,0,This section IS NOT on the NHS,2,Urban,4,Minor Arterial,4,City or Municipal Highway Agency,6,Local Street - Municipality,N LEWIS AVE,E 46TH ST N,0,None,36.22085278,36.22085278,-95.958197220,-95.95819722,0,No Special Jurisdiction,8,Pedestrian,0,The First Harmful Event was Not a Collision with a Motor Vehicle in Transport,0,No,3,Intersection-Related,3,T-Intersection,0,None,,,1,On Roadway,2,Dark - Not Lighted,,,,,1,Clear,0,No,0000000,Not Applicable,20,8:00pm-8:59pm,4,4,20,8:00pm-8:59pm,9,9,20,8:00pm-8:59pm,33,33,,,,,,,1,
2022,40,400437,Oklahoma,2,2,0,0,0,3,3,45,ELLIS (45),0,NOT APPLICABLE,16,16,9,September,2022,6,Friday,10,10:00am-10:59am,40,40,0,This section IS NOT on the NHS,1,Rural,5,Major Collector,2,County Highway Agency,4,County Road,CR-NS191,CR-EW59,0,None,36.15910000,36.15910000,-99.596100000,-99.59610000,0,No Special Jurisdiction,12,Motor Vehicle In-Transport,6,Angle,0,No,2,Intersection,2,Four-Way Intersection,0,None,,,1,On Roadway,1,Daylight,,,,,10,Cloudy,0,No,0000000,Not Applicable,99,Unknown,99,Unknown,99,Unknown EMS Scene Arrival Hour,99,Unknown EMS Scene Arrival Minutes,99,Unknown,99,Unknown EMS Hospital Arrival Time,,,,,,,1,
2022,40,400438,Oklahoma,1,1,0,0,0,1,1,131,ROGERS (131),0,NOT APPLICABLE,21,21,9,September,2022,4,Wednesday,18,6:00pm-6:59pm,18,18,0,This section IS NOT on the NHS,1,Rural,5,Major Collector,2,County Highway Agency,4,County Road,CR-NS4210,,0,None,36.12260000,36.12260000,-95.511700000,-95.51170000,0,No Special Jurisdiction,32,Culvert,0,The First Harmful Event was Not a Collision with a Motor Vehicle in Transport,0,No,1,Non-Junction,1,Not an Intersection,0,None,,,4,On Roadside,1,Daylight,,,,,1,Clear,0,No,0000000,Not Applicable,18,6:00pm-6:59pm,16,16,18,6:00pm-6:59pm,41,41,19,7:00pm-7:59pm,20,20,,,,,,,1,
2022,40,400439,Oklahoma,1,1,0,0,0,2,2,11,BLAINE (11),0,NOT APPLICABLE,29,29,9,September,2022,5,Thursday,99,Unknown Hours,99,Unknown Minutes,0,This section IS NOT on the NHS,1,Rural,4,Minor Arterial,1,State Highway Agency,3,State Highway,SR-51A,,9,9,36.07000000,36.07000000,-98.479700000,-98.47970000,0,No Special Jurisdiction,34,Ditch,0,The First Harmful Event was Not a Collision with a Motor Vehicle in Transport,0,No,1,Non-Junction,1,Not an Intersection,0,None,,,4,On Roadside,2,Dark - Not Lighted,,,,,1,Clear,0,No,0000000,Not Applicable,99,Unknown,98,Unknown if Notified,99,Unknown EMS Scene Arrival Hour,98,Unknown if Arrived,88,"Not Applicable (Not Transported) ",88,Not Applicable (Not Transported),,,,,,,1,
2022,40,400440,Oklahoma,3,3,0,0,0,4,4,85,LOVE (85),0,NOT APPLICABLE,10,10,10,October,2022,2,Monday,19,7:00pm-7:59pm,53,53,0,This section IS NOT on the NHS,1,Rural,5,Major Collector,1,State Highway Agency,3,State Highway,SR-32,,234,234,33.94040000,33.94040000,-97.151700000,-97.15170000,0,No Special Jurisdiction,12,Motor Vehicle In-Transport,6,Angle,0,No,8,Driveway Access Related,1,Not an Intersection,0,None,,,1,On Roadway,2,Dark - Not Lighted,,,,,1,Clear,0,No,0000000,Not Applicable,19,7:00pm-7:59pm,54,54,20,8:00pm-8:59pm,1,1,21,9:00pm-9:59pm,2,2,,,,,,,1,
2022,40,400441,Oklahoma,1,1,0,0,0,1,1,11,BLAINE (11),0,NOT APPLICABLE,12,12,10,October,2022,4,Wednesday,20,8:00pm-8:59pm,5,5,0,This section IS NOT on the NHS,1,Rural,5,Major Collector,1,State Highway Agency,3,State Highway,SR-51,,49,49,36.05790000,36.05790000,-98.549900000,-98.54990000,0,No Special Jurisdiction,42,Tree (Standing Only),0,The First Harmful Event was Not a Collision with a Motor Vehicle in Transport,0,No,1,Non-Junction,1,Not an Intersection,0,None,,,4,On Roadside,2,Dark - Not Lighted,,,,,1,Clear,0,No,0000000,Not Applicable,99,Unknown,98,Unknown if Notified,99,Unknown EMS Scene Arrival Hour,98,Unknown if Arrived,88,"Not Applicable (Not Transported) ",88,Not Applicable (Not Transported),,,,,,,1,
2022,40,400442,Oklahoma,2,2,0,0,0,2,2,131,ROGERS (131),0,NOT APPLICABLE,15,15,10,October,2022,7,Saturday,6,6:00am-6:59am,39,39,0,This section IS NOT on the NHS,1,Rural,5,Major Collector,1,State Highway Agency,3,State Highway,SR-88,,50,50,36.23340000,36.23340000,-95.554400000,-95.55440000,0,No Special Jurisdiction,12,Motor Vehicle In-Transport,6,Angle,0,No,1,Non-Junction,1,Not an Intersection,0,None,,,1,On Roadway,4,Dawn,,,,,1,Clear,0,No,0000000,Not Applicable,6,6:00am-6:59am,35,35,6,6:00am-6:59am,48,48,7,7:00am-7:59am,54,54,,,,,,,1,
2022,40,400443,Oklahoma,1,1,0,0,0,1,1,147,WASHINGTON (147),0,NOT APPLICABLE,16,16,10,October,2022,1,Sunday,20,8:00pm-8:59pm,32,32,0,This section IS NOT on the NHS,1,Rural,7,Local,2,County Highway Agency,4,County Road,CR-N3950,,0,None,36.94100000,36.94100000,-95.971600000,-95.97160000,0,No Special Jurisdiction,42,Tree (Standing Only),0,The First Harmful Event was Not a Collision with a Motor Vehicle in Transport,0,No,1,Non-Junction,1,Not an Intersection,0,None,,,4,On Roadside,2,Dark - Not Lighted,,,,,1,Clear,0,No,0000000,Not Applicable,99,Unknown,98,Unknown if Notified,99,Unknown EMS Scene Arrival Hour,98,Unknown if Arrived,88,"Not Applicable (Not Transported) ",88,Not Applicable (Not Transported),,,,,,,1,
2022,40,400444,Oklahoma,1,1,0,0,0,1,1,135,SEQUOYAH (135),0,NOT APPLICABLE,18,18,10,October,2022,3,Tuesday,12,12:00pm-12:59pm,47,47,0,This section IS NOT on the NHS,1,Rural,5,Major Collector,1,State Highway Agency,3,State Highway,SR-10A,,0,None,35.61970000,35.61970000,-95.073000000,-95.07300000,0,No Special Jurisdiction,5,Fell/Jumped from Vehicle,0,The First Harmful Event was Not a Collision with a Motor Vehicle in Transport,0,No,1,Non-Junction,1,Not an Intersection,0,None,,,4,On Roadside,1,Daylight,,,,,1,Clear,0,No,0000000,Not Applicable,12,12:00pm-12:59pm,44,44,13,1:00pm-1:59pm,0,0,13,1:00pm-1:59pm,45,45,,,,,,,1,
2022,40,400445,Oklahoma,3,3,0,0,0,3,3,109,OKLAHOMA (109),3550,OKLAHOMA CITY,29,29,9,September,2022,5,Thursday,0,0:00am-0:59am,34,34,1,This section IS ON the NHS,2,Urban,1,Interstate,1,State Highway Agency,1,Interstate,I-44,,0,None,35.42710000,35.42710000,-97.575000000,-97.57500000,0,No Special Jurisdiction,24,Guardrail Face,0,The First Harmful Event was Not a Collision with a Motor Vehicle in Transport,0,No,1,Non-Junction,1,Not an Intersection,0,None,,,3,On Median,2,Dark - Not Lighted,,,,,1,Clear,0,No,0000000,Not Applicable,0,0:00am-0:59am,17,17,0,0:00am-0:59am,32,32,0,0:00am-0:59am,52,52,,,,,,,1,
2022,40,400446,Oklahoma,1,1,0,0,0,1,1,101,MUSKOGEE (101),0,NOT APPLICABLE,8,8,10,October,2022,7,Saturday,99,Unknown Hours,99,Unknown Minutes,1,This section IS ON the NHS,1,Rural,3,Principal Arterial - Other,31,State Toll Road,8,Other,MUSKOGEE TPK SR-351 EXIT RAMP,,0,None,35.49980000,35.49980000,-95.175000000,-95.17500000,0,No Special Jurisdiction,33,Curb,0,The First Harmful Event was Not a Collision with a Motor Vehicle in Transport,1,Yes,5,Entrance/Exit Ramp Related,1,Not an Intersection,0,None,,,8,Gore,2,Dark - Not Lighted,,,,,1,Clear,0,No,0000000,Not Applicable,99,Unknown,98,Unknown if Notified,99,Unknown EMS Scene Arrival Hour,98,Unknown if Arrived,88,"Not Applicable (Not Transported) ",88,Not Applicable (Not Transported),,,,,,,1,
2022,40,400447,Oklahoma,2,2,0,0,0,3,3,49,GARVIN (49),0,NOT APPLICABLE,9,9,10,October,2022,1,Sunday,14,2:00pm-2:59pm,9,9,0,This section IS NOT on the NHS,1,Rural,5,Major Collector,1,State Highway Agency,3,State Highway,SR-76,,89,89,34.80980000,34.80980000,-97.598200000,-97.59820000,0,No Special Jurisdiction,12,Motor Vehicle In-Transport,2,Front-to-Front,0,No,8,Driveway Access Related,1,Not an Intersection,0,None,,,1,On Roadway,1,Daylight,,,,,10,Cloudy,0,No,0000000,Not Applicable,14,2:00pm-2:59pm,14,14,14,2:00pm-2:59pm,41,41,15,3:00pm-3:59pm,26,26,,,,,,,1,
2022,40,400448,Oklahoma,1,1,0,0,0,1,1,123,PONTOTOC (123),0,NOT APPLICABLE,1,1,10,October,2022,7,Saturday,0,0:00am-0:59am,33,33,0,This section IS NOT on the NHS,1,Rural,7,Local,2,County Highway Agency,4,County Road,CR-SANDY CREEK DR 1538,,0,None,34.78350000,34.78350000,-96.708800000,-96.70880000,0,No Special Jurisdiction,17,Boulder,0,The First Harmful Event was Not a Collision with a Motor Vehicle in Transport,0,No,1,Non-Junction,1,Not an Intersection,0,None,,,4,On Roadside,2,Dark - Not Lighted,,,,,1,Clear,0,No,0000000,Not Applicable,99,Unknown,98,Unknown if Notified,99,Unknown EMS Scene Arrival Hour,98,Unknown if Arrived,88,"Not Applicable (Not Transported) ",88,Not Applicable (Not Transported),,,,,,,1,
2022,40,400449,Oklahoma,1,1,0,0,0,1,1,121,PITTSBURG (121),2660,KREBS,24,24,10,October,2022,2,Monday,12,12:00pm-12:59pm,30,30,0,This section IS NOT on the NHS,2,Urban,3,Principal Arterial - Other,1,State Highway Agency,2,U.S. Highway,US-270,,0,None,34.92439444,34.92439444,-95.724244440,-95.72424444,0,No Special Jurisdiction,1,Rollover/Overturn,0,The First Harmful Event was Not a Collision with a Motor Vehicle in Transport,0,No,1,Non-Junction,1,Not an Intersection,0,None,,,4,On Roadside,1,Daylight,,,,,2,Rain,0,No,0000000,Not Applicable,99,Unknown,99,Unknown,99,Unknown EMS Scene Arrival Hour,98,Unknown if Arrived,88,"Not Applicable (Not Transported) ",88,Not Applicable (Not Transported),,,,,,,1,
2022,40,400450,Oklahoma,2,2,0,0,0,2,2,37,CREEK (37),0,NOT APPLICABLE,10,10,10,October,2022,2,Monday,17,5:00pm-5:59pm,32,32,0,This section IS NOT on the NHS,2,Urban,3,Principal Arterial - Other,1,State Highway Agency,3,State Highway,SR-97,CR-81ST S,34,34,36.04650000,36.04650000,-96.119400000,-96.11940000,0,No Special Jurisdiction,12,Motor Vehicle In-Transport,6,Angle,0,No,2,Intersection,2,Four-Way Intersection,0,None,,,1,On Roadway,1,Daylight,,,,,1,Clear,0,No,0000000,Not Applicable,17,5:00pm-5:59pm,33,33,17,5:00pm-5:59pm,41,41,18,6:00pm-6:59pm,16,16,,,,,,,1,
2022,40,400451,Oklahoma,1,1,0,0,0,1,1,135,SEQUOYAH (135),0,NOT APPLICABLE,12,12,10,October,2022,4,Wednesday,0,0:00am-0:59am,50,50,1,This section IS ON the NHS,1,Rural,3,Principal Arterial - Other,1,State Highway Agency,2,U.S. Highway,US-64,,205,205,35.40440000,35.40440000,-94.452400000,-94.45240000,0,No Special Jurisdiction,1,Rollover/Overturn,0,The First Harmful Event was Not a Collision with a Motor Vehicle in Transport,0,No,1,Non-Junction,1,Not an Intersection,0,None,,,4,On Roadside,2,Dark - Not Lighted,,,,,1,Clear,0,No,0000000,Not Applicable,99,Unknown,98,Unknown if Notified,99,Unknown EMS Scene Arrival Hour,98,Unknown if Arrived,88,"Not Applicable (Not Transported) ",88,Not Applicable (Not Transported),,,,,,,1,
2022,40,400452,Oklahoma,1,1,0,0,0,2,2,153,WOODWARD (153),0,NOT APPLICABLE,15,15,10,October,2022,7,Saturday,0,0:00am-0:59am,20,20,0,This section IS NOT on the NHS,1,Rural,7,Local,2,County Highway Agency,4,County Road,CR-EW45,CR-NS198,0,None,36.36250000,36.36250000,-99.480000000,-99.48000000,0,No Special Jurisdiction,35,Embankment,0,The First Harmful Event was Not a Collision with a Motor Vehicle in Transport,0,No,3,Intersection-Related,3,T-Intersection,0,None,,,4,On Roadside,2,Dark - Not Lighted,,,,,10,Cloudy,0,No,0000000,Not Applicable,88,Not Applicable (Not Notified),88,Not Applicable (Not Notified),88,Not Applicable,88,Not Applicable,88,"Not Applicable (Not Transported) ",88,Not Applicable (Not Transported),,,,,,,1,
2022,40,400453,Oklahoma,1,1,0,1,1,5,5,49,GARVIN (49),0,NOT APPLICABLE,15,15,10,October,2022,7,Saturday,19,7:00pm-7:59pm,33,33,0,This section IS NOT on the NHS,1,Rural,4,Minor Arterial,1,State Highway Agency,2,U.S. Highway,US-177,SR-29,121,121,34.65130000,34.65130000,-96.967700000,-96.96770000,0,No Special Jurisdiction,9,Pedalcyclist,0,The First Harmful Event was Not a Collision with a Motor Vehicle in Transport,0,No,2,Intersection,2,Four-Way Intersection,0,None,,,1,On Roadway,2,Dark - Not Lighted,,,,,10,Cloudy,0,No,0000000,Not Applicable,21,9:00pm-9:59pm,8,8,21,9:00pm-9:59pm,40,40,22,10:00pm-10:59pm,33,33,,,,,,,1,
2022,40,400454,Oklahoma,2,2,0,0,0,2,2,149,WASHITA (149),0,NOT APPLICABLE,18,18,10,October,2022,3,Tuesday,19,7:00pm-7:59pm,56,56,0,This section IS NOT on the NHS,1,Rural,5,Major Collector,1,State Highway Agency,3,State Highway,SR-152,,20,20,35.29140000,35.29140000,-98.951700000,-98.95170000,0,No Special Jurisdiction,12,Motor Vehicle In-Transport,1,Front-to-Rear,0,No,1,Non-Junction,1,Not an Intersection,0,None,,,1,On Roadway,2,Dark - Not Lighted,,,,,1,Clear,0,No,0000000,Not Applicable,99,Unknown,99,Unknown,99,Unknown EMS Scene Arrival Hour,99,Unknown EMS Scene Arrival Minutes,99,Unknown,99,Unknown EMS Hospital Arrival Time,,,,,,,1,
2022,40,400455,Oklahoma,2,2,0,0,0,2,2,23,CHOCTAW (23),2340,HUGO,19,19,10,October,2022,4,Wednesday,9,9:00am-9:59am,27,27,1,This section IS ON the NHS,1,Rural,3,Principal Arterial - Other,1,State Highway Agency,2,U.S. Highway,US-70,CR-N4230,0,None,33.99500000,33.99500000,-95.486800000,-95.48680000,0,No Special Jurisdiction,12,Motor Vehicle In-Transport,6,Angle,0,No,2,Intersection,3,T-Intersection,0,None,,,1,On Roadway,1,Daylight,,,,,1,Clear,0,No,0000000,Not Applicable,99,Unknown,98,Unknown if Notified,99,Unknown EMS Scene Arrival Hour,98,Unknown if Arrived,88,"Not Applicable (Not Transported) ",88,Not Applicable (Not Transported),,,,,,,1,
2022,40,400456,Oklahoma,2,2,0,0,0,2,2,143,TULSA (143),4780,TULSA,14,14,10,October,2022,6,Friday,12,12:00pm-12:59pm,30,30,0,This section IS NOT on the NHS,2,Urban,4,Minor Arterial,4,City or Municipal Highway Agency,6,Local Street - Municipality,S GARNETT RD,E 39TH ST,0,None,36.10750000,36.10750000,-95.851200000,-95.85120000,0,No Special Jurisdiction,12,Motor Vehicle In-Transport,6,Angle,0,No,2,Intersection,3,T-Intersection,0,None,,,1,On Roadway,1,Daylight,,,,,1,Clear,0,No,0000000,Not Applicable,12,12:00pm-12:59pm,32,32,12,12:00pm-12:59pm,41,41,13,1:00pm-1:59pm,6,6,,,,,,,1,
2022,40,400457,Oklahoma,1,1,0,0,0,1,1,121,PITTSBURG (121),2930,MCALESTER,28,28,6,June,2022,3,Tuesday,20,8:00pm-8:59pm,12,12,1,This section IS ON the NHS,2,Urban,2,Principal Arterial - Other Freeways and Expressways,1,State Highway Agency,2,U.S. Highway,US-69,,0,None,34.90210556,34.90210556,-95.749988890,-95.74998889,0,No Special Jurisdiction,30,Utility Pole/Light Support,0,The First Harmful Event was Not a Collision with a Motor Vehicle in Transport,0,No,1,Non-Junction,1,Not an Intersection,0,None,,,4,On Roadside,1,Daylight,,,,,1,Clear,0,No,0000000,Not Applicable,20,8:00pm-8:59pm,18,18,20,8:00pm-8:59pm,22,22,20,8:00pm-8:59pm,38,38,,,,,,,1,
2022,40,400458,Oklahoma,2,2,0,0,0,3,3,131,ROGERS (131),0,NOT APPLICABLE,15,15,10,October,2022,7,Saturday,12,12:00pm-12:59pm,23,23,0,This section IS NOT on the NHS,1,Rural,7,Local,2,County Highway Agency,4,County Road,CR-4220,,0,None,36.08860000,36.08860000,-95.493900000,-95.49390000,0,No Special Jurisdiction,38,Fence,0,The First Harmful Event was Not a Collision with a Motor Vehicle in Transport,0,No,1,Non-Junction,1,Not an Intersection,0,None,,,4,On Roadside,1,Daylight,,,,,1,Clear,0,No,0000000,Not Applicable,12,12:00pm-12:59pm,29,29,12,12:00pm-12:59pm,53,53,13,1:00pm-1:59pm,53,53,,,,,,,1,
2022,40,400459,Oklahoma,1,1,0,0,0,1,1,23,CHOCTAW (23),0,NOT APPLICABLE,16,16,10,October,2022,1,Sunday,20,8:00pm-8:59pm,41,41,0,This section IS NOT on the NHS,1,Rural,7,Local,2,County Highway Agency,4,County Road,CR-E200,,0,None,34.11440000,34.11440000,-95.349600000,-95.34960000,0,No Special Jurisdiction,42,Tree (Standing Only),0,The First Harmful Event was Not a Collision with a Motor Vehicle in Transport,0,No,1,Non-Junction,1,Not an Intersection,0,None,,,4,On Roadside,2,Dark - Not Lighted,,,,,10,Cloudy,0,No,0000000,Not Applicable,99,Unknown,98,Unknown if Notified,99,Unknown EMS Scene Arrival Hour,98,Unknown if Arrived,88,"Not Applicable (Not Transported) ",88,Not Applicable (Not Transported),,,,,,,1,
2022,40,400460,Oklahoma,1,1,0,0,0,5,5,79,LE FLORE (79),0,NOT APPLICABLE,19,19,10,October,2022,4,Wednesday,9,9:00am-9:59am,38,38,1,This section IS ON the NHS,1,Rural,3,Principal Arterial - Other,1,State Highway Agency,2,U.S. Highway,US-259,,123,123,34.61690000,34.61690000,-94.631800000,-94.63180000,0,No Special Jurisdiction,25,Concrete Traffic Barrier,0,The First Harmful Event was Not a Collision with a Motor Vehicle in Transport,0,No,1,Non-Junction,1,Not an Intersection,0,None,,,4,On Roadside,1,Daylight,,,,,1,Clear,0,No,0000000,Not Applicable,9,9:00am-9:59am,48,48,10,10:00am-10:59am,50,50,11,11:00am-11:59am,46,46,,,,,,,3,
2022,40,400461,Oklahoma,2,2,0,0,0,3,3,9,BECKHAM (9),0,NOT APPLICABLE,19,19,10,October,2022,4,Wednesday,17,5:00pm-5:59pm,57,57,1,This section IS ON the NHS,1,Rural,1,Interstate,1,State Highway Agency,1,Interstate,I-40,,0,None,35.35630000,35.35630000,-99.560300000,-99.56030000,0,No Special Jurisdiction,57,Cable Barrier,0,The First Harmful Event was Not a Collision with a Motor Vehicle in Transport,0,No,1,Non-Junction,1,Not an Intersection,0,None,,,3,On Median,1,Daylight,,,,,1,Clear,0,No,0000000,Not Applicable,99,Unknown,98,Unknown if Notified,99,Unknown EMS Scene Arrival Hour,98,Unknown if Arrived,88,"Not Applicable (Not Transported) ",88,Not Applicable (Not Transported),,,,,,,1,