caseyear,state,st_case,statename,ve_total,ve_forms,pvh_invl,peds,pernotmvit,permvit,persons,county,countyname,city,cityname,day,dayname,month,monthname,year,day_week,day_weekname,hour,hourname,minute,minutename,nhs,nhsname,rur_urb,rur_urbname,func_sys,func_sysname,rd_owner,rd_ownername,route,routename,tway_id,tway_id2,milept,mileptname,latitude,latitudename,longitud,longitudname,sp_jur,sp_jurname,harm_ev,harm_evname,man_coll,man_collname,reljct1,reljct1name,reljct2,reljct2name,typ_int,typ_intname,wrk_zone,wrk_zonename,road_fnc,road_fncname,rel_road,rel_roadname,lgt_cond,lgt_condname,weather1,weather1name,weather2,weather2name,weather,weathername,sch_bus,sch_busname,rail,railname,not_hour,not_hourname,not_min,not_minname,arr_hour,arr_hourname,arr_min,arr_minname,hosp_hr,hosp_hrname,hosp_mn,hosp_mnname,cf1,cf1name,cf2,cf2name,cf3,cf3name,fatals,drunk_dr
2022,40,400532,Oklahoma,1,1,0,2,2,1,1,109,OKLAHOMA (109),360,BETHANY,9,9,12,December,2022,6,Friday,20,8:00pm-8:59pm,21,21,0,This section IS NOT on the NHS,2,Urban,4,Minor Arterial,4,City or Municipal Highway Agency,6,Local Street - Municipality,N ROCKWELL AVE,NW 21ST ST,0,None,35.49124444,35.49124444,-97.636680560,-97.63668056,0,No Special Jurisdiction,8,Pedestrian,0,The First Harmful Event was Not a Collision with a Motor Vehicle in Transport,0,No,3,Intersection-Related,2,Four-Way Intersection,0,None,,,1,On Roadway,2,Dark - Not Lighted,,,,,2,Rain,0,No,0000000,Not Applicable,99,Unknown,99,Unknown,99,Unknown EMS Scene Arrival Hour,99,Unknown EMS Scene Arrival Minutes,99,Unknown,99,Unknown EMS Hospital Arrival Time,,,,,,,1,
2022,40,400533,Oklahoma,1,1,0,0,0,1,1,145,WAGONER (145),0,NOT APPLICABLE,12,12,12,December,2022,2,Monday,4,4:00am-4:59am,8,8,1,This section IS ON the NHS,1,Rural,3,Principal Arterial - Other,1,State Highway Agency,2,U.S. Highway,US-69,,32,32,35.85850000,35.85850000,-95.403000000,-95.40300000,0,No Special Jurisdiction,30,Utility Pole/Light Support,0,The First Harmful Event was Not a Collision with a Motor Vehicle in Transport,0,No,1,Non-Junction,1,Not an Intersection,0,None,,,4,On Roadside,2,Dark - Not Lighted,,,,,2,Rain,0,No,0000000,Not Applicable,99,Unknown,98,Unknown if Notified,99,Unknown EMS Scene Arrival Hour,98,Unknown if Arrived,88,"Not Applicable (Not Transported) ",88,Not Applicable (Not Transported),,,,,,,1,
2022,40,400534,Oklahoma,2,2,0,0,0,8,8,103,NOBLE (103),0,NOT APPLICABLE,12,12,12,December,2022,2,Monday,20,8:00pm-8:59pm,51,51,0,This section IS NOT on the NHS,1,Rural,5,Major Collector,1,State Highway Agency,3,State Highway,SR-15,,78,78,36.53570000,36.53570000,-97.319900000,-97.31990000,0,No Special Jurisdiction,12,Motor Vehicle In-Transport,6,Angle,0,No,1,Non-Junction,1,Not an Intersection,0,None,,,1,On Roadway,2,Dark - Not Lighted,,,,,2,Rain,0,No,0000000,Not Applicable,99,Unknown,99,Unknown,99,Unknown EMS Scene Arrival Hour,99,Unknown EMS Scene Arrival Minutes,99,Unknown,99,Unknown EMS Hospital Arrival Time,,,,,,,1,
2022,40,400535,Oklahoma,2,2,0,0,0,2,2,113,OSAGE (113),0,NOT APPLICABLE,14,14,12,December,2022,4,Wednesday,8,8:00am-8:59am,15,15,0,This section IS NOT on the NHS,1,Rural,4,Minor Arterial,1,State Highway Agency,3,State Highway,SR-99,,65,65,36.50310000,36.50310000,-96.362400000,-96.36240000,0,No Special Jurisdiction,12,Motor Vehicle In-Transport,2,Front-to-Front,0,No,1,Non-Junction,1,Not an Intersection,0,None,,,1,On Roadway,1,Daylight,,,,,1,Clear,0,No,0000000,Not Applicable,99,Unknown,99,Unknown,99,Unknown EMS Scene Arrival Hour,99,Unknown EMS Scene Arrival Minutes,99,Unknown,99,Unknown EMS Hospital Arrival Time,,,,,,,1,
2022,40,400536,Oklahoma,1,1,0,0,0,1,1,143,TULSA (143),0,NOT APPLICABLE,15,15,12,December,2022,5,Thursday,3,3:00am-3:59am,50,50,0,This section IS NOT on the NHS,1,Rural,5,Major Collector,2,County Highway Agency,4,County Road,CR-MEMORIAL DR CR-N400,,0,None,35.87220000,35.87220000,-95.890000000,-95.89000000,0,No Special Jurisdiction,42,Tree (Standing Only),0,The First Harmful Event was Not a Collision with a Motor Vehicle in Transport,0,No,1,Non-Junction,1,Not an Intersection,0,None,,,4,On Roadside,3,Dark - Lighted,,,,,1,Clear,0,No,0000000,Not Applicable,99,Unknown,99,Unknown,99,Unknown EMS Scene Arrival Hour,99,Unknown EMS Scene Arrival Minutes,99,Unknown,99,Unknown EMS Hospital Arrival Time,,,,,,,1,
2022,40,400537,Oklahoma,2,1,1,2,2,1,1,103,NOBLE (103),0,NOT APPLICABLE,15,15,12,December,2022,5,Thursday,12,12:00pm-12:59pm,10,10,1,This section IS ON the NHS,1,Rural,3,Principal Arterial - Other,31,State Toll Road,2,U.S. Highway,US-412 CIMARRON TURNPIKE,,0,None,36.39980000,36.39980000,-97.313400000,-97.31340000,0,No Special Jurisdiction,14,Parked Motor Vehicle,0,The First Harmful Event was Not a Collision with a Motor Vehicle in Transport,0,No,1,Non-Junction,1,Not an Intersection,0,None,,,2,On Shoulder,1,Daylight,,,,,1,Clear,0,No,0000000,Not Applicable,99,Unknown,99,Unknown,99,Unknown EMS Scene Arrival Hour,99,Unknown EMS Scene Arrival Minutes,99,Unknown,99,Unknown EMS Hospital Arrival Time,,,,,,,2,
2022,40,400538,Oklahoma,3,3,0,0,0,4,4,115,OTTAWA (115),0,NOT APPLICABLE,16,16,12,December,2022,6,Friday,15,3:00pm-3:59pm,33,33,1,This section IS ON the NHS,1,Rural,3,Principal Arterial - Other,31,State Toll Road,2,U.S. Highway,US-412 WILL ROGERS TPK,,0,None,36.92940000,36.92940000,-94.729300000,-94.72930000,0,No Special Jurisdiction,12,Motor Vehicle In-Transport,1,Front-to-Rear,0,No,1,Non-Junction,1,Not an Intersection,0,None,,,1,On Roadway,1,Daylight,,,,,1,Clear,0,No,0000000,Not Applicable,99,Unknown,99,Unknown,99,Unknown EMS Scene Arrival Hour,99,Unknown EMS Scene Arrival Minutes,99,Unknown,99,Unknown EMS Hospital Arrival Time,,,,,,,1,
2022,40,400539,Oklahoma,1,1,0,0,0,1,1,21,CHEROKEE (21),0,NOT APPLICABLE,17,17,12,December,2022,7,Saturday,16,4:00pm-4:59pm,48,48,0,This section IS NOT on the NHS,1,Rural,5,Major Collector,2,County Highway Agency,4,County Road,CR-BLUE TOP RD,,0,None,35.65580000,35.65580000,-94.821200000,-94.82120000,0,No Special Jurisdiction,34,Ditch,0,The First Harmful Event was Not a Collision with a Motor Vehicle in Transport,0,No,1,Non-Junction,1,Not an Intersection,0,None,,,4,On Roadside,1,Daylight,,,,,1,Clear,0,No,0000000,Not Applicable,99,Unknown,98,Unknown if Notified,99,Unknown EMS Scene Arrival Hour,98,Unknown if Arrived,88,"Not Applicable (Not Transported) ",88,Not Applicable (Not Transported),,,,,,,1,
2022,40,400540,Oklahoma,1,1,0,0,0,1,1,109,OKLAHOMA (109),3550,OKLAHOMA CITY,17,17,12,December,2022,7,Saturday,17,5:00pm-5:59pm,1,1,1,This section IS ON the NHS,2,Urban,1,Interstate,1,State Highway Agency,1,Interstate,I-40 I-35 STANLEY DRAPER,,0,None,35.46280000,35.46280000,-97.483700000,-97.48370000,0,No Special Jurisdiction,20,Impact Attenuator/Crash Cushion,0,The First Harmful Event was Not a Collision with a Motor Vehicle in Transport,0,No,1,Non-Junction,1,Not an Intersection,0,None,,,3,On Median,1,Daylight,,,,,1,Clear,0,No,0000000,Not Applicable,99,Unknown,99,Unknown,99,Unknown EMS Scene Arrival Hour,99,Unknown EMS Scene Arrival Minutes,99,Unknown,99,Unknown EMS Hospital Arrival Time,,,,,,,1,
2022,40,400541,Oklahoma,2,2,0,0,0,2,2,89,MCCURTAIN (89),0,NOT APPLICABLE,18,18,12,December,2022,1,Sunday,20,8:00pm-8:59pm,15,15,1,This section IS ON the NHS,1,Rural,3,Principal Arterial - Other,1,State Highway Agency,2,U.S. Highway,US-70,SR-98,0,None,33.99160000,33.99160000,-95.035200000,-95.03520000,0,No Special Jurisdiction,12,Motor Vehicle In-Transport,6,Angle,0,No,2,Intersection,2,Four-Way Intersection,4,"Work Zone, Type Unknown",,,1,On Roadway,3,Dark - Lighted,,,,,1,Clear,0,No,0000000,Not Applicable,99,Unknown,99,Unknown,99,Unknown EMS Scene Arrival Hour,99,Unknown EMS Scene Arrival Minutes,99,Unknown,99,Unknown EMS Hospital Arrival Time,,,,,,,1,
2022,40,400542,Oklahoma,2,2,0,0,0,3,3,109,OKLAHOMA (109),3550,OKLAHOMA CITY,5,5,12,December,2022,2,Monday,20,8:00pm-8:59pm,12,12,0,This section IS NOT on the NHS,2,Urban,3,Principal Arterial - Other,4,City or Municipal Highway Agency,6,Local Street - Municipality,NW 63RD ST,,0,None,35.53690278,35.53690278,-97.628088890,-97.62808889,0,No Special Jurisdiction,12,Motor Vehicle In-Transport,7,Sideswipe - Same Direction,0,No,1,Non-Junction,1,Not an Intersection,0,None,,,1,On Roadway,3,Dark - Lighted,,,,,1,Clear,0,No,0000000,Not Applicable,99,Unknown,98,Unknown if Notified,99,Unknown EMS Scene Arrival Hour,98,Unknown if Arrived,88,"Not Applicable (Not Transported) ",88,Not Applicable (Not Transported),,,,,,,1,
2022,40,400543,Oklahoma,1,1,0,1,1,2,2,109,OKLAHOMA (109),3550,OKLAHOMA CITY,7,7,12,December,2022,4,Wednesday,17,5:00pm-5:59pm,58,58,0,This section IS NOT on the NHS,2,Urban,7,Local,4,City or Municipal Highway Agency,6,Local Street - Municipality,S KENTUCKY AVE,,0,None,35.43388611,35.43388611,-97.543497220,-97.54349722,0,No Special Jurisdiction,8,Pedestrian,0,The First Harmful Event was Not a Collision with a Motor Vehicle in Transport,0,No,1,Non-Junction,1,Not an Intersection,0,None,,,1,On Roadway,2,Dark - Not Lighted,,,,,2,Rain,0,No,0000000,Not Applicable,99,Unknown,98,Unknown if Notified,99,Unknown EMS Scene Arrival Hour,98,Unknown if Arrived,88,"Not Applicable (Not Transported) ",88,Not Applicable (Not Transported),,,,,,,1,
2022,40,400544,Oklahoma,1,1,0,1,1,1,1,109,OKLAHOMA (109),3550,OKLAHOMA CITY,9,9,12,December,2022,6,Friday,19,7:00pm-7:59pm,3,3,0,This section IS NOT on the NHS,2,Urban,3,Principal Arterial - Other,4,City or Municipal Highway Agency,6,Local Street - Municipality,S WESTERN AVE,,0,None,35.40513056,35.40513056,-97.530063890,-97.53006389,0,No Special Jurisdiction,8,Pedestrian,0,The First Harmful Event was Not a Collision with a Motor Vehicle in Transport,0,No,1,Non-Junction,1,Not an Intersection,0,None,,,1,On Roadway,2,Dark - Not Lighted,,,,,2,Rain,0,No,0000000,Not Applicable,99,Unknown,99,Unknown,99,Unknown EMS Scene Arrival Hour,99,Unknown EMS Scene Arrival Minutes,99,Unknown,99,Unknown EMS Hospital Arrival Time,,,,,,,1,
2022,40,400545,Oklahoma,1,1,0,0,0,1,1,65,JACKSON (65),0,NOT APPLICABLE,19,19,12,December,2022,2,Monday,3,3:00am-3:59am,25,25,0,This section IS NOT on the NHS,1,Rural,5,Major Collector,2,County Highway Agency,4,County Road,CR-S201,,0,None,34.67390000,34.67390000,-99.386400000,-99.38640000,0,No Special Jurisdiction,1,Rollover/Overturn,0,The First Harmful Event was Not a Collision with a Motor Vehicle in Transport,0,No,1,Non-Junction,1,Not an Intersection,0,None,,,5,Outside Trafficway,2,Dark - Not Lighted,,,,,1,Clear,0,No,0000000,Not Applicable,99,Unknown,98,Unknown if Notified,99,Unknown EMS Scene Arrival Hour,98,Unknown if Arrived,88,"Not Applicable (Not Transported) ",88,Not Applicable (Not Transported),,,,,,,1,
2022,40,400546,Oklahoma,3,3,0,0,0,7,7,27,CLEVELAND (27),3550,OKLAHOMA CITY,15,15,12,December,2022,5,Thursday,12,12:00pm-12:59pm,45,45,0,This section IS NOT on the NHS,2,Urban,4,Minor Arterial,1,State Highway Agency,3,State Highway,SR-37 SW 134TH ST,,0,None,35.33420000,35.33420000,-97.550800000,-97.55080000,0,No Special Jurisdiction,12,Motor Vehicle In-Transport,6,Angle,0,No,1,Non-Junction,1,Not an Intersection,0,None,,,1,On Roadway,1,Daylight,,,,,1,Clear,0,No,0000000,Not Applicable,99,Unknown,99,Unknown,99,Unknown EMS Scene Arrival Hour,99,Unknown EMS Scene Arrival Minutes,99,Unknown,99,Unknown EMS Hospital Arrival Time,,,,,,,1,
2022,40,400547,Oklahoma,2,2,0,0,0,4,4,109,OKLAHOMA (109),3550,OKLAHOMA CITY,16,16,12,December,2022,6,Friday,13,1:00pm-1:59pm,30,30,0,This section IS NOT on the NHS,2,Urban,3,Principal Arterial - Other,4,City or Municipal Highway Agency,6,Local Street - Municipality,W RENO AVE,,0,None,35.46397778,35.46397778,-97.372058330,-97.37205833,0,No Special Jurisdiction,12,Motor Vehicle In-Transport,6,Angle,0,No,8,Driveway Access Related,1,Not an Intersection,0,None,,,1,On Roadway,1,Daylight,,,,,1,Clear,0,No,0000000,Not Applicable,99,Unknown,99,Unknown,99,Unknown EMS Scene Arrival Hour,99,Unknown EMS Scene Arrival Minutes,99,Unknown,99,Unknown EMS Hospital Arrival Time,,,,,,,1,
2022,40,400548,Oklahoma,2,2,0,0,0,2,2,19,CARTER (19),0,NOT APPLICABLE,19,19,12,December,2022,2,Monday,5,5:00am-5:59am,54,54,1,This section IS ON the NHS,1,Rural,1,Interstate,1,State Highway Agency,1,Interstate,I-35,,113,113,34.23220000,34.23220000,-97.161400000,-97.16140000,0,No Special Jurisdiction,57,Cable Barrier,0,The First Harmful Event was Not a Collision with a Motor Vehicle in Transport,0,No,1,Non-Junction,1,Not an Intersection,0,None,,,3,On Median,2,Dark - Not Lighted,,,,,1,Clear,0,No,0000000,Not Applicable,99,Unknown,98,Unknown if Notified,99,Unknown EMS Scene Arrival Hour,98,Unknown if Arrived,88,"Not Applicable (Not Transported) ",88,Not Applicable (Not Transported),,,,,,,1,
2022,40,400549,Oklahoma,3,3,0,0,0,3,3,51,GRADY (51),4800,TUTTLE,19,19,12,December,2022,2,Monday,7,7:00am-7:59am,25,25,0,This section IS NOT on the NHS,1,Rural,5,Major Collector,1,State Highway Agency,3,State Highway,SR-37,,0,None,35.29105278,35.29105278,-97.727647220,-97.72764722,0,No Special Jurisdiction,33,Curb,0,The First Harmful Event was Not a Collision with a Motor Vehicle in Transport,0,No,1,Non-Junction,1,Not an Intersection,0,None,,,4,On Roadside,4,Dawn,,,,,1,Clear,0,No,0000000,Not Applicable,99,Unknown,98,Unknown if Notified,99,Unknown EMS Scene Arrival Hour,98,Unknown if Arrived,88,"Not Applicable (Not Transported) ",88,Not Applicable (Not Transported),,,,,,,2,
2022,40,400550,Oklahoma,1,1,0,0,0,1,1,37,CREEK (37),0,NOT APPLICABLE,19,19,12,December,2022,2,Monday,21,9:00pm-9:59pm,23,23,0,This section IS NOT on the NHS,2,Urban,7,Local,2,County Highway Agency,4,County Road,CR-S 97TH W AVE,,0,None,36.07490000,36.07490000,-96.100900000,-96.10090000,0,No Special Jurisdiction,53,Mail Box,0,The First Harmful Event was Not a Collision with a Motor Vehicle in Transport,0,No,1,Non-Junction,1,Not an Intersection,0,None,,,4,On Roadside,2,Dark - Not Lighted,,,,,10,Cloudy,0,No,0000000,Not Applicable,99,Unknown,98,Unknown if Notified,99,Unknown EMS Scene Arrival Hour,98,Unknown if Arrived,88,"Not Applicable (Not Transported) ",88,Not Applicable (Not Transported),,,,,,,1,
2022,40,400551,Oklahoma,2,2,0,0,0,2,2,91,MCINTOSH (91),0,NOT APPLICABLE,20,20,12,December,2022,3,Tuesday,8,8:00am-8:59am,4,4,1,This section IS ON the NHS,1,Rural,3,Principal Arterial - Other,1,State Highway Agency,2,U.S. Highway,US-69,,135,135,35.40730000,35.40730000,-95.558900000,-95.55890000,0,No Special Jurisdiction,12,Motor Vehicle In-Transport,1,Front-to-Rear,0,No,1,Non-Junction,1,Not an Intersection,0,None,,,1,On Roadway,1,Daylight,,,,,10,Cloudy,0,No,0000000,Not Applicable,99,Unknown,99,Unknown,99,Unknown EMS Scene Arrival Hour,99,Unknown EMS Scene Arrival Minutes,99,Unknown,99,Unknown EMS Hospital Arrival Time,,,,,,,1,
2022,40,400552,Oklahoma,3,3,0,0,0,3,3,107,OKFUSKEE (107),0,NOT APPLICABLE,22,22,12,December,2022,5,Thursday,7,7:00am-7:59am,6,6,0,This section IS NOT on the NHS,1,Rural,5,Major Collector,1,State Highway Agency,2,U.S. Highway,US-62,,10,10,35.50380000,35.50380000,-96.600200000,-96.60020000,0,No Special Jurisdiction,12,Motor Vehicle In-Transport,6,Angle,0,No,1,Non-Junction,1,Not an Intersection,0,None,,,1,On Roadway,1,Daylight,,,,,98,Not Reported,0,No,0000000,Not Applicable,99,Unknown,98,Unknown if Notified,99,Unknown EMS Scene Arrival Hour,98,Unknown if Arrived,88,"Not Applicable (Not Transported) ",88,Not Applicable (Not Transported),,,,,,,1,
2022,40,400553,Oklahoma,2,2,0,0,0,2,2,45,ELLIS (45),0,NOT APPLICABLE,22,22,12,December,2022,5,Thursday,8,8:00am-8:59am,23,23,1,This section IS ON the NHS,1,Rural,3,Principal Arterial - Other,1,State Highway Agency,3,State Highway,SR-15,,113,113,36.33230000,36.33230000,-99.704100000,-99.70410000,0,No Special Jurisdiction,12,Motor Vehicle In-Transport,2,Front-to-Front,0,No,1,Non-Junction,1,Not an Intersection,0,None,,,1,On Roadway,1,Daylight,,,,,10,Cloudy,0,No,0000000,Not Applicable,99,Unknown,99,Unknown,99,Unknown EMS Scene Arrival Hour,99,Unknown EMS Scene Arrival Minutes,99,Unknown,99,Unknown EMS Hospital Arrival Time,,,,,,,1,
2022,40,400554,Oklahoma,3,3,0,1,1,2,2,81,LINCOLN (81),0,NOT APPLICABLE,22,22,12,December,2022,5,Thursday,8,8:00am-8:59am,33,33,1,This section IS ON the NHS,1,Rural,1,Interstate,31,State Toll Road,1,Interstate,I-44 TURNER TURNPIKE,,0,None,35.67650000,35.67650000,-97.061900000,-97.06190000,0,No Special Jurisdiction,12,Motor Vehicle In-Transport,1,Front-to-Rear,0,No,1,Non-Junction,1,Not an Intersection,0,None,,,1,On Roadway,1,Daylight,,,,,1,Clear,0,No,0000000,Not Applicable,99,Unknown,98,Unknown if Notified,99,Unknown EMS Scene Arrival Hour,98,Unknown if Arrived,88,"Not Applicable (Not Transported) ",88,Not Applicable (Not Transported),,,,,,,1,
2022,40,400555,Oklahoma,2,2,0,0,0,3,3,125,POTTAWATOMIE (125),0,NOT APPLICABLE,24,24,12,December,2022,7,Saturday,20,8:00pm-8:59pm,21,21,0,This section IS NOT on the NHS,1,Rural,4,Minor Arterial,1,State Highway Agency,2,U.S. Highway,US-270,CR-NS345,34,34,35.25950000,35.25950000,-96.859800000,-96.85980000,0,No Special Jurisdiction,12,Motor Vehicle In-Transport,6,Angle,0,No,2,Intersection,2,Four-Way Intersection,0,None,,,1,On Roadway,2,Dark - Not Lighted,,,,,1,Clear,0,No,0000000,Not Applicable,99,Unknown,99,Unknown,99,Unknown EMS Scene Arrival Hour,99,Unknown EMS Scene Arrival Minutes,99,Unknown,99,Unknown EMS Hospital Arrival Time,,,,,,,2,
2022,40,400556,Oklahoma,1,1,0,0,0,3,3,131,ROGERS (131),0,NOT APPLICABLE,24,24,12,December,2022,7,Saturday,17,5:00pm-5:59pm,0,0,1,This section IS ON the NHS,1,Rural,5,Major Collector,1,State Highway Agency,3,State Highway,SR-66,,41,41,36.21400000,36.21400000,-95.721600000,-95.72160000,0,No Special Jurisdiction,21,Bridge Pier or Support,0,The First Harmful Event was Not a Collision with a Motor Vehicle in Transport,0,No,1,Non-Junction,1,Not an Intersection,0,None,,,3,On Median,2,Dark - Not Lighted,,,,,1,Clear,0,No,0000000,Not Applicable,99,Unknown,99,Unknown,99,Unknown EMS Scene Arrival Hour,99,Unknown EMS Scene Arrival Minutes,99,Unknown,99,Unknown EMS Hospital Arrival Time,,,,,,,1,
2022,40,400557,Oklahoma,3,3,0,0,0,6,6,143,TULSA (143),400,BIXBY,11,11,7,July,2022,2,Monday,19,7:00pm-7:59pm,49,49,0,This section IS NOT on the NHS,2,Urban,4,Minor Arterial,4,City or Municipal Highway Agency,6,Local Street - Municipality,E 111TH ST S,S 87TH E PL,0,None,36.00282500,36.00282500,-95.879222220,-95.87922222,0,No Special Jurisdiction,12,Motor Vehicle In-Transport,7,Sideswipe - Same Direction,0,No,3,Intersection-Related,3,T-Intersection,0,None,,,1,On Roadway,1,Daylight,,,,,10,Cloudy,0,No,0000000,Not Applicable,99,Unknown,99,Unknown,99,Unknown EMS Scene Arrival Hour,99,Unknown EMS Scene Arrival Minutes,99,Unknown,99,Unknown EMS Hospital Arrival Time,,,,,,,1,
2022,40,400558,Oklahoma,1,1,0,0,0,3,3,81,LINCOLN (81),0,NOT APPLICABLE,14,14,11,November,2022,2,Monday,15,3:00pm-3:59pm,6,6,0,This section IS NOT on the NHS,1,Rural,4,Minor Arterial,1,State Highway Agency,2,U.S. Highway,US-177,,124,124,35.86220000,35.86220000,-97.018600000,-97.01860000,0,No Special Jurisdiction,35,Embankment,0,The First Harmful Event was Not a Collision with a Motor Vehicle in Transport,0,No,1,Non-Junction,1,Not an Intersection,0,None,,,4,On Roadside,1,Daylight,,,,,10,Cloudy,0,No,0000000,Not Applicable,99,Unknown,99,Unknown,99,Unknown EMS Scene Arrival Hour,99,Unknown EMS Scene Arrival Minutes,99,Unknown,99,Unknown EMS Hospital Arrival Time,,,,,,,1,
2022,40,400559,Oklahoma,2,2,0,0,0,2,2,143,TULSA (143),4780,TULSA,29,29,12,December,2022,5,Thursday,19,7:00pm-7:59pm,57,57,0,This section IS NOT on the NHS,2,Urban,3,Principal Arterial - Other,4,City or Municipal Highway Agency,6,Local Street - Municipality,S MEMORIAL DR,E 73RD ST,0,None,36.05830000,36.05830000,-95.886400000,-95.88640000,0,No Special Jurisdiction,1,Rollover/Overturn,0,The First Harmful Event was Not a Collision with a Motor Vehicle in Transport,0,No,2,Intersection,2,Four-Way Intersection,0,None,,,1,On Roadway,3,Dark - Lighted,,,,,1,Clear,0,No,0000000,Not Applicable,99,Unknown,99,Unknown,99,Unknown EMS Scene Arrival Hour,99,Unknown EMS Scene Arrival Minutes,99,Unknown,99,Unknown EMS Hospital Arrival Time,,,,,,,1,
2022,40,400560,Oklahoma,2,2,0,0,0,5,5,111,OKMULGEE (111),0,NOT APPLICABLE,31,31,12,December,2022,7,Saturday,4,4:00am-4:59am,53,53,1,This section IS ON the NHS,1,Rural,3,Principal Arterial - Other,1,State Highway Agency,2,U.S. Highway,US-75,,117,117,35.76668056,35.76668056,-96.015550000,-96.01555000,0,No Special Jurisdiction,12,Motor Vehicle In-Transport,7,Sideswipe - Same Direction,0,No,1,Non-Junction,1,Not an Intersection,0,None,,,1,On Roadway,2,Dark - Not Lighted,,,,,1,Clear,0,No,0000000,Not Applicable,99,Unknown,99,Unknown,99,Unknown EMS Scene Arrival Hour,99,Unknown EMS Scene Arrival Minutes,99,Unknown,99,Unknown EMS Hospital Arrival Time,,,,,,,1,
2022,40,400561,Oklahoma,2,2,0,1,1,2,2,81,LINCOLN (81),0,NOT APPLICABLE,31,31,12,December,2022,7,Saturday,13,1:00pm-1:59pm,23,23,1,This section IS ON the NHS,1,Rural,1,Interstate,31,State Toll Road,1,Interstate,I-44,,42,42,35.67390000,35.67390000,-97.070300000,-97.07030000,0,No Special Jurisdiction,8,Pedestrian,0,The First Harmful Event was Not a Collision with a Motor Vehicle in Transport,0,No,1,Non-Junction,1,Not an Intersection,0,None,,,1,On Roadway,1,Daylight,,,,,1,Clear,0,No,0000000,Not Applicable,99,Unknown,98,Unknown if Notified,99,Unknown EMS Scene Arrival Hour,98,Unknown if Arrived,88,"Not Applicable (Not Transported) ",88,Not Applicable (Not Transported),,,,,,,1,
2022,40,400562,Oklahoma,2,2,0,0,0,3,3,137,STEPHENS (137),0,NOT APPLICABLE,31,31,12,December,2022,7,Saturday,16,4:00pm-4:59pm,44,44,0,This section IS NOT on the NHS,1,Rural,7,Local,2,County Highway Agency,4,County Road,CR-3000,,0,None,34.44210000,34.44210000,-97.615100000,-97.61510000,0,No Special Jurisdiction,12,Motor Vehicle In-Transport,6,Angle,0,No,8,Driveway Access Related,1,Not an Intersection,0,None,,,1,On Roadway,1,Daylight,,,,,1,Clear,0,No,0000000,Not Applicable,99,Unknown,98,Unknown if Notified,99,Unknown EMS Scene Arrival Hour,98,Unknown if Arrived,88,"Not Applicable (Not Transported) ",88,Not Applicable (Not Transported),,,,,,,1,
2022,40,400563,Oklahoma,2,2,0,0,0,2,2,143,TULSA (143),4780,TULSA,31,31,12,December,2022,7,Saturday,16,4:00pm-4:59pm,45,45,1,This section IS ON the NHS,2,Urban,3,Principal Arterial - Other,1,State Highway Agency,2,U.S. Highway,US-169 EXIT RAMP,,0,None,36.16430000,36.16430000,-95.860000000,-95.86000000,0,No Special Jurisdiction,12,Motor Vehicle In-Transport,1,Front-to-Rear,1,Yes,20,Entrance/Exit Ramp,1,Not an Intersection,0,None,,,1,On Roadway,1,Daylight,,,,,1,Clear,0,No,0000000,Not Applicable,99,Unknown,98,Unknown if Notified,99,Unknown EMS Scene Arrival Hour,98,Unknown if Arrived,88,"Not Applicable (Not Transported) ",88,Not Applicable (Not Transported),,,,,,,1,
2022,40,400564,Oklahoma,1,1,0,0,0,1,1,143,TULSA (143),4780,TULSA,19,19,9,September,2022,2,Monday,17,5:00pm-5:59pm,50,50,0,This section IS NOT on the NHS,2,Urban,4,Minor Arterial,4,City or Municipal Highway Agency,6,Local Street - Municipality,N SHERIDAN RD,,0,None,36.16680000,36.16680000,-95.904500000,-95.90450000,0,No Special Jurisdiction,1,Rollover/Overturn,0,The First Harmful Event was Not a Collision with a Motor Vehicle in Transport,0,No,1,Non-Junction,1,Not an Intersection,0,None,,,4,On Roadside,1,Daylight,,,,,1,Clear,0,No,0000000,Not Applicable,99,Unknown,99,Unknown,99,Unknown EMS Scene Arrival Hour,99,Unknown EMS Scene Arrival Minutes,99,Unknown,99,Unknown EMS Hospital Arrival Time,,,,,,,1,
2022,40,400565,Oklahoma,2,2,0,0,0,2,2,27,CLEVELAND (27),3430,NORMAN,19,19,4,April,2022,3,Tuesday,18,6:00pm-6:59pm,14,14,0,This section IS NOT on the NHS,2,Urban,4,Minor Arterial,4,City or Municipal Highway Agency,6,Local Street - Municipality,24TH AVE SE,,0,None,35.19619722,35.19619722,-97.405944440,-97.40594444,0,No Special Jurisdiction,12,Motor Vehicle In-Transport,7,Sideswipe - Same Direction,0,No,1,Non-Junction,1,Not an Intersection,0,None,,,1,On Roadway,1,Daylight,,,,,1,Clear,0,No,0000000,Not Applicable,99,Unknown,99,Unknown,99,Unknown EMS Scene Arrival Hour,99,Unknown EMS Scene Arrival Minutes,99,Unknown,99,Unknown EMS Hospital Arrival Time,,,,,,,1,