caseyear,state,st_case,statename,ve_total,ve_forms,pvh_invl,peds,pernotmvit,permvit,persons,county,countyname,city,cityname,day,dayname,month,monthname,year,day_week,day_weekname,hour,hourname,minute,minutename,nhs,nhsname,rur_urb,rur_urbname,func_sys,func_sysname,rd_owner,rd_ownername,route,routename,tway_id,tway_id2,milept,mileptname,latitude,latitudename,longitud,longitudname,sp_jur,sp_jurname,harm_ev,harm_evname,man_coll,man_collname,reljct1,reljct1name,reljct2,reljct2name,typ_int,typ_intname,wrk_zone,wrk_zonename,road_fnc,road_fncname,rel_road,rel_roadname,lgt_cond,lgt_condname,weather1,weather1name,weather2,weather2name,weather,weathername,sch_bus,sch_busname,rail,railname,not_hour,not_hourname,not_min,not_minname,arr_hour,arr_hourname,arr_min,arr_minname,hosp_hr,hosp_hrname,hosp_mn,hosp_mnname,cf1,cf1name,cf2,cf2name,cf3,cf3name,fatals,drunk_dr
2023,40,400051,Oklahoma,2,2,0,0,0,1,1,109,OKLAHOMA (109),3550,OKLAHOMA CITY,15,15,2,February,2023,4,Wednesday,2,2:00am-2:59am,13,13,1,This Section IS ON the NHS,2,Urban,2,Other Freeways and Expressways,1,State Highway Agency,2,U.S. Highway,US-77 BROADWAY EXTENSION,,0,None,35.56040000,35.56040000,-97.514000000,-97.51400000,0,No Special Jurisdiction,12,Motor Vehicle In-Transport,2,Front-to-Front,0,No,1,Non-Junction,1,Not an Intersection,0,None,,,1,On Roadway,3,Dark - Lighted,,,,,1,Clear,0,No,0000000,Not Applicable,99,Unknown,99,Unknown,99,Unknown EMS Scene Arrival Hour,99,Unknown EMS Scene Arrival Minutes,99,Unknown,99,Unknown EMS Hospital Arrival Time,,,,,,,1,
2023,40,400052,Oklahoma,2,2,0,0,0,2,2,131,ROGERS (131),990,CLAREMORE,2,2,2,February,2023,5,Thursday,7,7:00am-7:59am,45,45,0,This Section IS NOT on the NHS,2,Urban,3,Other Principal Arterial,1,State Highway Agency,3,State Highway,SR-66 LYNN RIGGS BLVD,COUNTRY CLUB RD,0,None,36.29278056,36.29278056,-95.630852780,-95.63085278,0,No Special Jurisdiction,33,Curb,0,The First Harmful Event was Not a Collision with a Motor Vehicle in Transport,0,No,3,Intersection-Related,2,Four-Way Intersection,0,None,,,4,On Roadside,1,Daylight,,,,,10,Cloudy,0,No,0000000,Not Applicable,99,Unknown,99,Unknown,99,Unknown EMS Scene Arrival Hour,99,Unknown EMS Scene Arrival Minutes,99,Unknown,99,Unknown EMS Hospital Arrival Time,,,,,,,1,
2023,40,400053,Oklahoma,2,2,0,0,0,3,3,131,ROGERS (131),990,CLAREMORE,19,19,2,February,2023,1,Sunday,18,6:00pm-6:59pm,8,8,0,This Section IS NOT on the NHS,2,Urban,3,Other Principal Arterial,1,State Highway Agency,3,State Highway,SR-20 SR-88 WILL ROGERS BLVD,DAVIS AVE,0,None,36.31693889,36.31693889,-95.626800000,-95.62680000,0,No Special Jurisdiction,12,Motor Vehicle In-Transport,6,Angle,0,No,2,Intersection,2,Four-Way Intersection,0,None,,,1,On Roadway,5,Dusk,,,,,1,Clear,0,No,0000000,Not Applicable,99,Unknown,99,Unknown,99,Unknown EMS Scene Arrival Hour,99,Unknown EMS Scene Arrival Minutes,99,Unknown,99,Unknown EMS Hospital Arrival Time,,,,,,,1,
2023,40,400054,Oklahoma,3,3,0,0,0,4,4,17,CANADIAN (17),3550,OKLAHOMA CITY,9,9,2,February,2023,5,Thursday,2,2:00am-2:59am,30,30,1,This Section IS ON the NHS,2,Urban,1,Interstate,1,State Highway Agency,1,Interstate,I-40,,0,None,35.46040000,35.46040000,-97.671500000,-97.67150000,0,No Special Jurisdiction,12,Motor Vehicle In-Transport,6,Angle,0,No,1,Non-Junction,1,Not an Intersection,0,None,,,1,On Roadway,3,Dark - Lighted,,,,,98,Not Reported,0,No,0000000,Not Applicable,99,Unknown,98,Unknown if Notified,99,Unknown EMS Scene Arrival Hour,98,Unknown if Arrived,88,"Not Applicable (Not Transported) ",88,Not Applicable (Not Transported),,,,,,,1,
2023,40,400055,Oklahoma,2,2,0,0,0,4,4,143,TULSA (143),4780,TULSA,11,11,2,February,2023,7,Saturday,15,3:00pm-3:59pm,3,3,0,This Section IS NOT on the NHS,2,Urban,3,Other Principal Arterial,4,City or Municipal Highway Agency,0,Not Signed,E 21ST ST,S PITTSBURG AVE,0,None,36.13329444,36.13329444,-95.931602780,-95.93160278,0,No Special Jurisdiction,12,Motor Vehicle In-Transport,2,Front-to-Front,0,No,3,Intersection-Related,2,Four-Way Intersection,0,None,,,1,On Roadway,1,Daylight,,,,,1,Clear,0,No,0000000,Not Applicable,99,Unknown,99,Unknown,99,Unknown EMS Scene Arrival Hour,99,Unknown EMS Scene Arrival Minutes,99,Unknown,99,Unknown EMS Hospital Arrival Time,,,,,,,2,
2023,40,400056,Oklahoma,2,2,0,0,0,3,3,139,TEXAS (139),0,NOT APPLICABLE,14,14,2,February,2023,3,Tuesday,11,11:00am-11:59am,33,33,1,This Section IS ON the NHS,1,Rural,3,Other Principal Arterial,1,State Highway Agency,2,U.S. Highway,US-54 US-64,,113,113,36.78050000,36.78050000,-101.326300000,-101.32630000,0,No Special Jurisdiction,12,Motor Vehicle In-Transport,1,Front-to-Rear,0,No,1,Non-Junction,1,Not an Intersection,0,None,,,1,On Roadway,1,Daylight,,,,,7,"Blowing Sand, Soil, Dirt",0,No,0000000,Not Applicable,99,Unknown,99,Unknown,99,Unknown EMS Scene Arrival Hour,99,Unknown EMS Scene Arrival Minutes,99,Unknown,99,Unknown EMS Hospital Arrival Time,,,,,,,1,
2023,40,400058,Oklahoma,1,1,0,0,0,1,1,109,OKLAHOMA (109),3550,OKLAHOMA CITY,15,15,2,February,2023,4,Wednesday,2,2:00am-2:59am,32,32,1,This Section IS ON the NHS,2,Urban,1,Interstate,1,State Highway Agency,1,Interstate,I-240,,0,None,35.39160000,35.39160000,-97.481800000,-97.48180000,0,No Special Jurisdiction,24,Guardrail Face,0,The First Harmful Event was Not a Collision with a Motor Vehicle in Transport,0,No,1,Non-Junction,1,Not an Intersection,0,None,,,3,On Median,2,Dark - Not Lighted,,,,,5,"Fog, Smog, Smoke",0,No,0000000,Not Applicable,99,Unknown,99,Unknown,99,Unknown EMS Scene Arrival Hour,99,Unknown EMS Scene Arrival Minutes,99,Unknown,99,Unknown EMS Hospital Arrival Time,,,,,,,1,
2023,40,400059,Oklahoma,2,2,0,0,0,4,4,37,CREEK (37),0,NOT APPLICABLE,15,15,2,February,2023,4,Wednesday,7,7:00am-7:59am,18,18,0,This Section IS NOT on the NHS,2,Urban,4,Minor Arterial,1,State Highway Agency,3,State Highway,SR-97,61ST ST S,54,54,36.07540000,36.07540000,-96.119400000,-96.11940000,0,No Special Jurisdiction,12,Motor Vehicle In-Transport,6,Angle,0,No,2,Intersection,2,Four-Way Intersection,0,None,,,1,On Roadway,1,Daylight,,,,,1,Clear,0,No,0000000,Not Applicable,99,Unknown,99,Unknown,99,Unknown EMS Scene Arrival Hour,99,Unknown EMS Scene Arrival Minutes,99,Unknown,99,Unknown EMS Hospital Arrival Time,,,,,,,1,
2023,40,400060,Oklahoma,2,2,0,0,0,5,5,87,MCCLAIN (87),3870,PURCELL,15,15,2,February,2023,4,Wednesday,10,10:00am-10:59am,53,53,0,This Section IS NOT on the NHS,2,Urban,4,Minor Arterial,1,State Highway Agency,3,State Highway,SR-74,,0,None,34.97568611,34.97568611,-97.381091670,-97.38109167,0,No Special Jurisdiction,12,Motor Vehicle In-Transport,2,Front-to-Front,0,No,1,Non-Junction,1,Not an Intersection,0,None,,,1,On Roadway,1,Daylight,,,,,1,Clear,0,No,0000000,Not Applicable,99,Unknown,99,Unknown,99,Unknown EMS Scene Arrival Hour,99,Unknown EMS Scene Arrival Minutes,99,Unknown,99,Unknown EMS Hospital Arrival Time,,,,,,,1,
2023,40,400061,Oklahoma,1,1,0,1,1,1,1,143,TULSA (143),4780,TULSA,15,15,2,February,2023,4,Wednesday,18,6:00pm-6:59pm,45,45,0,This Section IS NOT on the NHS,2,Urban,4,Minor Arterial,4,City or Municipal Highway Agency,0,Not Signed,N HARVARD AVE,E VIRGIN ST,0,None,36.18426111,36.18426111,-95.940300000,-95.94030000,0,No Special Jurisdiction,8,Pedestrian,0,The First Harmful Event was Not a Collision with a Motor Vehicle in Transport,0,No,3,Intersection-Related,3,T-Intersection,0,None,,,1,On Roadway,3,Dark - Lighted,,,,,1,Clear,0,No,0000000,Not Applicable,99,Unknown,99,Unknown,99,Unknown EMS Scene Arrival Hour,99,Unknown EMS Scene Arrival Minutes,99,Unknown,99,Unknown EMS Hospital Arrival Time,,,,,,,1,
2023,40,400062,Oklahoma,4,4,0,0,0,5,5,77,LATIMER (77),0,NOT APPLICABLE,16,16,2,February,2023,5,Thursday,18,6:00pm-6:59pm,55,55,0,This Section IS NOT on the NHS,1,Rural,4,Minor Arterial,1,State Highway Agency,2,U.S. Highway,US-270,,102,102,34.91300000,34.91300000,-95.346000000,-95.34600000,0,No Special Jurisdiction,12,Motor Vehicle In-Transport,2,Front-to-Front,0,No,1,Non-Junction,1,Not an Intersection,0,None,,,1,On Roadway,2,Dark - Not Lighted,,,,,10,Cloudy,0,No,0000000,Not Applicable,99,Unknown,99,Unknown,99,Unknown EMS Scene Arrival Hour,99,Unknown EMS Scene Arrival Minutes,99,Unknown,99,Unknown EMS Hospital Arrival Time,,,,,,,1,
2023,40,400063,Oklahoma,2,2,0,0,0,2,2,71,KAY (71),0,NOT APPLICABLE,17,17,2,February,2023,6,Friday,11,11:00am-11:59am,34,34,0,This Section IS NOT on the NHS,1,Rural,4,Minor Arterial,1,State Highway Agency,2,U.S. Highway,US-177,COWBOY HILL RD,10,10,36.60835278,36.60835278,-97.076002780,-97.07600278,0,No Special Jurisdiction,12,Motor Vehicle In-Transport,6,Angle,0,No,2,Intersection,2,Four-Way Intersection,0,None,,,1,On Roadway,1,Daylight,,,,,1,Clear,0,No,0000000,Not Applicable,99,Unknown,99,Unknown,99,Unknown EMS Scene Arrival Hour,99,Unknown EMS Scene Arrival Minutes,99,Unknown,99,Unknown EMS Hospital Arrival Time,,,,,,,1,
2023,40,400064,Oklahoma,2,2,0,0,0,3,3,143,TULSA (143),0,NOT APPLICABLE,17,17,2,February,2023,6,Friday,16,4:00pm-4:59pm,33,33,1,This Section IS ON the NHS,1,Rural,3,Other Principal Arterial,1,State Highway Agency,2,U.S. Highway,US-75,CR-106TH ST N,114,114,36.30760000,36.30760000,-95.924100000,-95.92410000,0,No Special Jurisdiction,12,Motor Vehicle In-Transport,6,Angle,0,No,2,Intersection,2,Four-Way Intersection,0,None,,,1,On Roadway,1,Daylight,,,,,1,Clear,0,No,0000000,Not Applicable,99,Unknown,99,Unknown,99,Unknown EMS Scene Arrival Hour,99,Unknown EMS Scene Arrival Minutes,99,Unknown,99,Unknown EMS Hospital Arrival Time,,,,,,,1,
2023,40,400065,Oklahoma,2,2,0,0,0,3,3,47,GARFIELD (47),0,NOT APPLICABLE,17,17,2,February,2023,6,Friday,15,3:00pm-3:59pm,2,2,0,This Section IS NOT on the NHS,1,Rural,5,Major Collector,1,State Highway Agency,3,State Highway,SR-15,,44,44,36.46180000,36.46180000,-97.586400000,-97.58640000,0,No Special Jurisdiction,12,Motor Vehicle In-Transport,6,Angle,0,No,1,Non-Junction,1,Not an Intersection,1,Construction,,,1,On Roadway,1,Daylight,,,,,1,Clear,0,No,0000000,Not Applicable,99,Unknown,99,Unknown,99,Unknown EMS Scene Arrival Hour,99,Unknown EMS Scene Arrival Minutes,99,Unknown,99,Unknown EMS Hospital Arrival Time,,,,,,,1,
2023,40,400066,Oklahoma,1,1,0,1,1,1,1,131,ROGERS (131),870,CATOOSA,19,19,2,February,2023,1,Sunday,5,5:00am-5:59am,11,11,1,This Section IS ON the NHS,2,Urban,1,Interstate,1,State Highway Agency,1,Interstate,I-44,,0,None,36.16321389,36.16321389,-95.756150000,-95.75615000,0,No Special Jurisdiction,8,Pedestrian,0,The First Harmful Event was Not a Collision with a Motor Vehicle in Transport,0,No,1,Non-Junction,1,Not an Intersection,0,None,,,1,On Roadway,2,Dark - Not Lighted,,,,,1,Clear,0,No,0000000,Not Applicable,99,Unknown,98,Unknown if Notified,99,Unknown EMS Scene Arrival Hour,98,Unknown if Arrived,88,"Not Applicable (Not Transported) ",88,Not Applicable (Not Transported),,,,,,,1,
2023,40,400067,Oklahoma,1,1,0,0,0,1,1,143,TULSA (143),4780,TULSA,19,19,2,February,2023,1,Sunday,15,3:00pm-3:59pm,30,30,1,This Section IS ON the NHS,2,Urban,1,Interstate,1,State Highway Agency,1,Interstate,I-244 ENTRANCE RAMP,,0,None,36.16610000,36.16610000,-95.863700000,-95.86370000,0,No Special Jurisdiction,24,Guardrail Face,0,The First Harmful Event was Not a Collision with a Motor Vehicle in Transport,1,Yes,5,Entrance/Exit Ramp Related,1,Not an Intersection,0,None,,,4,On Roadside,1,Daylight,,,,,10,Cloudy,0,No,0000000,Not Applicable,99,Unknown,98,Unknown if Notified,99,Unknown EMS Scene Arrival Hour,98,Unknown if Arrived,88,"Not Applicable (Not Transported) ",88,Not Applicable (Not Transported),,,,,,,1,
2023,40,400068,Oklahoma,1,1,0,0,0,1,1,79,LE FLORE (79),0,NOT APPLICABLE,20,20,2,February,2023,2,Monday,12,12:00pm-12:59pm,57,57,1,This Section IS ON the NHS,1,Rural,3,Other Principal Arterial,1,State Highway Agency,2,U.S. Highway,US-271,,142,142,34.80820000,34.80820000,-94.947600000,-94.94760000,0,No Special Jurisdiction,1,Rollover/Overturn,0,The First Harmful Event was Not a Collision with a Motor Vehicle in Transport,0,No,1,Non-Junction,1,Not an Intersection,0,None,,,4,On Roadside,1,Daylight,,,,,10,Cloudy,0,No,0000000,Not Applicable,99,Unknown,99,Unknown,99,Unknown EMS Scene Arrival Hour,99,Unknown EMS Scene Arrival Minutes,99,Unknown,99,Unknown EMS Hospital Arrival Time,,,,,,,1,
2023,40,400069,Oklahoma,2,2,0,0,0,2,2,143,TULSA (143),4780,TULSA,21,21,2,February,2023,3,Tuesday,15,3:00pm-3:59pm,20,20,0,This Section IS NOT on the NHS,2,Urban,4,Minor Arterial,4,City or Municipal Highway Agency,0,Not Signed,E ADMIRAL PL,US-169 EXIT RAMP,0,None,36.16060000,36.16060000,-95.860300000,-95.86030000,0,No Special Jurisdiction,12,Motor Vehicle In-Transport,2,Front-to-Front,1,Yes,2,Intersection,3,T-Intersection,0,None,,,1,On Roadway,1,Daylight,,,,,10,Cloudy,0,No,0000000,Not Applicable,99,Unknown,99,Unknown,99,Unknown EMS Scene Arrival Hour,99,Unknown EMS Scene Arrival Minutes,99,Unknown,99,Unknown EMS Hospital Arrival Time,,,,,,,1,
2023,40,400070,Oklahoma,2,2,0,0,0,2,2,143,TULSA (143),4780,TULSA,22,22,2,February,2023,4,Wednesday,14,2:00pm-2:59pm,9,9,0,This Section IS NOT on the NHS,2,Urban,4,Minor Arterial,4,City or Municipal Highway Agency,0,Not Signed,S PEORIA AVE,,0,None,36.07870833,36.07870833,-95.975808330,-95.97580833,0,No Special Jurisdiction,12,Motor Vehicle In-Transport,6,Angle,0,No,8,Driveway Access Related,1,Not an Intersection,0,None,,,1,On Roadway,1,Daylight,,,,,1,Clear,0,No,0000000,Not Applicable,99,Unknown,99,Unknown,99,Unknown EMS Scene Arrival Hour,99,Unknown EMS Scene Arrival Minutes,99,Unknown,99,Unknown EMS Hospital Arrival Time,,,,,,,1,
2023,40,400071,Oklahoma,1,1,0,0,0,1,1,135,SEQUOYAH (135),4080,ROLAND,23,23,2,February,2023,5,Thursday,6,6:00am-6:59am,54,54,1,This Section IS ON the NHS,1,Rural,1,Interstate,1,State Highway Agency,1,Interstate,I-40 EXIT RAMP,,0,None,35.40440000,35.40440000,-94.525500000,-94.52550000,0,No Special Jurisdiction,42,Tree (Standing Only),0,The First Harmful Event was Not a Collision with a Motor Vehicle in Transport,1,Yes,5,Entrance/Exit Ramp Related,1,Not an Intersection,0,None,,,4,On Roadside,1,Daylight,,,,,1,Clear,0,No,0000000,Not Applicable,99,Unknown,98,Unknown if Notified,99,Unknown EMS Scene Arrival Hour,98,Unknown if Arrived,88,"Not Applicable (Not Transported) ",88,Not Applicable (Not Transported),,,,,,,1,
2023,40,400072,Oklahoma,1,1,0,0,0,1,1,71,KAY (71),0,NOT APPLICABLE,25,25,2,February,2023,7,Saturday,3,3:00am-3:59am,0,0,0,This Section IS NOT on the NHS,2,Urban,4,Minor Arterial,2,County Highway Agency,4,County,CR-HUBBARD,,0,None,36.75320000,36.75320000,-97.110500000,-97.11050000,0,No Special Jurisdiction,34,Ditch,0,The First Harmful Event was Not a Collision with a Motor Vehicle in Transport,0,No,1,Non-Junction,1,Not an Intersection,0,None,,,4,On Roadside,2,Dark - Not Lighted,,,,,1,Clear,0,No,0000000,Not Applicable,99,Unknown,98,Unknown if Notified,99,Unknown EMS Scene Arrival Hour,98,Unknown if Arrived,88,"Not Applicable (Not Transported) ",88,Not Applicable (Not Transported),,,,,,,1,
2023,40,400073,Oklahoma,2,2,0,0,0,3,3,47,GARFIELD (47),0,NOT APPLICABLE,26,26,2,February,2023,1,Sunday,15,3:00pm-3:59pm,54,54,0,This Section IS NOT on the NHS,1,Rural,4,Minor Arterial,1,State Highway Agency,2,U.S. Highway,US-60,ROBERTSON RD,74,74,36.49240000,36.49240000,-97.872600000,-97.87260000,0,No Special Jurisdiction,12,Motor Vehicle In-Transport,6,Angle,0,No,2,Intersection,2,Four-Way Intersection,0,None,,,1,On Roadway,1,Daylight,,,,,1,Clear,0,No,0000000,Not Applicable,99,Unknown,99,Unknown,99,Unknown EMS Scene Arrival Hour,99,Unknown EMS Scene Arrival Minutes,99,Unknown,99,Unknown EMS Hospital Arrival Time,,,,,,,1,
2023,40,400074,Oklahoma,2,2,0,0,0,2,2,119,PAYNE (119),0,NOT APPLICABLE,27,27,2,February,2023,2,Monday,17,5:00pm-5:59pm,35,35,0,This Section IS NOT on the NHS,2,Urban,3,Other Principal Arterial,1,State Highway Agency,2,U.S. Highway,US-177,E 44TH ST,60,60,36.07250000,36.07250000,-97.051300000,-97.05130000,0,No Special Jurisdiction,12,Motor Vehicle In-Transport,6,Angle,0,No,2,Intersection,2,Four-Way Intersection,0,None,,,1,On Roadway,1,Daylight,,,,,1,Clear,0,No,0000000,Not Applicable,99,Unknown,99,Unknown,99,Unknown EMS Scene Arrival Hour,99,Unknown EMS Scene Arrival Minutes,99,Unknown,99,Unknown EMS Hospital Arrival Time,,,,,,,1,
2023,40,400075,Oklahoma,2,2,0,0,0,3,3,5,ATOKA (5),0,NOT APPLICABLE,4,4,3,March,2023,7,Saturday,15,3:00pm-3:59pm,39,39,1,This Section IS ON the NHS,1,Rural,3,Other Principal Arterial,1,State Highway Agency,2,U.S. Highway,US-69 OK-43,CR-FREDS FISH CAMP,95,95,34.48790000,34.48790000,-96.048800000,-96.04880000,0,No Special Jurisdiction,12,Motor Vehicle In-Transport,6,Angle,0,No,2,Intersection,3,T-Intersection,0,None,,,1,On Roadway,1,Daylight,,,,,1,Clear,0,No,0000000,Not Applicable,99,Unknown,99,Unknown,99,Unknown EMS Scene Arrival Hour,99,Unknown EMS Scene Arrival Minutes,99,Unknown,99,Unknown EMS Hospital Arrival Time,,,,,,,1,
2023,40,400076,Oklahoma,2,1,1,0,0,1,1,137,STEPHENS (137),0,NOT APPLICABLE,5,5,3,March,2023,1,Sunday,0,0:00am-0:59am,54,54,0,This Section IS NOT on the NHS,1,Rural,7,Local,2,County Highway Agency,4,County,CR-E1850,,0,None,34.33340000,34.33340000,-98.080100000,-98.08010000,0,No Special Jurisdiction,14,Parked Motor Vehicle,0,The First Harmful Event was Not a Collision with a Motor Vehicle in Transport,0,No,1,Non-Junction,1,Not an Intersection,0,None,,,4,On Roadside,2,Dark - Not Lighted,,,,,1,Clear,0,No,0000000,Not Applicable,99,Unknown,98,Unknown if Notified,99,Unknown EMS Scene Arrival Hour,98,Unknown if Arrived,88,"Not Applicable (Not Transported) ",88,Not Applicable (Not Transported),,,,,,,1,
2023,40,400077,Oklahoma,2,2,0,0,0,2,2,43,DEWEY (43),0,NOT APPLICABLE,6,6,3,March,2023,2,Monday,8,8:00am-8:59am,6,6,1,This Section IS ON the NHS,1,Rural,3,Other Principal Arterial,1,State Highway Agency,2,U.S. Highway,US-270 US-281,,230,230,35.89360000,35.89360000,-98.653900000,-98.65390000,0,No Special Jurisdiction,12,Motor Vehicle In-Transport,6,Angle,0,No,1,Non-Junction,1,Not an Intersection,0,None,,,1,On Roadway,1,Daylight,,,,,1,Clear,0,No,0000000,Not Applicable,99,Unknown,99,Unknown,99,Unknown EMS Scene Arrival Hour,99,Unknown EMS Scene Arrival Minutes,99,Unknown,99,Unknown EMS Hospital Arrival Time,,,,,,,1,
2023,40,400078,Oklahoma,1,1,0,0,0,1,1,79,LE FLORE (79),0,NOT APPLICABLE,8,8,3,March,2023,4,Wednesday,4,4:00am-4:59am,17,17,0,This Section IS NOT on the NHS,1,Rural,5,Major Collector,1,State Highway Agency,3,State Highway,SR-1,,19,19,34.79590000,34.79590000,-94.923600000,-94.92360000,0,No Special Jurisdiction,24,Guardrail Face,0,The First Harmful Event was Not a Collision with a Motor Vehicle in Transport,0,No,1,Non-Junction,1,Not an Intersection,0,None,,,4,On Roadside,2,Dark - Not Lighted,,,,,2,Rain,0,No,0000000,Not Applicable,99,Unknown,98,Unknown if Notified,99,Unknown EMS Scene Arrival Hour,98,Unknown if Arrived,88,"Not Applicable (Not Transported) ",88,Not Applicable (Not Transported),,,,,,,1,
2023,40,400079,Oklahoma,2,2,0,0,0,6,6,37,CREEK (37),0,NOT APPLICABLE,8,8,3,March,2023,4,Wednesday,6,6:00am-6:59am,50,50,1,This Section IS ON the NHS,1,Rural,1,Interstate,1,State Highway Agency,1,Interstate,I-44 TURNER TURNPIKE,,0,None,35.80170000,35.80170000,-96.551200000,-96.55120000,0,No Special Jurisdiction,25,Concrete Traffic Barrier,0,The First Harmful Event was Not a Collision with a Motor Vehicle in Transport,0,No,1,Non-Junction,1,Not an Intersection,0,None,,,3,On Median,4,Dawn,,,,,10,Cloudy,0,No,0000000,Not Applicable,99,Unknown,99,Unknown,99,Unknown EMS Scene Arrival Hour,99,Unknown EMS Scene Arrival Minutes,99,Unknown,99,Unknown EMS Hospital Arrival Time,,,,,,,1,
2023,40,400080,Oklahoma,1,1,0,1,1,1,1,1,ADAIR (1),0,NOT APPLICABLE,10,10,3,March,2023,6,Friday,12,12:00pm-12:59pm,35,35,1,This Section IS ON the NHS,1,Rural,3,Other Principal Arterial,1,State Highway Agency,2,U.S. Highway,US-59,,85,85,35.94120000,35.94120000,-94.600700000,-94.60070000,0,No Special Jurisdiction,9,Pedalcyclist,0,The First Harmful Event was Not a Collision with a Motor Vehicle in Transport,0,No,1,Non-Junction,1,Not an Intersection,0,None,,,1,On Roadway,1,Daylight,,,,,1,Clear,0,No,0000000,Not Applicable,99,Unknown,98,Unknown if Notified,99,Unknown EMS Scene Arrival Hour,98,Unknown if Arrived,88,"Not Applicable (Not Transported) ",88,Not Applicable (Not Transported),,,,,,,1,
2023,40,400081,Oklahoma,2,2,0,0,0,2,2,115,OTTAWA (115),0,NOT APPLICABLE,11,11,3,March,2023,7,Saturday,7,7:00am-7:59am,10,10,0,This Section IS NOT on the NHS,1,Rural,4,Minor Arterial,1,State Highway Agency,2,U.S. Highway,US-69A,,10,10,36.94370000,36.94370000,-94.812600000,-94.81260000,0,No Special Jurisdiction,12,Motor Vehicle In-Transport,2,Front-to-Front,0,No,1,Non-Junction,1,Not an Intersection,0,None,,,1,On Roadway,1,Daylight,,,,,10,Cloudy,0,No,0000000,Not Applicable,99,Unknown,98,Unknown if Notified,99,Unknown EMS Scene Arrival Hour,98,Unknown if Arrived,88,"Not Applicable (Not Transported) ",88,Not Applicable (Not Transported),,,,,,,2,
2023,40,400082,Oklahoma,2,2,0,2,2,2,2,143,TULSA (143),4780,TULSA,1,1,3,March,2023,4,Wednesday,10,10:00am-10:59am,43,43,0,This Section IS NOT on the NHS,2,Urban,4,Minor Arterial,4,City or Municipal Highway Agency,0,Not Signed,N YALE AVE,E ADMIRAL BLVD,0,None,36.15980000,36.15980000,-95.922500000,-95.92250000,0,No Special Jurisdiction,33,Curb,0,The First Harmful Event was Not a Collision with a Motor Vehicle in Transport,0,No,3,Intersection-Related,2,Four-Way Intersection,0,None,,,4,On Roadside,1,Daylight,,,,,10,Cloudy,0,No,0000000,Not Applicable,99,Unknown,99,Unknown,99,Unknown EMS Scene Arrival Hour,99,Unknown EMS Scene Arrival Minutes,99,Unknown,99,Unknown EMS Hospital Arrival Time,,,,,,,1,
2023,40,400083,Oklahoma,1,1,0,0,0,1,1,1,ADAIR (1),4470,STILWELL,9,9,1,January,2023,2,Monday,15,3:00pm-3:59pm,39,39,0,This Section IS NOT on the NHS,1,Rural,5,Major Collector,1,State Highway Agency,3,State Highway,SR-51,,0,None,35.82665833,35.82665833,-94.626380560,-94.62638056,0,No Special Jurisdiction,10,Railway Vehicle,0,The First Harmful Event was Not a Collision with a Motor Vehicle in Transport,0,No,6,"Railway Grade Crossing ",1,Not an Intersection,0,None,,,1,On Roadway,1,Daylight,,,,,1,Clear,0,No,330625H,330625H,99,Unknown,99,Unknown,99,Unknown EMS Scene Arrival Hour,99,Unknown EMS Scene Arrival Minutes,99,Unknown,99,Unknown EMS Hospital Arrival Time,,,,,,,1,
2023,40,400084,Oklahoma,2,2,0,0,0,2,2,109,OKLAHOMA (109),1300,DEL CITY,22,22,2,February,2023,4,Wednesday,18,6:00pm-6:59pm,29,29,0,This Section IS NOT on the NHS,2,Urban,3,Other Principal Arterial,4,City or Municipal Highway Agency,0,Not Signed,S SUNNYLANE RD,MALLARD DR,0,None,35.44292500,35.44292500,-97.441497220,-97.44149722,0,No Special Jurisdiction,12,Motor Vehicle In-Transport,6,Angle,0,No,3,Intersection-Related,3,T-Intersection,0,None,,,1,On Roadway,5,Dusk,,,,,1,Clear,0,No,0000000,Not Applicable,99,Unknown,99,Unknown,99,Unknown EMS Scene Arrival Hour,99,Unknown EMS Scene Arrival Minutes,99,Unknown,99,Unknown EMS Hospital Arrival Time,,,,,,,1,
2023,40,400085,Oklahoma,1,1,0,2,2,1,1,143,TULSA (143),4780,TULSA,4,4,3,March,2023,7,Saturday,14,2:00pm-2:59pm,35,35,0,This Section IS NOT on the NHS,2,Urban,4,Minor Arterial,4,City or Municipal Highway Agency,0,Not Signed,E 61ST ST,,0,None,36.07518889,36.07518889,-95.962663890,-95.96266389,0,No Special Jurisdiction,8,Pedestrian,0,The First Harmful Event was Not a Collision with a Motor Vehicle in Transport,0,No,1,Non-Junction,1,Not an Intersection,0,None,,,6,Off Roadway-Location Unknown,1,Daylight,,,,,1,Clear,0,No,0000000,Not Applicable,99,Unknown,99,Unknown,99,Unknown EMS Scene Arrival Hour,99,Unknown EMS Scene Arrival Minutes,99,Unknown,99,Unknown EMS Hospital Arrival Time,,,,,,,1,
2023,40,400086,Oklahoma,1,1,0,0,0,4,4,37,CREEK (37),0,NOT APPLICABLE,8,8,3,March,2023,4,Wednesday,15,3:00pm-3:59pm,40,40,0,This Section IS NOT on the NHS,2,Urban,5,Major Collector,2,County Highway Agency,4,County,CR-S 161ST W AVE,,0,None,36.01910000,36.01910000,-96.172400000,-96.17240000,0,No Special Jurisdiction,42,Tree (Standing Only),0,The First Harmful Event was Not a Collision with a Motor Vehicle in Transport,0,No,1,Non-Junction,1,Not an Intersection,0,None,,,4,On Roadside,1,Daylight,,,,,10,Cloudy,0,No,0000000,Not Applicable,99,Unknown,99,Unknown,99,Unknown EMS Scene Arrival Hour,99,Unknown EMS Scene Arrival Minutes,99,Unknown,99,Unknown EMS Hospital Arrival Time,,,,,,,3,
2023,40,400087,Oklahoma,2,2,0,0,0,4,4,143,TULSA (143),4780,TULSA,11,11,3,March,2023,7,Saturday,16,4:00pm-4:59pm,0,0,0,This Section IS NOT on the NHS,2,Urban,4,Minor Arterial,4,City or Municipal Highway Agency,0,Not Signed,E 11TH ST,,0,None,36.14790000,36.14790000,-95.885000000,-95.88500000,0,No Special Jurisdiction,12,Motor Vehicle In-Transport,1,Front-to-Rear,0,No,1,Non-Junction,1,Not an Intersection,0,None,,,1,On Roadway,1,Daylight,,,,,10,Cloudy,0,No,0000000,Not Applicable,99,Unknown,99,Unknown,99,Unknown EMS Scene Arrival Hour,99,Unknown EMS Scene Arrival Minutes,99,Unknown,99,Unknown EMS Hospital Arrival Time,,,,,,,1,