caseyear,state,st_case,statename,ve_total,ve_forms,pvh_invl,peds,pernotmvit,permvit,persons,county,countyname,city,cityname,day,dayname,month,monthname,year,day_week,day_weekname,hour,hourname,minute,minutename,nhs,nhsname,rur_urb,rur_urbname,func_sys,func_sysname,rd_owner,rd_ownername,route,routename,tway_id,tway_id2,milept,mileptname,latitude,latitudename,longitud,longitudname,sp_jur,sp_jurname,harm_ev,harm_evname,man_coll,man_collname,reljct1,reljct1name,reljct2,reljct2name,typ_int,typ_intname,wrk_zone,wrk_zonename,road_fnc,road_fncname,rel_road,rel_roadname,lgt_cond,lgt_condname,weather1,weather1name,weather2,weather2name,weather,weathername,sch_bus,sch_busname,rail,railname,not_hour,not_hourname,not_min,not_minname,arr_hour,arr_hourname,arr_min,arr_minname,hosp_hr,hosp_hrname,hosp_mn,hosp_mnname,cf1,cf1name,cf2,cf2name,cf3,cf3name,fatals,drunk_dr
2023,40,400582,Oklahoma,2,2,0,0,0,3,3,143,TULSA (143),1870,GLENPOOL,27,27,6,June,2023,3,Tuesday,99,Unknown Hours,99,Unknown Minutes,1,This Section IS ON the NHS,2,Urban,3,Other Principal Arterial,1,State Highway Agency,2,U.S. Highway,US-75,181ST ST S,0,None,35.90105833,35.90105833,-96.015991670,-96.01599167,0,No Special Jurisdiction,12,Motor Vehicle In-Transport,6,Angle,0,No,2,Intersection,2,Four-Way Intersection,0,None,,,1,On Roadway,1,Daylight,,,,,1,Clear,0,No,0000000,Not Applicable,99,Unknown,99,Unknown,99,Unknown EMS Scene Arrival Hour,99,Unknown EMS Scene Arrival Minutes,99,Unknown,99,Unknown EMS Hospital Arrival Time,,,,,,,1,
2023,40,400583,Oklahoma,1,1,0,0,0,1,1,51,GRADY (51),0,NOT APPLICABLE,30,30,9,September,2023,7,Saturday,21,9:00pm-9:59pm,37,37,0,This Section IS NOT on the NHS,1,Rural,4,Minor Arterial,1,State Highway Agency,2,U.S. Highway,US-62,,99998,Not Reported,35.12430000,35.12430000,-97.673588890,-97.67358889,0,No Special Jurisdiction,1,Rollover/Overturn,0,The First Harmful Event was Not a Collision with a Motor Vehicle in Transport,0,No,1,Non-Junction,1,Not an Intersection,0,None,,,4,On Roadside,2,Dark - Not Lighted,,,,,1,Clear,0,No,0000000,Not Applicable,21,9:00pm-9:59pm,15,15,21,9:00pm-9:59pm,21,21,22,10:00pm-10:59pm,7,7,,,,,,,1,
2023,40,400584,Oklahoma,2,2,0,0,0,2,2,143,TULSA (143),1870,GLENPOOL,3,3,11,November,2023,6,Friday,14,2:00pm-2:59pm,34,34,1,This Section IS ON the NHS,2,Urban,3,Other Principal Arterial,1,State Highway Agency,2,U.S. Highway,US-75 S UNION AVE,S 166TH W AVE,0,None,35.92286389,35.92286389,-96.012030560,-96.01203056,0,No Special Jurisdiction,12,Motor Vehicle In-Transport,6,Angle,0,No,2,Intersection,3,T-Intersection,0,None,,,1,On Roadway,1,Daylight,,,,,1,Clear,0,No,0000000,Not Applicable,99,Unknown,99,Unknown,99,Unknown EMS Scene Arrival Hour,99,Unknown EMS Scene Arrival Minutes,99,Unknown,99,Unknown EMS Hospital Arrival Time,,,,,,,1,
2023,40,400585,Oklahoma,3,3,0,0,0,3,3,89,MCCURTAIN (89),2370,IDABEL,10,10,11,November,2023,6,Friday,15,3:00pm-3:59pm,12,12,1,This Section IS ON the NHS,2,Urban,3,Other Principal Arterial,1,State Highway Agency,2,U.S. Highway,US-259 E LINCOLN RD,LYNN LANE,0,None,33.88093333,33.88093333,-94.809013890,-94.80901389,0,No Special Jurisdiction,12,Motor Vehicle In-Transport,6,Angle,0,No,2,Intersection,2,Four-Way Intersection,0,None,,,1,On Roadway,1,Daylight,,,,,1,Clear,0,No,0000000,Not Applicable,99,Unknown,99,Unknown,99,Unknown EMS Scene Arrival Hour,99,Unknown EMS Scene Arrival Minutes,99,Unknown,99,Unknown EMS Hospital Arrival Time,,,,,,,1,
2023,40,400586,Oklahoma,2,2,0,0,0,2,2,79,LE FLORE (79),3840,POTEAU,10,10,11,November,2023,6,Friday,16,4:00pm-4:59pm,24,24,1,This Section IS ON the NHS,1,Rural,3,Other Principal Arterial,1,State Highway Agency,2,U.S. Highway,US-59 US-271 N BROADWAY ST,,99998,Not Reported,35.10571667,35.10571667,-94.639194440,-94.63919444,0,No Special Jurisdiction,12,Motor Vehicle In-Transport,1,Front-to-Rear,0,No,1,Non-Junction,1,Not an Intersection,0,None,,,1,On Roadway,1,Daylight,,,,,1,Clear,0,No,0000000,Not Applicable,99,Unknown,99,Unknown,99,Unknown EMS Scene Arrival Hour,99,Unknown EMS Scene Arrival Minutes,99,Unknown,99,Unknown EMS Hospital Arrival Time,,,,,,,1,
2023,40,400587,Oklahoma,2,2,0,0,0,4,4,143,TULSA (143),1870,GLENPOOL,13,13,11,November,2023,2,Monday,21,9:00pm-9:59pm,23,23,1,This Section IS ON the NHS,2,Urban,3,Other Principal Arterial,1,State Highway Agency,2,U.S. Highway,US-75,W 181ST ST S,0,None,35.90110278,35.90110278,-96.015763890,-96.01576389,0,No Special Jurisdiction,12,Motor Vehicle In-Transport,6,Angle,0,No,2,Intersection,2,Four-Way Intersection,0,None,,,1,On Roadway,2,Dark - Not Lighted,,,,,1,Clear,0,No,0000000,Not Applicable,99,Unknown,99,Unknown,99,Unknown EMS Scene Arrival Hour,99,Unknown EMS Scene Arrival Minutes,99,Unknown,99,Unknown EMS Hospital Arrival Time,,,,,,,1,
2023,40,400588,Oklahoma,1,1,0,1,1,1,1,101,MUSKOGEE (101),3310,MUSKOGEE,17,17,2,February,2023,6,Friday,22,10:00pm-10:59pm,29,29,0,This Section IS NOT on the NHS,2,Urban,7,Local,4,City or Municipal Highway Agency,0,Not Signed,GULICK ST,,0,None,35.72523611,35.72523611,-95.358169440,-95.35816944,0,No Special Jurisdiction,8,Pedestrian,0,The First Harmful Event was Not a Collision with a Motor Vehicle in Transport,0,No,1,Non-Junction,1,Not an Intersection,0,None,,,1,On Roadway,2,Dark - Not Lighted,,,,,1,Clear,0,No,0000000,Not Applicable,99,Unknown,99,Unknown,99,Unknown EMS Scene Arrival Hour,99,Unknown EMS Scene Arrival Minutes,99,Unknown,99,Unknown EMS Hospital Arrival Time,,,,,,,1,
2023,40,400589,Oklahoma,1,1,0,1,1,1,1,125,POTTAWATOMIE (125),4300,SHAWNEE,26,26,4,April,2023,4,Wednesday,4,4:00am-4:59am,22,22,0,This Section IS NOT on the NHS,2,Urban,3,Other Principal Arterial,1,State Highway Agency,2,U.S. Highway,US-177 US-270,,0,None,35.36138889,35.36138889,-96.970400000,-96.97040000,0,No Special Jurisdiction,8,Pedestrian,0,The First Harmful Event was Not a Collision with a Motor Vehicle in Transport,0,No,1,Non-Junction,1,Not an Intersection,0,None,,,1,On Roadway,2,Dark - Not Lighted,,,,,2,Rain,0,No,0000000,Not Applicable,99,Unknown,98,Unknown if Notified,99,Unknown EMS Scene Arrival Hour,98,Unknown if Arrived,88,"Not Applicable (Not Transported) ",88,Not Applicable (Not Transported),,,,,,,1,
2023,40,400590,Oklahoma,1,1,0,0,0,1,1,149,WASHITA (149),0,NOT APPLICABLE,8,8,6,June,2023,5,Thursday,18,6:00pm-6:59pm,27,27,0,This Section IS NOT on the NHS,1,Rural,5,Major Collector,1,State Highway Agency,3,State Highway,SR-152,,99998,Not Reported,35.29076111,35.29076111,-98.671019440,-98.67101944,0,No Special Jurisdiction,32,Culvert,0,The First Harmful Event was Not a Collision with a Motor Vehicle in Transport,0,No,1,Non-Junction,1,Not an Intersection,0,None,,,4,On Roadside,1,Daylight,,,,,1,Clear,0,No,0000000,Not Applicable,99,Unknown,99,Unknown,99,Unknown EMS Scene Arrival Hour,99,Unknown EMS Scene Arrival Minutes,99,Unknown,99,Unknown EMS Hospital Arrival Time,,,,,,,1,
2023,40,400591,Oklahoma,2,2,0,0,0,3,3,135,SEQUOYAH (135),0,NOT APPLICABLE,10,10,6,June,2023,7,Saturday,18,6:00pm-6:59pm,22,22,0,This Section IS NOT on the NHS,1,Rural,5,Major Collector,2,County Highway Agency,4,County,CR-N4620,CR-E1040,0,None,35.50706111,35.50706111,-94.796530560,-94.79653056,0,No Special Jurisdiction,12,Motor Vehicle In-Transport,6,Angle,0,No,2,Intersection,2,Four-Way Intersection,0,None,,,1,On Roadway,1,Daylight,,,,,1,Clear,0,No,0000000,Not Applicable,99,Unknown,99,Unknown,99,Unknown EMS Scene Arrival Hour,99,Unknown EMS Scene Arrival Minutes,99,Unknown,99,Unknown EMS Hospital Arrival Time,,,,,,,1,
2023,40,400592,Oklahoma,1,1,0,0,0,2,2,121,PITTSBURG (121),2930,MCALESTER,1,1,1,January,2023,1,Sunday,1,1:00am-1:59am,0,0,1,This Section IS ON the NHS,2,Urban,3,Other Principal Arterial,1,State Highway Agency,2,U.S. Highway,US-69,,0,None,34.91170000,34.91170000,-95.745175000,-95.74517500,0,No Special Jurisdiction,5,Fell/Jumped from Vehicle,0,The First Harmful Event was Not a Collision with a Motor Vehicle in Transport,0,No,1,Non-Junction,1,Not an Intersection,0,None,,,1,On Roadway,3,Dark - Lighted,,,,,1,Clear,0,No,0000000,Not Applicable,99,Unknown,99,Unknown,99,Unknown EMS Scene Arrival Hour,99,Unknown EMS Scene Arrival Minutes,99,Unknown,99,Unknown EMS Hospital Arrival Time,,,,,,,1,
2023,40,400593,Oklahoma,2,2,0,0,0,1,1,79,LE FLORE (79),3840,POTEAU,1,1,5,May,2023,2,Monday,13,1:00pm-1:59pm,40,40,1,This Section IS ON the NHS,1,Rural,3,Other Principal Arterial,1,State Highway Agency,2,U.S. Highway,US-59,,0,None,35.05225833,35.05225833,-94.625433330,-94.62543333,0,No Special Jurisdiction,33,Curb,0,The First Harmful Event was Not a Collision with a Motor Vehicle in Transport,0,No,1,Non-Junction,1,Not an Intersection,0,None,,,4,On Roadside,1,Daylight,,,,,1,Clear,0,No,0000000,Not Applicable,99,Unknown,98,Unknown if Notified,99,Unknown EMS Scene Arrival Hour,98,Unknown if Arrived,88,"Not Applicable (Not Transported) ",88,Not Applicable (Not Transported),,,,,,,1,
2023,40,400595,Oklahoma,2,2,0,0,0,2,2,13,BRYAN (13),1430,DURANT,17,17,5,May,2023,4,Wednesday,19,7:00pm-7:59pm,41,41,0,This Section IS NOT on the NHS,2,Urban,4,Minor Arterial,4,City or Municipal Highway Agency,0,Not Signed,S 9TH AVE,CHOCTAW RD,0,None,33.95417222,33.95417222,-96.406288890,-96.40628889,0,No Special Jurisdiction,12,Motor Vehicle In-Transport,6,Angle,0,No,2,Intersection,3,T-Intersection,0,None,,,1,On Roadway,1,Daylight,,,,,10,Cloudy,0,No,0000000,Not Applicable,99,Unknown,98,Unknown if Notified,99,Unknown EMS Scene Arrival Hour,98,Unknown if Arrived,88,"Not Applicable (Not Transported) ",88,Not Applicable (Not Transported),,,,,,,1,
2023,40,400596,Oklahoma,2,2,0,0,0,3,3,41,DELAWARE (41),1990,GROVE,30,30,6,June,2023,6,Friday,18,6:00pm-6:59pm,34,34,0,This Section IS NOT on the NHS,2,Urban,3,Other Principal Arterial,1,State Highway Agency,2,U.S. Highway,US-59,,0,None,36.63193889,36.63193889,-94.815061110,-94.81506111,0,No Special Jurisdiction,12,Motor Vehicle In-Transport,1,Front-to-Rear,0,No,1,Non-Junction,1,Not an Intersection,0,None,,,1,On Roadway,1,Daylight,,,,,1,Clear,0,No,0000000,Not Applicable,99,Unknown,99,Unknown,99,Unknown EMS Scene Arrival Hour,99,Unknown EMS Scene Arrival Minutes,99,Unknown,99,Unknown EMS Hospital Arrival Time,,,,,,,1,
2023,40,400597,Oklahoma,1,1,0,0,0,1,1,27,CLEVELAND (27),3430,NORMAN,2,2,7,July,2023,1,Sunday,0,0:00am-0:59am,24,24,1,This Section IS ON the NHS,2,Urban,1,Interstate,1,State Highway Agency,1,Interstate,I-35 EXIT RAMP,,0,None,35.20487778,35.20487778,-97.480463890,-97.48046389,0,No Special Jurisdiction,21,Bridge Pier or Support,0,The First Harmful Event was Not a Collision with a Motor Vehicle in Transport,1,Yes,5,Entrance/Exit Ramp Related,1,Not an Intersection,0,None,,,8,Gore,3,Dark - Lighted,,,,,1,Clear,0,No,0000000,Not Applicable,99,Unknown,98,Unknown if Notified,99,Unknown EMS Scene Arrival Hour,98,Unknown if Arrived,88,"Not Applicable (Not Transported) ",88,Not Applicable (Not Transported),,,,,,,1,
2023,40,400598,Oklahoma,2,2,0,0,0,2,2,121,PITTSBURG (121),4205,SAVANNA,13,13,7,July,2023,5,Thursday,15,3:00pm-3:59pm,59,59,1,This Section IS ON the NHS,1,Rural,3,Other Principal Arterial,1,State Highway Agency,2,U.S. Highway,US-69,,0,None,34.83668056,34.83668056,-95.836336110,-95.83633611,0,No Special Jurisdiction,12,Motor Vehicle In-Transport,2,Front-to-Front,0,No,1,Non-Junction,1,Not an Intersection,0,None,,,1,On Roadway,1,Daylight,,,,,1,Clear,0,No,0000000,Not Applicable,99,Unknown,99,Unknown,99,Unknown EMS Scene Arrival Hour,99,Unknown EMS Scene Arrival Minutes,99,Unknown,99,Unknown EMS Hospital Arrival Time,,,,,,,1,
2023,40,400599,Oklahoma,2,2,0,0,0,4,4,79,LE FLORE (79),3840,POTEAU,21,21,7,July,2023,6,Friday,21,9:00pm-9:59pm,6,6,0,This Section IS NOT on the NHS,1,Rural,4,Minor Arterial,1,State Highway Agency,2,U.S. Highway,US-271,,0,None,35.01499167,35.01499167,-94.669408330,-94.66940833,0,No Special Jurisdiction,12,Motor Vehicle In-Transport,2,Front-to-Front,0,No,1,Non-Junction,1,Not an Intersection,4,"Work Zone, Type Unknown",,,1,On Roadway,2,Dark - Not Lighted,,,,,10,Cloudy,0,No,0000000,Not Applicable,99,Unknown,99,Unknown,99,Unknown EMS Scene Arrival Hour,99,Unknown EMS Scene Arrival Minutes,99,Unknown,99,Unknown EMS Hospital Arrival Time,,,,,,,2,
2023,40,400600,Oklahoma,1,1,0,0,0,1,1,147,WASHINGTON (147),300,BARTLESVILLE,22,22,7,July,2023,7,Saturday,1,1:00am-1:59am,55,55,1,This Section IS ON the NHS,2,Urban,3,Other Principal Arterial,1,State Highway Agency,2,U.S. Highway,US-75,,0,None,36.75865278,36.75865278,-95.935511110,-95.93551111,0,No Special Jurisdiction,25,Concrete Traffic Barrier,0,The First Harmful Event was Not a Collision with a Motor Vehicle in Transport,0,No,1,Non-Junction,1,Not an Intersection,0,None,,,3,On Median,3,Dark - Lighted,,,,,1,Clear,0,No,0000000,Not Applicable,99,Unknown,99,Unknown,99,Unknown EMS Scene Arrival Hour,99,Unknown EMS Scene Arrival Minutes,99,Unknown,99,Unknown EMS Hospital Arrival Time,,,,,,,1,
2023,40,400601,Oklahoma,1,1,0,0,0,2,2,109,OKLAHOMA (109),3550,OKLAHOMA CITY,29,29,7,July,2023,7,Saturday,5,5:00am-5:59am,2,2,1,This Section IS ON the NHS,2,Urban,3,Other Principal Arterial,1,State Highway Agency,3,State Highway,SR-3,WILSHIRE BLVD,0,None,35.55159722,35.55159722,-97.623655560,-97.62365556,0,No Special Jurisdiction,5,Fell/Jumped from Vehicle,0,The First Harmful Event was Not a Collision with a Motor Vehicle in Transport,0,No,2,Intersection,2,Four-Way Intersection,0,None,,,1,On Roadway,3,Dark - Lighted,,,,,1,Clear,0,No,0000000,Not Applicable,99,Unknown,99,Unknown,99,Unknown EMS Scene Arrival Hour,99,Unknown EMS Scene Arrival Minutes,99,Unknown,99,Unknown EMS Hospital Arrival Time,,,,,,,1,
2023,40,400602,Oklahoma,1,1,0,0,0,1,1,27,CLEVELAND (27),3430,NORMAN,7,7,8,August,2023,2,Monday,8,8:00am-8:59am,51,51,0,This Section IS NOT on the NHS,2,Urban,7,Local,4,City or Municipal Highway Agency,0,Not Signed,SADDLEBACK BLVD,48TH AVE NW,0,None,35.24056389,35.24056389,-97.512055560,-97.51205556,0,No Special Jurisdiction,34,Ditch,0,The First Harmful Event was Not a Collision with a Motor Vehicle in Transport,0,No,3,Intersection-Related,3,T-Intersection,0,None,,,4,On Roadside,1,Daylight,,,,,1,Clear,0,No,0000000,Not Applicable,8,8:00am-8:59am,53,53,9,9:00am-9:59am,2,2,9,9:00am-9:59am,27,27,,,,,,,1,
2023,40,400603,Oklahoma,1,1,0,1,1,0,0,109,OKLAHOMA (109),1480,EDMOND,17,17,8,August,2023,5,Thursday,23,11:00pm-11:59pm,44,44,0,This Section IS NOT on the NHS,6,Trafficway Not in State Inventory,96,Trafficway Not in State Inventory,96,Trafficway Not in State Inventory,96,Trafficway Not in State Inventory,EZ MART PARKING LOT,,0,None,35.65311111,35.65311111,-97.487316670,-97.48731667,0,No Special Jurisdiction,8,Pedestrian,0,The First Harmful Event was Not a Collision with a Motor Vehicle in Transport,0,No,1,Non-Junction,1,Not an Intersection,0,None,,,1,On Roadway,3,Dark - Lighted,,,,,1,Clear,0,No,0000000,Not Applicable,99,Unknown,99,Unknown,99,Unknown EMS Scene Arrival Hour,99,Unknown EMS Scene Arrival Minutes,99,Unknown,99,Unknown EMS Hospital Arrival Time,,,,,,,1,
2023,40,400604,Oklahoma,1,1,0,0,0,1,1,47,GARFIELD (47),1550,ENID,12,12,9,September,2023,3,Tuesday,0,0:00am-0:59am,31,31,0,This Section IS NOT on the NHS,2,Urban,4,Minor Arterial,4,City or Municipal Highway Agency,0,Not Signed,RANDOLPH,,0,None,36.39787778,36.39787778,-97.871241670,-97.87124167,0,No Special Jurisdiction,33,Curb,0,The First Harmful Event was Not a Collision with a Motor Vehicle in Transport,0,No,8,Driveway Access Related,1,Not an Intersection,0,None,,,4,On Roadside,6,Dark - Unknown Lighting,,,,,1,Clear,0,No,0000000,Not Applicable,99,Unknown,98,Unknown if Notified,99,Unknown EMS Scene Arrival Hour,98,Unknown if Arrived,99,Unknown,98,Unknown if Transported,,,,,,,1,
2023,40,400605,Oklahoma,2,2,0,0,0,2,2,111,OKMULGEE (111),0,NOT APPLICABLE,14,14,9,September,2023,5,Thursday,16,4:00pm-4:59pm,6,6,0,This Section IS NOT on the NHS,1,Rural,5,Major Collector,1,State Highway Agency,3,State Highway,SR-16,CR-N3860 DENTONVILLE,99998,Not Reported,35.74080000,35.74080000,-96.139219440,-96.13921944,0,No Special Jurisdiction,12,Motor Vehicle In-Transport,2,Front-to-Front,0,No,2,Intersection,2,Four-Way Intersection,0,None,,,1,On Roadway,1,Daylight,,,,,1,Clear,0,No,0000000,Not Applicable,23,11:00pm-11:59pm,3,3,23,11:00pm-11:59pm,25,25,0,0:00am-0:59am,8,8,,,,,,,1,
2023,40,400606,Oklahoma,3,3,0,0,0,5,5,143,TULSA (143),4780,TULSA,17,17,9,September,2023,1,Sunday,15,3:00pm-3:59pm,30,30,1,This Section IS ON the NHS,2,Urban,2,Other Freeways and Expressways,1,State Highway Agency,2,U.S. Highway,US-169,,0,None,36.23135000,36.23135000,-95.849388890,-95.84938889,0,No Special Jurisdiction,12,Motor Vehicle In-Transport,1,Front-to-Rear,0,No,1,Non-Junction,1,Not an Intersection,0,None,,,1,On Roadway,1,Daylight,,,,,1,Clear,0,No,0000000,Not Applicable,99,Unknown,99,Unknown,99,Unknown EMS Scene Arrival Hour,99,Unknown EMS Scene Arrival Minutes,99,Unknown,99,Unknown EMS Hospital Arrival Time,,,,,,,1,
2023,40,400607,Oklahoma,3,3,0,0,0,4,4,123,PONTOTOC (123),20,ADA,21,21,9,September,2023,5,Thursday,9,9:00am-9:59am,55,55,0,This Section IS NOT on the NHS,2,Urban,3,Other Principal Arterial,1,State Highway Agency,2,U.S. Highway,US-377 NW JA RICHARDSON LOOP,N BROADWAY AVE,0,None,34.78984722,34.78984722,-96.678855560,-96.67885556,0,No Special Jurisdiction,12,Motor Vehicle In-Transport,6,Angle,0,No,2,Intersection,2,Four-Way Intersection,0,None,,,1,On Roadway,1,Daylight,,,,,1,Clear,0,No,0000000,Not Applicable,10,10:00am-10:59am,3,3,10,10:00am-10:59am,8,8,10,10:00am-10:59am,28,28,,,,,,,2,
2023,40,400608,Oklahoma,1,1,0,1,1,1,1,47,GARFIELD (47),1550,ENID,11,11,10,October,2023,4,Wednesday,14,2:00pm-2:59pm,57,57,0,This Section IS NOT on the NHS,2,Urban,4,Minor Arterial,4,City or Municipal Highway Agency,0,Not Signed,W CHESNUT,OAKWOOD,0,None,36.40536111,36.40536111,-97.925991670,-97.92599167,0,No Special Jurisdiction,8,Pedestrian,0,The First Harmful Event was Not a Collision with a Motor Vehicle in Transport,0,No,3,Intersection-Related,2,Four-Way Intersection,0,None,,,1,On Roadway,1,Daylight,,,,,1,Clear,0,No,0000000,Not Applicable,99,Unknown,99,Unknown,99,Unknown EMS Scene Arrival Hour,99,Unknown EMS Scene Arrival Minutes,99,Unknown,99,Unknown EMS Hospital Arrival Time,,,,,,,1,
2023,40,400609,Oklahoma,1,1,0,0,0,1,1,109,OKLAHOMA (109),970,CHOCTAW,17,17,10,October,2023,3,Tuesday,14,2:00pm-2:59pm,1,1,0,This Section IS NOT on the NHS,1,Rural,7,Local,4,City or Municipal Highway Agency,0,Not Signed,TRIPLE X RD,,0,None,35.51168056,35.51168056,-97.230452780,-97.23045278,0,No Special Jurisdiction,34,Ditch,0,The First Harmful Event was Not a Collision with a Motor Vehicle in Transport,0,No,1,Non-Junction,1,Not an Intersection,0,None,,,4,On Roadside,1,Daylight,,,,,1,Clear,0,No,0000000,Not Applicable,99,Unknown,98,Unknown if Notified,99,Unknown EMS Scene Arrival Hour,98,Unknown if Arrived,88,"Not Applicable (Not Transported) ",88,Not Applicable (Not Transported),,,,,,,1,
2023,40,400610,Oklahoma,1,1,0,0,0,1,1,109,OKLAHOMA (109),970,CHOCTAW,11,11,11,November,2023,7,Saturday,9,9:00am-9:59am,33,33,0,This Section IS NOT on the NHS,2,Urban,4,Minor Arterial,4,City or Municipal Highway Agency,0,Not Signed,S CHOCTAW RD,,0,None,35.45212222,35.45212222,-97.264933330,-97.26493333,0,No Special Jurisdiction,32,Culvert,0,The First Harmful Event was Not a Collision with a Motor Vehicle in Transport,0,No,1,Non-Junction,1,Not an Intersection,0,None,,,4,On Roadside,1,Daylight,,,,,1,Clear,0,No,0000000,Not Applicable,99,Unknown,99,Unknown,99,Unknown EMS Scene Arrival Hour,99,Unknown EMS Scene Arrival Minutes,99,Unknown,99,Unknown EMS Hospital Arrival Time,,,,,,,1,
2023,40,400611,Oklahoma,2,2,0,0,0,2,2,19,CARTER (19),210,ARDMORE,11,11,3,March,2023,7,Saturday,17,5:00pm-5:59pm,35,35,0,This Section IS NOT on the NHS,2,Urban,4,Minor Arterial,4,City or Municipal Highway Agency,0,Not Signed,N ROCKFORD,MERRICK DR,0,None,34.19390278,34.19390278,-97.160475000,-97.16047500,0,No Special Jurisdiction,12,Motor Vehicle In-Transport,6,Angle,0,No,2,Intersection,2,Four-Way Intersection,0,None,,,1,On Roadway,1,Daylight,,,,,1,Clear,0,No,0000000,Not Applicable,99,Unknown,99,Unknown,99,Unknown EMS Scene Arrival Hour,99,Unknown EMS Scene Arrival Minutes,99,Unknown,99,Unknown EMS Hospital Arrival Time,,,,,,,1,
2023,40,400612,Oklahoma,1,1,0,0,0,1,1,13,BRYAN (13),1430,DURANT,3,3,11,November,2023,6,Friday,12,12:00pm-12:59pm,26,26,1,This Section IS ON the NHS,2,Urban,2,Other Freeways and Expressways,1,State Highway Agency,2,U.S. Highway,US-69,,0,None,33.99917778,33.99917778,-96.403313890,-96.40331389,0,No Special Jurisdiction,59,"Traffic Sign Support ",0,The First Harmful Event was Not a Collision with a Motor Vehicle in Transport,0,No,1,Non-Junction,1,Not an Intersection,0,None,,,8,Gore,1,Daylight,,,,,1,Clear,0,No,0000000,Not Applicable,99,Unknown,99,Unknown,99,Unknown EMS Scene Arrival Hour,99,Unknown EMS Scene Arrival Minutes,99,Unknown,99,Unknown EMS Hospital Arrival Time,,,,,,,1,
2023,40,400613,Oklahoma,2,2,0,0,0,5,5,97,MAYES (97),3855,PRYOR,17,17,11,November,2023,6,Friday,15,3:00pm-3:59pm,37,37,1,This Section IS ON the NHS,2,Urban,1,Interstate,1,State Highway Agency,2,U.S. Highway,US-69 S MILL ST,,0,None,36.28148889,36.28148889,-95.328433330,-95.32843333,0,No Special Jurisdiction,12,Motor Vehicle In-Transport,7,Sideswipe - Same Direction,0,No,1,Non-Junction,1,Not an Intersection,4,"Work Zone, Type Unknown",,,1,On Roadway,1,Daylight,,,,,1,Clear,0,No,0000000,Not Applicable,99,Unknown,99,Unknown,99,Unknown EMS Scene Arrival Hour,99,Unknown EMS Scene Arrival Minutes,99,Unknown,99,Unknown EMS Hospital Arrival Time,,,,,,,1,
2023,40,400614,Oklahoma,1,1,0,0,0,1,1,109,OKLAHOMA (109),3550,OKLAHOMA CITY,27,27,11,November,2023,2,Monday,21,9:00pm-9:59pm,15,15,0,This Section IS NOT on the NHS,6,Trafficway Not in State Inventory,96,Trafficway Not in State Inventory,96,Trafficway Not in State Inventory,96,Trafficway Not in State Inventory,NO NAME,,0,None,35.58121667,35.58121667,-97.635472220,-97.63547222,0,No Special Jurisdiction,33,Curb,0,The First Harmful Event was Not a Collision with a Motor Vehicle in Transport,0,No,1,Non-Junction,1,Not an Intersection,0,None,,,4,On Roadside,3,Dark - Lighted,,,,,10,Cloudy,0,No,0000000,Not Applicable,99,Unknown,99,Unknown,99,Unknown EMS Scene Arrival Hour,99,Unknown EMS Scene Arrival Minutes,99,Unknown,99,Unknown EMS Hospital Arrival Time,,,,,,,1,
2023,40,400615,Oklahoma,1,1,0,0,0,1,1,101,MUSKOGEE (101),3310,MUSKOGEE,27,27,11,November,2023,2,Monday,22,10:00pm-10:59pm,6,6,0,This Section IS NOT on the NHS,2,Urban,4,Minor Arterial,4,City or Municipal Highway Agency,0,Not Signed,E HANCOCK ST,,0,None,35.72619167,35.72619167,-95.328011110,-95.32801111,0,No Special Jurisdiction,32,Culvert,0,The First Harmful Event was Not a Collision with a Motor Vehicle in Transport,0,No,1,Non-Junction,1,Not an Intersection,0,None,,,4,On Roadside,2,Dark - Not Lighted,,,,,1,Clear,0,No,0000000,Not Applicable,99,Unknown,98,Unknown if Notified,99,Unknown EMS Scene Arrival Hour,98,Unknown if Arrived,88,"Not Applicable (Not Transported) ",88,Not Applicable (Not Transported),,,,,,,1,
2023,40,400616,Oklahoma,1,1,0,0,0,2,2,143,TULSA (143),590,BROKEN ARROW,7,7,6,June,2023,4,Wednesday,21,9:00pm-9:59pm,20,20,0,This Section IS NOT on the NHS,2,Urban,3,Other Principal Arterial,4,City or Municipal Highway Agency,0,Not Signed,W NEW ORLEANS ST,,0,None,36.01740000,36.01740000,-95.799302780,-95.79930278,0,No Special Jurisdiction,33,Curb,0,The First Harmful Event was Not a Collision with a Motor Vehicle in Transport,0,No,1,Non-Junction,1,Not an Intersection,0,None,,,3,On Median,2,Dark - Not Lighted,,,,,1,Clear,0,No,0000000,Not Applicable,99,Unknown,99,Unknown,99,Unknown EMS Scene Arrival Hour,99,Unknown EMS Scene Arrival Minutes,99,Unknown,99,Unknown EMS Hospital Arrival Time,,,,,,,2,
2023,40,400617,Oklahoma,1,1,0,0,0,1,1,69,JOHNSTON (69),4740,TISHOMINGO,1,1,12,December,2023,6,Friday,18,6:00pm-6:59pm,0,0,0,This Section IS NOT on the NHS,1,Rural,7,Local,4,City or Municipal Highway Agency,0,Not Signed,W RAY BRANUM RD,,0,None,34.23801944,34.23801944,-96.686280560,-96.68628056,0,No Special Jurisdiction,1,Rollover/Overturn,0,The First Harmful Event was Not a Collision with a Motor Vehicle in Transport,0,No,1,Non-Junction,1,Not an Intersection,0,None,,,4,On Roadside,2,Dark - Not Lighted,,,,,1,Clear,0,No,0000000,Not Applicable,99,Unknown,98,Unknown if Notified,99,Unknown EMS Scene Arrival Hour,98,Unknown if Arrived,88,"Not Applicable (Not Transported) ",88,Not Applicable (Not Transported),,,,,,,1,